network_id,fitting_id,fitting_classification,service_origin,pole_id,conduit_ids,trace_status,trace_note
LGTNET00001,LGTFIT00077,,unclassified_fitting,LGTLT00719,LGTCON02827,reachable,
LGTNET00001,LGTFIT00077,,unclassified_fitting,LGTLT00720,LGTCON02827;LGTCON02826,reachable,
LGTNET00001,LGTFIT00077,,unclassified_fitting,LGTLT00721,LGTCON02827;LGTCON02826;LGTCON02825,reachable,
LGTNET00001,LGTFIT00077,,unclassified_fitting,LGTLT00722,,unreachable,
LGTNET00001,LGTFIT00077,,unclassified_fitting,LGTLT00723,,unreachable,
LGTNET00003,LGTFIT00884,,unclassified_fitting,LGTLT00715,LGTCON02888;LGTCON02889;LGTCON02886;LGTCON02885;LGTCON02884;LGTCON02883,reachable,
LGTNET00003,LGTFIT00884,,unclassified_fitting,LGTLT00716,LGTCON02888;LGTCON02889;LGTCON02886;LGTCON02885;LGTCON02884,reachable,
LGTNET00003,LGTFIT00884,,unclassified_fitting,LGTLT00717,LGTCON02888;LGTCON02889;LGTCON02886;LGTCON02885,reachable,
LGTNET00003,LGTFIT00884,,unclassified_fitting,LGTLT00718,LGTCON02888;LGTCON02889;LGTCON02886,reachable,
LGTNET00003,LGTFIT00884,,unclassified_fitting,LGTLT02588,LGTCON02888;LGTCON02889,reachable,
LGTNET00004,LGTFIT00991,,unclassified_fitting,LGTLT00071,LGTCON03868;LGTCON03761;LGTCON03760;LGTCON03759,reachable,
LGTNET00004,LGTFIT00991,,unclassified_fitting,LGTLT00072,LGTCON03868;LGTCON03761;LGTCON03760,reachable,
LGTNET00004,LGTFIT00991,,unclassified_fitting,LGTLT00073,LGTCON03868;LGTCON03761,reachable,
LGTNET00004,LGTFIT00991,,unclassified_fitting,LGTLT00074,LGTCON03868,reachable,
LGTNET00004,LGTFIT00991,,unclassified_fitting,LGTLT00075,LGTCON03868;LGTCON03660;LGTCON03661;LGTCON03762,reachable,
LGTNET00004,LGTFIT00991,,unclassified_fitting,LGTLT02842,LGTCON03868;LGTCON03660;LGTCON03661,reachable,
LGTNET00004,LGTFIT00991,,unclassified_fitting,LGTLT02843,LGTCON03868;LGTCON03660,reachable,
LGTNET00004,LGTFIT00991,,unclassified_fitting,LGTLT05210,LGTCON03868;LGTCON03660;LGTCON03661;LGTCON03762;LGTCON04257;LGTCON04255;LGTCON04256,reachable,
LGTNET00004,LGTFIT00992,,unclassified_fitting,LGTLT00071,LGTCON03869;LGTCON03660;LGTCON03761;LGTCON03760;LGTCON03759,reachable,
LGTNET00004,LGTFIT00992,,unclassified_fitting,LGTLT00072,LGTCON03869;LGTCON03660;LGTCON03761;LGTCON03760,reachable,
LGTNET00004,LGTFIT00992,,unclassified_fitting,LGTLT00073,LGTCON03869;LGTCON03660;LGTCON03761,reachable,
LGTNET00004,LGTFIT00992,,unclassified_fitting,LGTLT00074,LGTCON03869;LGTCON03660,reachable,
LGTNET00004,LGTFIT00992,,unclassified_fitting,LGTLT00075,LGTCON03869;LGTCON03661;LGTCON03762,reachable,
LGTNET00004,LGTFIT00992,,unclassified_fitting,LGTLT02842,LGTCON03869;LGTCON03661,reachable,
LGTNET00004,LGTFIT00992,,unclassified_fitting,LGTLT02843,LGTCON03869,reachable,
LGTNET00004,LGTFIT00992,,unclassified_fitting,LGTLT05210,LGTCON03869;LGTCON03661;LGTCON03762;LGTCON04257;LGTCON04255;LGTCON04256,reachable,
LGTNET00005,LGTFIT00398,,unclassified_fitting,LGTLT02647,LGTCON00818;LGTCON03786;LGTCON00820,reachable,
LGTNET00005,LGTFIT00398,,unclassified_fitting,LGTLT02648,LGTCON00818;LGTCON00819,reachable,
LGTNET00006,LGTFIT00974,,unclassified_fitting,LGTLT00559,LGTCON03755;LGTCON02862;LGTCON02864,reachable,
LGTNET00006,LGTFIT00974,,unclassified_fitting,LGTLT00560,LGTCON03755;LGTCON02862,reachable,
LGTNET00006,LGTFIT00974,,unclassified_fitting,LGTLT00561,,unreachable,
LGTNET00006,LGTFIT00974,,unclassified_fitting,LGTLT00562,,unreachable,
LGTNET00006,LGTFIT00974,,unclassified_fitting,LGTLT00706,,unreachable,
LGTNET00006,LGTFIT00974,,unclassified_fitting,LGTLT00731,LGTCON03755;LGTCON02862;LGTCON02864;LGTCON02865;LGTCON02866;LGTCON02867,reachable,
LGTNET00006,LGTFIT00974,,unclassified_fitting,LGTLT00732,LGTCON03755;LGTCON02862;LGTCON02864;LGTCON02865;LGTCON02866,reachable,
LGTNET00006,LGTFIT00974,,unclassified_fitting,LGTLT00733,LGTCON03755;LGTCON02862;LGTCON02864;LGTCON02865,reachable,
LGTNET00006,LGTFIT00974,,unclassified_fitting,LGTLT02820,,unreachable,
LGTNET00006,LGTFIT00974,,unclassified_fitting,LGTLT05209,LGTCON03755;LGTCON03804,reachable,
LGTNET00007,LGTFIT00973,,unclassified_fitting,LGTLT00709,LGTCON03756;LGTCON03448;LGTCON02863;LGTCON02869,reachable,
LGTNET00007,LGTFIT00973,,unclassified_fitting,LGTLT00710,LGTCON03756;LGTCON03448;LGTCON02863;LGTCON02869;LGTCON02870,reachable,
LGTNET00007,LGTFIT00973,,unclassified_fitting,LGTLT00711,LGTCON03756;LGTCON03448;LGTCON02863;LGTCON02869;LGTCON02870;LGTCON02871,reachable,
LGTNET00007,LGTFIT00973,,unclassified_fitting,LGTLT00712,LGTCON03756;LGTCON03448;LGTCON02863;LGTCON02869;LGTCON02870;LGTCON02871;LGTCON02872,reachable,
LGTNET00007,LGTFIT00973,,unclassified_fitting,LGTLT02818,LGTCON03756;LGTCON03448,reachable,
LGTNET00007,LGTFIT00973,,unclassified_fitting,LGTLT02819,LGTCON03756;LGTCON03448;LGTCON02863,reachable,
LGTNET00007,LGTFIT00973,,unclassified_fitting,LGTLT05051,LGTCON03756;LGTCON04045;LGTCON04051,reachable,
LGTNET00007,LGTFIT00973,,unclassified_fitting,LGTLT05052,LGTCON03756;LGTCON04045;LGTCON04050;LGTCON04053,reachable,
LGTNET00007,LGTFIT01291,,unclassified_fitting,LGTLT00709,LGTCON04052;LGTCON04045;LGTCON03448;LGTCON02863;LGTCON02869,reachable,
LGTNET00007,LGTFIT01291,,unclassified_fitting,LGTLT00710,LGTCON04052;LGTCON04045;LGTCON03448;LGTCON02863;LGTCON02869;LGTCON02870,reachable,
LGTNET00007,LGTFIT01291,,unclassified_fitting,LGTLT00711,LGTCON04052;LGTCON04045;LGTCON03448;LGTCON02863;LGTCON02869;LGTCON02870;LGTCON02871,reachable,
LGTNET00007,LGTFIT01291,,unclassified_fitting,LGTLT00712,LGTCON04052;LGTCON04045;LGTCON03448;LGTCON02863;LGTCON02869;LGTCON02870;LGTCON02871;LGTCON02872,reachable,
LGTNET00007,LGTFIT01291,,unclassified_fitting,LGTLT02818,LGTCON04052;LGTCON04045;LGTCON03448,reachable,
LGTNET00007,LGTFIT01291,,unclassified_fitting,LGTLT02819,LGTCON04052;LGTCON04045;LGTCON03448;LGTCON02863,reachable,
LGTNET00007,LGTFIT01291,,unclassified_fitting,LGTLT05051,LGTCON04052;LGTCON04051,reachable,
LGTNET00007,LGTFIT01291,,unclassified_fitting,LGTLT05052,LGTCON04049;LGTCON04047;LGTCON04053,reachable,
LGTNET00007,LGTFIT01292,,unclassified_fitting,LGTLT00709,LGTCON04047;LGTCON04050;LGTCON04045;LGTCON03448;LGTCON02863;LGTCON02869,reachable,
LGTNET00007,LGTFIT01292,,unclassified_fitting,LGTLT00710,LGTCON04047;LGTCON04050;LGTCON04045;LGTCON03448;LGTCON02863;LGTCON02869;LGTCON02870,reachable,
LGTNET00007,LGTFIT01292,,unclassified_fitting,LGTLT00711,LGTCON04047;LGTCON04050;LGTCON04045;LGTCON03448;LGTCON02863;LGTCON02869;LGTCON02870;LGTCON02871,reachable,
LGTNET00007,LGTFIT01292,,unclassified_fitting,LGTLT00712,LGTCON04047;LGTCON04050;LGTCON04045;LGTCON03448;LGTCON02863;LGTCON02869;LGTCON02870;LGTCON02871;LGTCON02872,reachable,
LGTNET00007,LGTFIT01292,,unclassified_fitting,LGTLT02818,LGTCON04047;LGTCON04050;LGTCON04045;LGTCON03448,reachable,
LGTNET00007,LGTFIT01292,,unclassified_fitting,LGTLT02819,LGTCON04047;LGTCON04050;LGTCON04045;LGTCON03448;LGTCON02863,reachable,
LGTNET00007,LGTFIT01292,,unclassified_fitting,LGTLT05051,LGTCON04047;LGTCON04050;LGTCON04051,reachable,
LGTNET00007,LGTFIT01292,,unclassified_fitting,LGTLT05052,LGTCON04047;LGTCON04053,reachable,
LGTNET00008,LGTFIT00881,,unclassified_fitting,LGTLT00563,,unreachable,
LGTNET00008,LGTFIT00881,,unclassified_fitting,LGTLT00564,LGTCON02858;LGTCON04041,reachable,
LGTNET00008,LGTFIT00881,,unclassified_fitting,LGTLT00707,,unreachable,
LGTNET00008,LGTFIT00881,,unclassified_fitting,LGTLT00708,LGTCON02859;LGTCON02860;LGTCON02861,reachable,
LGTNET00008,LGTFIT00881,,unclassified_fitting,LGTLT05034,,unreachable,
LGTNET00008,LGTFIT00881,,unclassified_fitting,LGTLT05035,,unreachable,
LGTNET00008,LGTFIT00881,,unclassified_fitting,LGTLT05036,,unreachable,
LGTNET00008,LGTFIT00881,,unclassified_fitting,LGTLT05037,,unreachable,
LGTNET00008,LGTFIT00881,,unclassified_fitting,LGTLT05038,,unreachable,
LGTNET00008,LGTFIT00881,,unclassified_fitting,LGTLT05039,,unreachable,
LGTNET00008,LGTFIT00881,,unclassified_fitting,LGTLT05040,,unreachable,
LGTNET00009,LGTFIT00014,,unclassified_fitting,LGTLT00103,LGTCON03056;LGTCON03054,reachable,
LGTNET00009,LGTFIT00909,,unclassified_fitting,LGTLT00103,LGTCON03055;LGTCON03054,reachable,
LGTNET00010,LGTFIT00201,,unclassified_fitting,LGTLT01471,LGTCON02028;LGTCON02029;LGTCON02030,reachable,
LGTNET00010,LGTFIT00201,,unclassified_fitting,LGTLT01472,LGTCON02028;LGTCON02029,reachable,
LGTNET00010,LGTFIT00201,,unclassified_fitting,LGTLT01473,LGTCON02028,reachable,
LGTNET00010,LGTFIT00202,,unclassified_fitting,LGTLT01471,LGTCON02031,reachable,
LGTNET00010,LGTFIT00202,,unclassified_fitting,LGTLT01472,LGTCON02031;LGTCON02030,reachable,
LGTNET00010,LGTFIT00202,,unclassified_fitting,LGTLT01473,LGTCON02031;LGTCON02030;LGTCON02029,reachable,
LGTNET00011,LGTFIT00041,,unclassified_fitting,LGTLT01474,LGTCON02032,reachable,
LGTNET00011,LGTFIT00041,,unclassified_fitting,LGTLT01475,LGTCON02032;LGTCON02033,reachable,
LGTNET00011,LGTFIT00041,,unclassified_fitting,LGTLT01476,LGTCON02032;LGTCON02033;LGTCON02034,reachable,
LGTNET00011,LGTFIT00042,,unclassified_fitting,LGTLT01474,LGTCON02035;LGTCON02034;LGTCON02033,reachable,
LGTNET00011,LGTFIT00042,,unclassified_fitting,LGTLT01475,LGTCON02035;LGTCON02034,reachable,
LGTNET00011,LGTFIT00042,,unclassified_fitting,LGTLT01476,LGTCON02035,reachable,
LGTNET00011,LGTFIT01068,service_box,assumed,LGTLT01474,LGTCON02036,reachable,
LGTNET00011,LGTFIT01068,service_box,assumed,LGTLT01475,LGTCON02036;LGTCON02033,reachable,
LGTNET00011,LGTFIT01068,service_box,assumed,LGTLT01476,LGTCON02036;LGTCON02033;LGTCON02034,reachable,
LGTNET00012,LGTFIT00115,,unclassified_fitting,LGTLT00997,LGTCON02723;LGTCON02721;LGTCON02720;LGTCON03781;LGTCON02719;LGTCON01957,reachable,
LGTNET00012,LGTFIT00115,,unclassified_fitting,LGTLT00998,LGTCON02723;LGTCON02721;LGTCON02720;LGTCON03781;LGTCON02719,reachable,
LGTNET00012,LGTFIT00115,,unclassified_fitting,LGTLT00999,LGTCON02723;LGTCON02721;LGTCON02720;LGTCON03781,reachable,
LGTNET00012,LGTFIT00115,,unclassified_fitting,LGTLT01000,LGTCON02723;LGTCON02721;LGTCON02720,reachable,
LGTNET00012,LGTFIT00115,,unclassified_fitting,LGTLT01001,LGTCON02723,reachable,
LGTNET00012,LGTFIT00115,,unclassified_fitting,LGTLT01002,LGTCON02723;LGTCON02721;LGTCON02726,reachable,
LGTNET00012,LGTFIT00115,,unclassified_fitting,LGTLT01003,LGTCON02723;LGTCON02721;LGTCON02726;LGTCON02725,reachable,
LGTNET00012,LGTFIT00116,,unclassified_fitting,LGTLT00997,LGTCON02722;LGTCON02721;LGTCON02720;LGTCON03781;LGTCON02719;LGTCON01957,reachable,
LGTNET00012,LGTFIT00116,,unclassified_fitting,LGTLT00998,LGTCON02722;LGTCON02721;LGTCON02720;LGTCON03781;LGTCON02719,reachable,
LGTNET00012,LGTFIT00116,,unclassified_fitting,LGTLT00999,LGTCON02722;LGTCON02721;LGTCON02720;LGTCON03781,reachable,
LGTNET00012,LGTFIT00116,,unclassified_fitting,LGTLT01000,LGTCON02722;LGTCON02721;LGTCON02720,reachable,
LGTNET00012,LGTFIT00116,,unclassified_fitting,LGTLT01001,LGTCON02722,reachable,
LGTNET00012,LGTFIT00116,,unclassified_fitting,LGTLT01002,LGTCON02722;LGTCON02721;LGTCON02726,reachable,
LGTNET00012,LGTFIT00116,,unclassified_fitting,LGTLT01003,LGTCON02722;LGTCON02721;LGTCON02726;LGTCON02725,reachable,
LGTNET00013,LGTFIT00082,,unclassified_fitting,LGTLT01018,LGTCON02958,reachable,
LGTNET00013,LGTFIT00082,,unclassified_fitting,LGTLT01019,LGTCON02958;LGTCON02956;LGTCON02957,reachable,
LGTNET00013,LGTFIT00082,,unclassified_fitting,LGTLT01020,LGTCON02958;LGTCON02956;LGTCON02959;LGTCON02960,reachable,
LGTNET00013,LGTFIT00082,,unclassified_fitting,LGTLT01021,LGTCON02958;LGTCON02956;LGTCON02969,reachable,
LGTNET00013,LGTFIT00082,,unclassified_fitting,LGTLT01022,LGTCON02958;LGTCON02956;LGTCON02969;LGTCON02968,reachable,
LGTNET00013,LGTFIT00082,,unclassified_fitting,LGTLT01023,LGTCON02958;LGTCON02956;LGTCON02969;LGTCON02968;LGTCON02967,reachable,
LGTNET00013,LGTFIT00082,,unclassified_fitting,LGTLT01024,LGTCON02958;LGTCON02956;LGTCON02969;LGTCON02968;LGTCON02967;LGTCON02966;LGTCON02965,reachable,
LGTNET00013,LGTFIT00082,,unclassified_fitting,LGTLT01025,LGTCON02958;LGTCON02956;LGTCON02969;LGTCON02968;LGTCON02967;LGTCON02966;LGTCON02965;LGTCON02964;LGTCON02963,reachable,
LGTNET00013,LGTFIT00082,,unclassified_fitting,LGTLT01026,LGTCON02958;LGTCON02956;LGTCON02969;LGTCON02968;LGTCON02967;LGTCON02966;LGTCON02965;LGTCON02964;LGTCON02962,reachable,
LGTNET00013,LGTFIT00082,,unclassified_fitting,LGTLT01027,LGTCON02958;LGTCON02956;LGTCON02959;LGTCON02961,reachable,
LGTNET00013,LGTFIT00082,,unclassified_fitting,LGTLT01028,,unreachable,
LGTNET00013,LGTFIT00083,,unclassified_fitting,LGTLT01018,LGTCON02970;LGTCON02966;LGTCON02967;LGTCON02968;LGTCON02969;LGTCON02956,reachable,
LGTNET00013,LGTFIT00083,,unclassified_fitting,LGTLT01019,LGTCON02970;LGTCON02966;LGTCON02967;LGTCON02968;LGTCON02969;LGTCON02957,reachable,
LGTNET00013,LGTFIT00083,,unclassified_fitting,LGTLT01020,LGTCON02970;LGTCON02966;LGTCON02967;LGTCON02968;LGTCON02969;LGTCON02959;LGTCON02960,reachable,
LGTNET00013,LGTFIT00083,,unclassified_fitting,LGTLT01021,LGTCON02970;LGTCON02966;LGTCON02967;LGTCON02968,reachable,
LGTNET00013,LGTFIT00083,,unclassified_fitting,LGTLT01022,LGTCON02970;LGTCON02966;LGTCON02967,reachable,
LGTNET00013,LGTFIT00083,,unclassified_fitting,LGTLT01023,LGTCON02970;LGTCON02966,reachable,
LGTNET00013,LGTFIT00083,,unclassified_fitting,LGTLT01024,LGTCON02970;LGTCON02965,reachable,
LGTNET00013,LGTFIT00083,,unclassified_fitting,LGTLT01025,LGTCON02970;LGTCON02965;LGTCON02964;LGTCON02963,reachable,
LGTNET00013,LGTFIT00083,,unclassified_fitting,LGTLT01026,LGTCON02970;LGTCON02965;LGTCON02964;LGTCON02962,reachable,
LGTNET00013,LGTFIT00083,,unclassified_fitting,LGTLT01027,LGTCON02970;LGTCON02966;LGTCON02967;LGTCON02968;LGTCON02969;LGTCON02959;LGTCON02961,reachable,
LGTNET00013,LGTFIT00083,,unclassified_fitting,LGTLT01028,,unreachable,
LGTNET00014,LGTFIT00064,,unclassified_fitting,LGTLT01304,LGTCON01955;LGTCON01956;LGTCON01959;LGTCON01961;LGTCON01963;LGTCON01969;LGTCON01968,reachable,
LGTNET00014,LGTFIT00064,,unclassified_fitting,LGTLT01305,LGTCON01955;LGTCON01956;LGTCON01959;LGTCON01961;LGTCON01963;LGTCON01969;LGTCON01971,reachable,
LGTNET00014,LGTFIT00064,,unclassified_fitting,LGTLT01306,LGTCON01955;LGTCON01956;LGTCON01959;LGTCON01961;LGTCON01963;LGTCON01969;LGTCON01971;LGTCON01973;LGTCON01972,reachable,
LGTNET00014,LGTFIT00064,,unclassified_fitting,LGTLT01307,LGTCON01955;LGTCON01956;LGTCON01959;LGTCON01961;LGTCON01963;LGTCON01969;LGTCON01971;LGTCON01973;LGTCON01974,reachable,
LGTNET00014,LGTFIT00064,,unclassified_fitting,LGTLT01308,LGTCON01955;LGTCON01956;LGTCON01959;LGTCON01961;LGTCON01963;LGTCON01962;LGTCON01964;LGTCON01966;LGTCON01975;LGTCON01976;LGTCON01977,reachable,
LGTNET00014,LGTFIT00064,,unclassified_fitting,LGTLT01309,LGTCON01955;LGTCON01956;LGTCON01959;LGTCON01961;LGTCON01963;LGTCON01962;LGTCON01964;LGTCON01966;LGTCON01975,reachable,
LGTNET00014,LGTFIT00064,,unclassified_fitting,LGTLT01310,LGTCON01955;LGTCON01956;LGTCON01959;LGTCON01961;LGTCON01963;LGTCON01962;LGTCON01964;LGTCON01966;LGTCON01965,reachable,
LGTNET00014,LGTFIT00064,,unclassified_fitting,LGTLT01311,LGTCON01955;LGTCON01956;LGTCON01959;LGTCON01961;LGTCON01963;LGTCON01962;LGTCON01964,reachable,
LGTNET00014,LGTFIT00064,,unclassified_fitting,LGTLT01312,LGTCON01955;LGTCON01956;LGTCON01959;LGTCON01961;LGTCON01963;LGTCON01962,reachable,
LGTNET00014,LGTFIT00064,,unclassified_fitting,LGTLT01313,LGTCON01955;LGTCON01956;LGTCON01959;LGTCON01961,reachable,
LGTNET00014,LGTFIT00064,,unclassified_fitting,LGTLT01314,LGTCON01955;LGTCON01956;LGTCON01959;LGTCON01960,reachable,
LGTNET00014,LGTFIT00064,,unclassified_fitting,LGTLT01315,LGTCON01955;LGTCON01956,reachable,
LGTNET00014,LGTFIT00064,,unclassified_fitting,LGTLT01316,LGTCON01955,reachable,
LGTNET00014,LGTFIT00064,,unclassified_fitting,LGTLT01317,LGTCON01955;LGTCON01956;LGTCON01959;LGTCON01961;LGTCON01963;LGTCON01962;LGTCON01964;LGTCON01966;LGTCON01967,reachable,
LGTNET00014,LGTFIT00064,,unclassified_fitting,LGTLT01322,LGTCON01955;LGTCON01956;LGTCON01959;LGTCON01958,reachable,
LGTNET00014,LGTFIT00065,,unclassified_fitting,LGTLT01304,LGTCON01978;LGTCON01972;LGTCON01973;LGTCON01971;LGTCON01968,reachable,
LGTNET00014,LGTFIT00065,,unclassified_fitting,LGTLT01305,LGTCON01978;LGTCON01972;LGTCON01973,reachable,
LGTNET00014,LGTFIT00065,,unclassified_fitting,LGTLT01306,LGTCON01978,reachable,
LGTNET00014,LGTFIT00065,,unclassified_fitting,LGTLT01307,LGTCON01978;LGTCON01972;LGTCON01974,reachable,
LGTNET00014,LGTFIT00065,,unclassified_fitting,LGTLT01308,LGTCON01978;LGTCON01972;LGTCON01973;LGTCON01971;LGTCON01969;LGTCON01962;LGTCON01964;LGTCON01966;LGTCON01975;LGTCON01976;LGTCON01977,reachable,
LGTNET00014,LGTFIT00065,,unclassified_fitting,LGTLT01309,LGTCON01978;LGTCON01972;LGTCON01973;LGTCON01971;LGTCON01969;LGTCON01962;LGTCON01964;LGTCON01966;LGTCON01975,reachable,
LGTNET00014,LGTFIT00065,,unclassified_fitting,LGTLT01310,LGTCON01978;LGTCON01972;LGTCON01973;LGTCON01971;LGTCON01969;LGTCON01962;LGTCON01964;LGTCON01966;LGTCON01965,reachable,
LGTNET00014,LGTFIT00065,,unclassified_fitting,LGTLT01311,LGTCON01978;LGTCON01972;LGTCON01973;LGTCON01971;LGTCON01969;LGTCON01962;LGTCON01964,reachable,
LGTNET00014,LGTFIT00065,,unclassified_fitting,LGTLT01312,LGTCON01978;LGTCON01972;LGTCON01973;LGTCON01971;LGTCON01969;LGTCON01962,reachable,
LGTNET00014,LGTFIT00065,,unclassified_fitting,LGTLT01313,LGTCON01978;LGTCON01972;LGTCON01973;LGTCON01971;LGTCON01969;LGTCON01963,reachable,
LGTNET00014,LGTFIT00065,,unclassified_fitting,LGTLT01314,LGTCON01978;LGTCON01972;LGTCON01973;LGTCON01971;LGTCON01969;LGTCON01963;LGTCON01961;LGTCON01960,reachable,
LGTNET00014,LGTFIT00065,,unclassified_fitting,LGTLT01315,LGTCON01978;LGTCON01972;LGTCON01973;LGTCON01971;LGTCON01969;LGTCON01963;LGTCON01961;LGTCON01959,reachable,
LGTNET00014,LGTFIT00065,,unclassified_fitting,LGTLT01316,LGTCON01978;LGTCON01972;LGTCON01973;LGTCON01971;LGTCON01969;LGTCON01963;LGTCON01961;LGTCON01959;LGTCON01956,reachable,
LGTNET00014,LGTFIT00065,,unclassified_fitting,LGTLT01317,LGTCON01978;LGTCON01972;LGTCON01973;LGTCON01971;LGTCON01969;LGTCON01962;LGTCON01964;LGTCON01966;LGTCON01967,reachable,
LGTNET00014,LGTFIT00065,,unclassified_fitting,LGTLT01322,LGTCON01978;LGTCON01972;LGTCON01973;LGTCON01971;LGTCON01969;LGTCON01963;LGTCON01961;LGTCON01958,reachable,
LGTNET00015,LGTFIT00889,,unclassified_fitting,LGTLT01318,LGTCON02952;LGTCON02953;LGTCON02954;LGTCON02955,reachable,
LGTNET00015,LGTFIT00889,,unclassified_fitting,LGTLT01319,LGTCON02952;LGTCON02953;LGTCON02954,reachable,
LGTNET00015,LGTFIT00889,,unclassified_fitting,LGTLT01320,LGTCON02952;LGTCON02953,reachable,
LGTNET00015,LGTFIT00889,,unclassified_fitting,LGTLT01321,LGTCON02952,reachable,
LGTNET00016,LGTFIT00451,,unclassified_fitting,LGTLT00603,LGTCON00899;LGTCON00897;LGTCON00946;LGTCON00892;LGTCON00890,reachable,
LGTNET00016,LGTFIT00451,,unclassified_fitting,LGTLT00604,LGTCON00899;LGTCON00897;LGTCON00946,reachable,
LGTNET00016,LGTFIT00451,,unclassified_fitting,LGTLT00605,LGTCON00899,reachable,
LGTNET00016,LGTFIT00451,,unclassified_fitting,LGTLT00606,LGTCON00900,reachable,
LGTNET00016,LGTFIT00451,,unclassified_fitting,LGTLT00607,LGTCON00899;LGTCON00897;LGTCON00895,reachable,
LGTNET00016,LGTFIT00451,,unclassified_fitting,LGTLT00608,LGTCON00899;LGTCON00897;LGTCON00946;LGTCON00892;LGTCON00891,reachable,
LGTNET00016,LGTFIT00451,,unclassified_fitting,LGTLT02817,,unreachable,
LGTNET00017,LGTFIT00918,,unclassified_fitting,LGTLT00597,LGTCON03143;LGTCON03142;LGTCON03140,reachable,
LGTNET00017,LGTFIT00918,,unclassified_fitting,LGTLT00598,LGTCON03143;LGTCON03145;LGTCON03147,reachable,
LGTNET00017,LGTFIT00918,,unclassified_fitting,LGTLT00600,LGTCON03143;LGTCON03145;LGTCON03146,reachable,
LGTNET00017,LGTFIT00918,,unclassified_fitting,LGTLT00601,LGTCON03143;LGTCON03142;LGTCON03141,reachable,
LGTNET00017,LGTFIT00918,,unclassified_fitting,LGTLT00602,LGTCON03143;LGTCON03142;LGTCON03140;LGTCON03139;LGTCON03138,reachable,
LGTNET00019,LGTFIT00084,,unclassified_fitting,LGTLT01014,LGTCON02944;LGTCON02971;LGTCON02972;LGTCON02973,reachable,
LGTNET00019,LGTFIT00084,,unclassified_fitting,LGTLT01015,LGTCON02944;LGTCON02971;LGTCON02972,reachable,
LGTNET00019,LGTFIT00084,,unclassified_fitting,LGTLT01016,LGTCON02944;LGTCON02971,reachable,
LGTNET00019,LGTFIT00084,,unclassified_fitting,LGTLT01017,LGTCON02944,reachable,
LGTNET00020,LGTFIT00980,,unclassified_fitting,LGTLT00599,LGTCON03674,reachable,
LGTNET00020,LGTFIT00980,,unclassified_fitting,LGTLT02712,,unreachable,
LGTNET00020,LGTFIT00980,,unclassified_fitting,LGTLT02713,,unreachable,
LGTNET00020,LGTFIT00980,,unclassified_fitting,LGTLT02714,,unreachable,
LGTNET00021,LGTFIT00096,,unclassified_fitting,LGTLT02682,LGTCON03110,reachable,
LGTNET00021,LGTFIT01218,service_box,assumed,LGTLT02682,LGTCON03109,reachable,
LGTNET00022,LGTFIT01207,service_box,assumed,LGTLT00574,LGTCON00530,reachable,
LGTNET00022,LGTFIT01207,service_box,assumed,LGTLT00575,LGTCON00530;LGTCON00531,reachable,
LGTNET00022,LGTFIT01207,service_box,assumed,LGTLT05275,LGTCON00530;LGTCON04393;LGTCON04392,reachable,
LGTNET00022,LGTFIT01207,service_box,assumed,LGTLT05276,LGTCON00530;LGTCON04393;LGTCON04392;LGTCON04390;LGTCON04389,reachable,
LGTNET00022,LGTFIT01207,service_box,assumed,LGTLT05277,LGTCON00530;LGTCON04393;LGTCON04392;LGTCON04390,reachable,
LGTNET00022,LGTFIT01441,,unclassified_fitting,LGTLT00574,LGTCON04388;LGTCON04389;LGTCON04390;LGTCON04392;LGTCON04393,reachable,
LGTNET00022,LGTFIT01441,,unclassified_fitting,LGTLT00575,LGTCON04388;LGTCON04389;LGTCON04390;LGTCON04392;LGTCON04393;LGTCON00531,reachable,
LGTNET00022,LGTFIT01441,,unclassified_fitting,LGTLT05275,LGTCON04388;LGTCON04389;LGTCON04390,reachable,
LGTNET00022,LGTFIT01441,,unclassified_fitting,LGTLT05276,LGTCON04388,reachable,
LGTNET00022,LGTFIT01441,,unclassified_fitting,LGTLT05277,LGTCON04388;LGTCON04389,reachable,
LGTNET00022,LGTFIT01443,,unclassified_fitting,LGTLT00574,LGTCON04391;LGTCON04393,reachable,
LGTNET00022,LGTFIT01443,,unclassified_fitting,LGTLT00575,LGTCON04391;LGTCON04393;LGTCON00531,reachable,
LGTNET00022,LGTFIT01443,,unclassified_fitting,LGTLT05275,LGTCON04391;LGTCON04392,reachable,
LGTNET00022,LGTFIT01443,,unclassified_fitting,LGTLT05276,LGTCON04391;LGTCON04392;LGTCON04390;LGTCON04389,reachable,
LGTNET00022,LGTFIT01443,,unclassified_fitting,LGTLT05277,LGTCON04391;LGTCON04392;LGTCON04390,reachable,
LGTNET00023,LGTFIT01208,service_box,assumed,LGTLT00568,LGTCON00534,reachable,
LGTNET00023,LGTFIT01208,service_box,assumed,LGTLT00569,LGTCON00534;LGTCON00533,reachable,
LGTNET00023,LGTFIT01208,service_box,assumed,LGTLT00570,LGTCON00534;LGTCON00533;LGTCON00532,reachable,
LGTNET00024,LGTFIT00075,,unclassified_fitting,LGTLT01012,LGTCON02822,reachable,
LGTNET00024,LGTFIT00075,,unclassified_fitting,LGTLT01013,LGTCON02822;LGTCON02823,reachable,
LGTNET00025,LGTFIT00142,,unclassified_fitting,LGTLT02603,LGTCON03007;LGTCON03006,reachable,
LGTNET00025,LGTFIT00142,,unclassified_fitting,LGTLT02604,LGTCON03007,reachable,
LGTNET00025,LGTFIT00143,,unclassified_fitting,LGTLT02603,LGTCON03005,reachable,
LGTNET00025,LGTFIT00143,,unclassified_fitting,LGTLT02604,LGTCON03005;LGTCON03006,reachable,
LGTNET00026,LGTFIT00144,,unclassified_fitting,LGTLT00104,LGTCON03004;LGTCON03001,reachable,
LGTNET00026,LGTFIT00144,,unclassified_fitting,LGTLT00105,LGTCON03004,reachable,
LGTNET00027,LGTFIT00897,,unclassified_fitting,LGTLT00988,LGTCON01803;LGTCON01805,reachable,
LGTNET00027,LGTFIT00897,,unclassified_fitting,LGTLT00989,LGTCON01803,reachable,
LGTNET00027,LGTFIT00897,,unclassified_fitting,LGTLT00990,LGTCON03003,reachable,
LGTNET00028,LGTFIT00122,,unclassified_fitting,LGTLT01485,LGTCON03335,reachable,
LGTNET00028,LGTFIT00123,,unclassified_fitting,LGTLT01485,LGTCON03337;LGTCON03336,reachable,
LGTNET00029,LGTFIT00085,,unclassified_fitting,LGTLT00080,LGTCON02977,reachable,
LGTNET00029,LGTFIT00085,,unclassified_fitting,LGTLT00081,LGTCON02977;LGTCON02974,reachable,
LGTNET00029,LGTFIT00085,,unclassified_fitting,LGTLT00082,LGTCON02977;LGTCON02974;LGTCON02975,reachable,
LGTNET00029,LGTFIT00085,,unclassified_fitting,LGTLT00083,LGTCON02977;LGTCON02974;LGTCON02975;LGTCON02976,reachable,
LGTNET00030,LGTFIT00157,,unclassified_fitting,LGTLT01137,LGTCON02612,reachable,
LGTNET00030,LGTFIT00157,,unclassified_fitting,LGTLT01138,LGTCON02612;LGTCON02613,reachable,
LGTNET00030,LGTFIT00158,,unclassified_fitting,LGTLT01137,LGTCON02614;LGTCON02613,reachable,
LGTNET00030,LGTFIT00158,,unclassified_fitting,LGTLT01138,LGTCON02614,reachable,
LGTNET00031,LGTFIT00969,,unclassified_fitting,LGTLT02744,LGTCON03597,reachable,
LGTNET00031,LGTFIT00969,,unclassified_fitting,LGTLT02745,,unreachable,
LGTNET00032,LGTFIT00039,,unclassified_fitting,LGTLT02179,LGTCON00842;LGTCON00841;LGTCON00840,reachable,
LGTNET00032,LGTFIT00039,,unclassified_fitting,LGTLT02180,LGTCON00842;LGTCON00841,reachable,
LGTNET00032,LGTFIT00039,,unclassified_fitting,LGTLT02181,LGTCON00842,reachable,
LGTNET00032,LGTFIT00039,,unclassified_fitting,LGTLT02612,LGTCON00842;LGTCON00841;LGTCON00843,reachable,
LGTNET00032,LGTFIT00401,,unclassified_fitting,LGTLT02179,LGTCON00844;LGTCON00843;LGTCON00840,reachable,
LGTNET00032,LGTFIT00401,,unclassified_fitting,LGTLT02180,LGTCON00844;LGTCON00843,reachable,
LGTNET00032,LGTFIT00401,,unclassified_fitting,LGTLT02181,LGTCON00844;LGTCON00843;LGTCON00841,reachable,
LGTNET00032,LGTFIT00401,,unclassified_fitting,LGTLT02612,LGTCON00844,reachable,
LGTNET00033,LGTFIT00102,,unclassified_fitting,LGTLT00701,LGTCON01373,reachable,
LGTNET00034,LGTFIT00365,,unclassified_fitting,LGTLT00702,LGTCON00322,reachable,
LGTNET00034,LGTFIT00365,,unclassified_fitting,LGTLT00703,LGTCON00322;LGTCON00323,reachable,
LGTNET00034,LGTFIT00365,,unclassified_fitting,LGTLT00704,LGTCON00321,reachable,
LGTNET00034,LGTFIT00365,,unclassified_fitting,LGTLT00705,LGTCON00320,reachable,
LGTNET00035,LGTFIT00366,,unclassified_fitting,LGTLT02308,,unreachable,
LGTNET00035,LGTFIT00366,,unclassified_fitting,LGTLT02309,LGTCON00337,reachable,
LGTNET00035,LGTFIT00366,,unclassified_fitting,LGTLT02310,,unreachable,
LGTNET00035,LGTFIT00366,,unclassified_fitting,LGTLT02311,,unreachable,
LGTNET00035,LGTFIT00366,,unclassified_fitting,LGTLT02312,,unreachable,
LGTNET00035,LGTFIT00366,,unclassified_fitting,LGTLT02809,LGTCON00336;LGTCON00333,reachable,
LGTNET00035,LGTFIT01196,,unclassified_fitting,LGTLT02308,,unreachable,
LGTNET00035,LGTFIT01196,,unclassified_fitting,LGTLT02309,,unreachable,
LGTNET00035,LGTFIT01196,,unclassified_fitting,LGTLT02310,LGTCON00338,reachable,
LGTNET00035,LGTFIT01196,,unclassified_fitting,LGTLT02311,LGTCON00338;LGTCON00335,reachable,
LGTNET00035,LGTFIT01196,,unclassified_fitting,LGTLT02312,,unreachable,
LGTNET00035,LGTFIT01196,,unclassified_fitting,LGTLT02809,,unreachable,
LGTNET00038,LGTFIT00929,,unclassified_fitting,LGTLT00850,LGTCON03194;LGTCON03193;LGTCON03192,reachable,
LGTNET00038,LGTFIT00929,,unclassified_fitting,LGTLT00851,LGTCON03194;LGTCON03193,reachable,
LGTNET00038,LGTFIT00929,,unclassified_fitting,LGTLT00852,LGTCON03194,reachable,
LGTNET00038,LGTFIT00929,,unclassified_fitting,LGTLT00853,LGTCON03195,reachable,
LGTNET00038,LGTFIT00929,,unclassified_fitting,LGTLT00857,,unreachable,
LGTNET00038,LGTFIT00929,,unclassified_fitting,LGTLT00858,,unreachable,
LGTNET00038,LGTFIT00929,,unclassified_fitting,LGTLT02840,LGTCON03195;LGTCON03196,reachable,
LGTNET00038,LGTFIT00929,,unclassified_fitting,LGTLT04950,,unreachable,
LGTNET00038,LGTFIT00929,,unclassified_fitting,LGTLT04951,,unreachable,
LGTNET00038,LGTFIT00929,,unclassified_fitting,LGTLT04952,,unreachable,
LGTNET00038,LGTFIT00929,,unclassified_fitting,LGTLT04953,,unreachable,
LGTNET00038,LGTFIT00929,,unclassified_fitting,LGTLT04954,,unreachable,
LGTNET00038,LGTFIT00929,,unclassified_fitting,LGTLT04955,,unreachable,
LGTNET00038,LGTFIT00929,,unclassified_fitting,LGTLT04956,,unreachable,
LGTNET00038,LGTFIT00929,,unclassified_fitting,LGTLT04957,,unreachable,
LGTNET00038,LGTFIT01259,,unclassified_fitting,LGTLT00850,,unreachable,
LGTNET00038,LGTFIT01259,,unclassified_fitting,LGTLT00851,,unreachable,
LGTNET00038,LGTFIT01259,,unclassified_fitting,LGTLT00852,,unreachable,
LGTNET00038,LGTFIT01259,,unclassified_fitting,LGTLT00853,,unreachable,
LGTNET00038,LGTFIT01259,,unclassified_fitting,LGTLT00857,LGTCON03948;LGTCON03950;LGTCON03947;LGTCON03941;LGTCON03942;LGTCON03943;LGTCON03944;LGTCON03202,reachable,
LGTNET00038,LGTFIT01259,,unclassified_fitting,LGTLT00858,LGTCON03948;LGTCON03950;LGTCON03947;LGTCON03941;LGTCON03942;LGTCON03943;LGTCON03944;LGTCON03202;LGTCON03203,reachable,
LGTNET00038,LGTFIT01259,,unclassified_fitting,LGTLT02840,,unreachable,
LGTNET00038,LGTFIT01259,,unclassified_fitting,LGTLT04950,LGTCON03948;LGTCON03950;LGTCON03947;LGTCON03941;LGTCON03942,reachable,
LGTNET00038,LGTFIT01259,,unclassified_fitting,LGTLT04951,LGTCON03948;LGTCON03950;LGTCON03947;LGTCON03941,reachable,
LGTNET00038,LGTFIT01259,,unclassified_fitting,LGTLT04952,LGTCON03948;LGTCON03950;LGTCON03947;LGTCON03941;LGTCON03942;LGTCON03943,reachable,
LGTNET00038,LGTFIT01259,,unclassified_fitting,LGTLT04953,LGTCON03948;LGTCON03950,reachable,
LGTNET00038,LGTFIT01259,,unclassified_fitting,LGTLT04954,LGTCON03948,reachable,
LGTNET00038,LGTFIT01259,,unclassified_fitting,LGTLT04955,,unreachable,
LGTNET00038,LGTFIT01259,,unclassified_fitting,LGTLT04956,,unreachable,
LGTNET00038,LGTFIT01259,,unclassified_fitting,LGTLT04957,,unreachable,
LGTNET00038,LGTFIT01260,,unclassified_fitting,LGTLT00850,,unreachable,
LGTNET00038,LGTFIT01260,,unclassified_fitting,LGTLT00851,,unreachable,
LGTNET00038,LGTFIT01260,,unclassified_fitting,LGTLT00852,,unreachable,
LGTNET00038,LGTFIT01260,,unclassified_fitting,LGTLT00853,,unreachable,
LGTNET00038,LGTFIT01260,,unclassified_fitting,LGTLT00857,,unreachable,
LGTNET00038,LGTFIT01260,,unclassified_fitting,LGTLT00858,,unreachable,
LGTNET00038,LGTFIT01260,,unclassified_fitting,LGTLT02840,,unreachable,
LGTNET00038,LGTFIT01260,,unclassified_fitting,LGTLT04950,,unreachable,
LGTNET00038,LGTFIT01260,,unclassified_fitting,LGTLT04951,,unreachable,
LGTNET00038,LGTFIT01260,,unclassified_fitting,LGTLT04952,,unreachable,
LGTNET00038,LGTFIT01260,,unclassified_fitting,LGTLT04953,,unreachable,
LGTNET00038,LGTFIT01260,,unclassified_fitting,LGTLT04954,,unreachable,
LGTNET00038,LGTFIT01260,,unclassified_fitting,LGTLT04955,LGTCON03951;LGTCON03945;LGTCON03946,reachable,
LGTNET00038,LGTFIT01260,,unclassified_fitting,LGTLT04956,LGTCON03951;LGTCON03945,reachable,
LGTNET00038,LGTFIT01260,,unclassified_fitting,LGTLT04957,LGTCON03951,reachable,
LGTNET00040,LGTFIT00938,,unclassified_fitting,LGTLT00565,,unreachable,
LGTNET00040,LGTFIT00938,,unclassified_fitting,LGTLT00566,,unreachable,
LGTNET00040,LGTFIT00938,,unclassified_fitting,LGTLT00567,,unreachable,
LGTNET00040,LGTFIT00938,,unclassified_fitting,LGTLT00571,,unreachable,
LGTNET00040,LGTFIT00938,,unclassified_fitting,LGTLT00572,,unreachable,
LGTNET00040,LGTFIT00938,,unclassified_fitting,LGTLT00573,,unreachable,
LGTNET00040,LGTFIT00938,,unclassified_fitting,LGTLT00576,,unreachable,
LGTNET00040,LGTFIT00938,,unclassified_fitting,LGTLT00577,,unreachable,
LGTNET00040,LGTFIT00938,,unclassified_fitting,LGTLT00578,,unreachable,
LGTNET00040,LGTFIT00938,,unclassified_fitting,LGTLT00867,,unreachable,
LGTNET00040,LGTFIT00938,,unclassified_fitting,LGTLT00868,,unreachable,
LGTNET00040,LGTFIT00938,,unclassified_fitting,LGTLT00870,LGTCON03262,reachable,
LGTNET00040,LGTFIT00938,,unclassified_fitting,LGTLT00871,LGTCON03262;LGTCON03265;LGTCON03789,reachable,
LGTNET00040,LGTFIT00938,,unclassified_fitting,LGTLT00872,LGTCON03262;LGTCON03265;LGTCON03789;LGTCON03266,reachable,
LGTNET00040,LGTFIT00938,,unclassified_fitting,LGTLT00873,LGTCON03262;LGTCON03265;LGTCON03789;LGTCON03266;LGTCON03268;LGTCON03267,reachable,
LGTNET00040,LGTFIT00938,,unclassified_fitting,LGTLT00874,LGTCON03262;LGTCON03265;LGTCON03789;LGTCON03266;LGTCON03268;LGTCON03267;LGTCON03274,reachable,
LGTNET00040,LGTFIT00938,,unclassified_fitting,LGTLT00875,LGTCON03262;LGTCON03265;LGTCON03789;LGTCON03266;LGTCON03268;LGTCON03267;LGTCON03274;LGTCON03275,reachable,
LGTNET00040,LGTFIT00938,,unclassified_fitting,LGTLT00876,LGTCON03262;LGTCON03265;LGTCON03789;LGTCON03266;LGTCON03268;LGTCON03267;LGTCON03274;LGTCON03275;LGTCON01881;LGTCON03276,reachable,
LGTNET00040,LGTFIT00938,,unclassified_fitting,LGTLT00878,LGTCON03262;LGTCON03265;LGTCON03789;LGTCON03266;LGTCON03268;LGTCON03267;LGTCON03274;LGTCON03275;LGTCON01881;LGTCON03276;LGTCON01880;LGTCON04533;LGTCON01879,reachable,
LGTNET00040,LGTFIT00938,,unclassified_fitting,LGTLT04964,,unreachable,
LGTNET00040,LGTFIT00938,,unclassified_fitting,LGTLT04965,,unreachable,
LGTNET00040,LGTFIT00938,,unclassified_fitting,LGTLT04966,,unreachable,
LGTNET00040,LGTFIT00938,,unclassified_fitting,LGTLT05279,,unreachable,
LGTNET00040,LGTFIT00938,,unclassified_fitting,LGTLT05280,,unreachable,
LGTNET00040,LGTFIT00938,,unclassified_fitting,LGTLT05281,,unreachable,
LGTNET00040,LGTFIT00938,,unclassified_fitting,LGTLT05282,,unreachable,
LGTNET00040,LGTFIT00938,,unclassified_fitting,LGTLT05283,,unreachable,
LGTNET00040,LGTFIT00938,,unclassified_fitting,LGTLT05284,,unreachable,
LGTNET00040,LGTFIT00938,,unclassified_fitting,LGTLT05285,,unreachable,
LGTNET00040,LGTFIT00938,,unclassified_fitting,LGTLT05286,,unreachable,
LGTNET00040,LGTFIT00938,,unclassified_fitting,LGTLT05287,,unreachable,
LGTNET00040,LGTFIT00938,,unclassified_fitting,LGTLT05288,,unreachable,
LGTNET00040,LGTFIT00938,,unclassified_fitting,LGTLT05289,,unreachable,
LGTNET00040,LGTFIT01451,,unclassified_fitting,LGTLT00565,LGTCON04403;LGTCON04404;LGTCON04414;LGTCON04416;LGTCON04410;LGTCON04408;LGTCON04407;LGTCON04406;LGTCON04405;LGTCON04397;LGTCON04402;LGTCON04401;LGTCON04400;LGTCON04399;LGTCON04398;LGTCON03964;LGTCON03961;LGTCON03960;LGTCON03959;LGTCON03234;LGTCON03235;LGTCON03236;LGTCON03241,reachable,
LGTNET00040,LGTFIT01451,,unclassified_fitting,LGTLT00566,LGTCON04403;LGTCON04404;LGTCON04414;LGTCON04416;LGTCON04410;LGTCON04408;LGTCON04407;LGTCON04406;LGTCON04405;LGTCON04397;LGTCON04402;LGTCON04401;LGTCON04400;LGTCON04399;LGTCON04398;LGTCON03964;LGTCON03961;LGTCON03960;LGTCON03959;LGTCON03234;LGTCON03235;LGTCON03236;LGTCON03241;LGTCON03240,reachable,
LGTNET00040,LGTFIT01451,,unclassified_fitting,LGTLT00567,LGTCON04403;LGTCON04404;LGTCON04414;LGTCON04416;LGTCON04410;LGTCON04408;LGTCON04407;LGTCON04406;LGTCON04405;LGTCON04397;LGTCON04402;LGTCON04401;LGTCON04400;LGTCON04399;LGTCON04398;LGTCON03964;LGTCON03961;LGTCON03960;LGTCON03959;LGTCON03234;LGTCON03235;LGTCON03236;LGTCON03241;LGTCON03240;LGTCON03242,reachable,
LGTNET00040,LGTFIT01451,,unclassified_fitting,LGTLT00571,LGTCON04403;LGTCON04404;LGTCON04414;LGTCON04416;LGTCON04410;LGTCON04408;LGTCON04407;LGTCON04406;LGTCON04405;LGTCON04397;LGTCON04402;LGTCON04401;LGTCON04400;LGTCON04399;LGTCON04398;LGTCON03964;LGTCON03961;LGTCON03960;LGTCON03959;LGTCON03234;LGTCON03235;LGTCON03236;LGTCON03241;LGTCON03240;LGTCON03242;LGTCON03243;LGTCON03244,reachable,
LGTNET00040,LGTFIT01451,,unclassified_fitting,LGTLT00572,LGTCON04403;LGTCON04404;LGTCON04414;LGTCON04416;LGTCON04410;LGTCON04408;LGTCON04407;LGTCON04406;LGTCON04405;LGTCON04397;LGTCON04402;LGTCON04401;LGTCON04400;LGTCON04399;LGTCON04398;LGTCON03964;LGTCON03961;LGTCON03960;LGTCON03959;LGTCON03234;LGTCON03235;LGTCON03236;LGTCON03241;LGTCON03240;LGTCON03242;LGTCON03243;LGTCON03244;LGTCON03246,reachable,
LGTNET00040,LGTFIT01451,,unclassified_fitting,LGTLT00573,LGTCON04403;LGTCON04404;LGTCON04414;LGTCON04416;LGTCON04410;LGTCON04408;LGTCON04407;LGTCON04406;LGTCON04405;LGTCON04397;LGTCON04402;LGTCON04401;LGTCON04400;LGTCON04399;LGTCON04398;LGTCON03964;LGTCON03961;LGTCON03960;LGTCON03959;LGTCON03234;LGTCON03235;LGTCON03236;LGTCON03241;LGTCON03240;LGTCON03242;LGTCON03243;LGTCON03244;LGTCON03246;LGTCON03245,reachable,
LGTNET00040,LGTFIT01451,,unclassified_fitting,LGTLT00576,LGTCON04403;LGTCON04404;LGTCON04414;LGTCON04416;LGTCON04410;LGTCON04408;LGTCON04407;LGTCON04406;LGTCON04405;LGTCON04397;LGTCON04402;LGTCON04401;LGTCON04400;LGTCON04399;LGTCON04398;LGTCON03964;LGTCON03961;LGTCON03960;LGTCON03959;LGTCON03234;LGTCON03235;LGTCON03236;LGTCON03241;LGTCON03240;LGTCON03242;LGTCON03243;LGTCON03244;LGTCON03246;LGTCON03245;LGTCON03250;LGTCON03252,reachable,
LGTNET00040,LGTFIT01451,,unclassified_fitting,LGTLT00577,LGTCON04403;LGTCON04404;LGTCON04414;LGTCON04416;LGTCON04410;LGTCON04408;LGTCON04407;LGTCON04406;LGTCON04405;LGTCON04397;LGTCON04402;LGTCON04401;LGTCON04400;LGTCON04399;LGTCON04398;LGTCON03964;LGTCON03961;LGTCON03960;LGTCON03959;LGTCON03234;LGTCON03235;LGTCON03236;LGTCON03241;LGTCON03240;LGTCON03242;LGTCON03243;LGTCON03244;LGTCON03246;LGTCON03245;LGTCON03250;LGTCON03252;LGTCON03251,reachable,
LGTNET00040,LGTFIT01451,,unclassified_fitting,LGTLT00578,LGTCON04403;LGTCON04404;LGTCON04414;LGTCON04416;LGTCON04410;LGTCON04408;LGTCON04407;LGTCON04406;LGTCON04405;LGTCON04397;LGTCON04402;LGTCON04401;LGTCON04400;LGTCON04399;LGTCON04398;LGTCON03964;LGTCON03961;LGTCON03960;LGTCON03959;LGTCON03234;LGTCON03235;LGTCON03236;LGTCON03241;LGTCON03240;LGTCON03242;LGTCON03243;LGTCON03244;LGTCON03246;LGTCON03245;LGTCON03250;LGTCON03252;LGTCON03251;LGTCON03253,reachable,
LGTNET00040,LGTFIT01451,,unclassified_fitting,LGTLT00867,LGTCON04403;LGTCON04404;LGTCON04414;LGTCON04416;LGTCON04410;LGTCON04408;LGTCON04407;LGTCON04406;LGTCON04405;LGTCON04397;LGTCON04402;LGTCON04401;LGTCON04400;LGTCON04399;LGTCON04398;LGTCON03964;LGTCON03961;LGTCON03960;LGTCON03959;LGTCON03234;LGTCON03235,reachable,
LGTNET00040,LGTFIT01451,,unclassified_fitting,LGTLT00868,LGTCON04403;LGTCON04404;LGTCON04414;LGTCON04416;LGTCON04410;LGTCON04408;LGTCON04407;LGTCON04406;LGTCON04405;LGTCON04397;LGTCON04402;LGTCON04401;LGTCON04400;LGTCON04399;LGTCON04398;LGTCON03964;LGTCON03961;LGTCON03960;LGTCON03959;LGTCON03234;LGTCON03235;LGTCON03236,reachable,
LGTNET00040,LGTFIT01451,,unclassified_fitting,LGTLT00870,,unreachable,
LGTNET00040,LGTFIT01451,,unclassified_fitting,LGTLT00871,,unreachable,
LGTNET00040,LGTFIT01451,,unclassified_fitting,LGTLT00872,,unreachable,
LGTNET00040,LGTFIT01451,,unclassified_fitting,LGTLT00873,,unreachable,
LGTNET00040,LGTFIT01451,,unclassified_fitting,LGTLT00874,,unreachable,
LGTNET00040,LGTFIT01451,,unclassified_fitting,LGTLT00875,,unreachable,
LGTNET00040,LGTFIT01451,,unclassified_fitting,LGTLT00876,,unreachable,
LGTNET00040,LGTFIT01451,,unclassified_fitting,LGTLT00878,,unreachable,
LGTNET00040,LGTFIT01451,,unclassified_fitting,LGTLT04964,LGTCON04403;LGTCON04404;LGTCON04414;LGTCON04416;LGTCON04410;LGTCON04408;LGTCON04407;LGTCON04406;LGTCON04405;LGTCON04397;LGTCON04402;LGTCON04401;LGTCON04400;LGTCON04399;LGTCON04398;LGTCON03964;LGTCON03961;LGTCON03960,reachable,
LGTNET00040,LGTFIT01451,,unclassified_fitting,LGTLT04965,LGTCON04403;LGTCON04404;LGTCON04414;LGTCON04416;LGTCON04410;LGTCON04408;LGTCON04407;LGTCON04406;LGTCON04405;LGTCON04397;LGTCON04402;LGTCON04401;LGTCON04400;LGTCON04399;LGTCON04398;LGTCON03964,reachable,
LGTNET00040,LGTFIT01451,,unclassified_fitting,LGTLT04966,LGTCON04403;LGTCON04404;LGTCON04414;LGTCON04416;LGTCON04410;LGTCON04408;LGTCON04407;LGTCON04406;LGTCON04405;LGTCON04397;LGTCON04402;LGTCON04401;LGTCON04400;LGTCON04399;LGTCON04398;LGTCON03964;LGTCON03961,reachable,
LGTNET00040,LGTFIT01451,,unclassified_fitting,LGTLT05279,LGTCON04403;LGTCON04404;LGTCON04414;LGTCON04416;LGTCON04410;LGTCON04408;LGTCON04407;LGTCON04406;LGTCON04405;LGTCON04397;LGTCON04402,reachable,
LGTNET00040,LGTFIT01451,,unclassified_fitting,LGTLT05280,LGTCON04403;LGTCON04404;LGTCON04414;LGTCON04416;LGTCON04410;LGTCON04408;LGTCON04407;LGTCON04406;LGTCON04405;LGTCON04397,reachable,
LGTNET00040,LGTFIT01451,,unclassified_fitting,LGTLT05281,,unreachable,
LGTNET00040,LGTFIT01451,,unclassified_fitting,LGTLT05282,LGTCON04403;LGTCON04404;LGTCON04414;LGTCON04416;LGTCON04410;LGTCON04408;LGTCON04407,reachable,
LGTNET00040,LGTFIT01451,,unclassified_fitting,LGTLT05283,LGTCON04403;LGTCON04404;LGTCON04414;LGTCON04416;LGTCON04410;LGTCON04408;LGTCON04407;LGTCON04406,reachable,
LGTNET00040,LGTFIT01451,,unclassified_fitting,LGTLT05284,LGTCON04403;LGTCON04404;LGTCON04414;LGTCON04416;LGTCON04410,reachable,
LGTNET00040,LGTFIT01451,,unclassified_fitting,LGTLT05285,LGTCON04403;LGTCON04404;LGTCON04414;LGTCON04416;LGTCON04415,reachable,
LGTNET00040,LGTFIT01451,,unclassified_fitting,LGTLT05286,LGTCON04403;LGTCON04404;LGTCON04414;LGTCON04416;LGTCON04410;LGTCON04408;LGTCON04407;LGTCON04406;LGTCON04405;LGTCON04397;LGTCON04402;LGTCON04401;LGTCON04400;LGTCON04399;LGTCON04398,reachable,
LGTNET00040,LGTFIT01451,,unclassified_fitting,LGTLT05287,LGTCON04403;LGTCON04404;LGTCON04414;LGTCON04416;LGTCON04410;LGTCON04408;LGTCON04407;LGTCON04406;LGTCON04405;LGTCON04397;LGTCON04402;LGTCON04401;LGTCON04400;LGTCON04399,reachable,
LGTNET00040,LGTFIT01451,,unclassified_fitting,LGTLT05288,LGTCON04403;LGTCON04404;LGTCON04414;LGTCON04416;LGTCON04410;LGTCON04408;LGTCON04407;LGTCON04406;LGTCON04405;LGTCON04397;LGTCON04402;LGTCON04401;LGTCON04400,reachable,
LGTNET00040,LGTFIT01451,,unclassified_fitting,LGTLT05289,LGTCON04403;LGTCON04404;LGTCON04414;LGTCON04416;LGTCON04410;LGTCON04408;LGTCON04407;LGTCON04406;LGTCON04405;LGTCON04397;LGTCON04402;LGTCON04401,reachable,
LGTNET00040,LGTFIT01452,,unclassified_fitting,LGTLT00565,LGTCON04409;LGTCON04408;LGTCON04407;LGTCON04406;LGTCON04405;LGTCON04397;LGTCON04402;LGTCON04401;LGTCON04400;LGTCON04399;LGTCON04398;LGTCON03964;LGTCON03961;LGTCON03960;LGTCON03959;LGTCON03234;LGTCON03235;LGTCON03236;LGTCON03241,reachable,
LGTNET00040,LGTFIT01452,,unclassified_fitting,LGTLT00566,LGTCON04409;LGTCON04408;LGTCON04407;LGTCON04406;LGTCON04405;LGTCON04397;LGTCON04402;LGTCON04401;LGTCON04400;LGTCON04399;LGTCON04398;LGTCON03964;LGTCON03961;LGTCON03960;LGTCON03959;LGTCON03234;LGTCON03235;LGTCON03236;LGTCON03241;LGTCON03240,reachable,
LGTNET00040,LGTFIT01452,,unclassified_fitting,LGTLT00567,LGTCON04409;LGTCON04408;LGTCON04407;LGTCON04406;LGTCON04405;LGTCON04397;LGTCON04402;LGTCON04401;LGTCON04400;LGTCON04399;LGTCON04398;LGTCON03964;LGTCON03961;LGTCON03960;LGTCON03959;LGTCON03234;LGTCON03235;LGTCON03236;LGTCON03241;LGTCON03240;LGTCON03242,reachable,
LGTNET00040,LGTFIT01452,,unclassified_fitting,LGTLT00571,LGTCON04409;LGTCON04408;LGTCON04407;LGTCON04406;LGTCON04405;LGTCON04397;LGTCON04402;LGTCON04401;LGTCON04400;LGTCON04399;LGTCON04398;LGTCON03964;LGTCON03961;LGTCON03960;LGTCON03959;LGTCON03234;LGTCON03235;LGTCON03236;LGTCON03241;LGTCON03240;LGTCON03242;LGTCON03243;LGTCON03244,reachable,
LGTNET00040,LGTFIT01452,,unclassified_fitting,LGTLT00572,LGTCON04409;LGTCON04408;LGTCON04407;LGTCON04406;LGTCON04405;LGTCON04397;LGTCON04402;LGTCON04401;LGTCON04400;LGTCON04399;LGTCON04398;LGTCON03964;LGTCON03961;LGTCON03960;LGTCON03959;LGTCON03234;LGTCON03235;LGTCON03236;LGTCON03241;LGTCON03240;LGTCON03242;LGTCON03243;LGTCON03244;LGTCON03246,reachable,
LGTNET00040,LGTFIT01452,,unclassified_fitting,LGTLT00573,LGTCON04409;LGTCON04408;LGTCON04407;LGTCON04406;LGTCON04405;LGTCON04397;LGTCON04402;LGTCON04401;LGTCON04400;LGTCON04399;LGTCON04398;LGTCON03964;LGTCON03961;LGTCON03960;LGTCON03959;LGTCON03234;LGTCON03235;LGTCON03236;LGTCON03241;LGTCON03240;LGTCON03242;LGTCON03243;LGTCON03244;LGTCON03246;LGTCON03245,reachable,
LGTNET00040,LGTFIT01452,,unclassified_fitting,LGTLT00576,LGTCON04409;LGTCON04408;LGTCON04407;LGTCON04406;LGTCON04405;LGTCON04397;LGTCON04402;LGTCON04401;LGTCON04400;LGTCON04399;LGTCON04398;LGTCON03964;LGTCON03961;LGTCON03960;LGTCON03959;LGTCON03234;LGTCON03235;LGTCON03236;LGTCON03241;LGTCON03240;LGTCON03242;LGTCON03243;LGTCON03244;LGTCON03246;LGTCON03245;LGTCON03250;LGTCON03252,reachable,
LGTNET00040,LGTFIT01452,,unclassified_fitting,LGTLT00577,LGTCON04409;LGTCON04408;LGTCON04407;LGTCON04406;LGTCON04405;LGTCON04397;LGTCON04402;LGTCON04401;LGTCON04400;LGTCON04399;LGTCON04398;LGTCON03964;LGTCON03961;LGTCON03960;LGTCON03959;LGTCON03234;LGTCON03235;LGTCON03236;LGTCON03241;LGTCON03240;LGTCON03242;LGTCON03243;LGTCON03244;LGTCON03246;LGTCON03245;LGTCON03250;LGTCON03252;LGTCON03251,reachable,
LGTNET00040,LGTFIT01452,,unclassified_fitting,LGTLT00578,LGTCON04409;LGTCON04408;LGTCON04407;LGTCON04406;LGTCON04405;LGTCON04397;LGTCON04402;LGTCON04401;LGTCON04400;LGTCON04399;LGTCON04398;LGTCON03964;LGTCON03961;LGTCON03960;LGTCON03959;LGTCON03234;LGTCON03235;LGTCON03236;LGTCON03241;LGTCON03240;LGTCON03242;LGTCON03243;LGTCON03244;LGTCON03246;LGTCON03245;LGTCON03250;LGTCON03252;LGTCON03251;LGTCON03253,reachable,
LGTNET00040,LGTFIT01452,,unclassified_fitting,LGTLT00867,LGTCON04409;LGTCON04408;LGTCON04407;LGTCON04406;LGTCON04405;LGTCON04397;LGTCON04402;LGTCON04401;LGTCON04400;LGTCON04399;LGTCON04398;LGTCON03964;LGTCON03961;LGTCON03960;LGTCON03959;LGTCON03234;LGTCON03235,reachable,
LGTNET00040,LGTFIT01452,,unclassified_fitting,LGTLT00868,LGTCON04409;LGTCON04408;LGTCON04407;LGTCON04406;LGTCON04405;LGTCON04397;LGTCON04402;LGTCON04401;LGTCON04400;LGTCON04399;LGTCON04398;LGTCON03964;LGTCON03961;LGTCON03960;LGTCON03959;LGTCON03234;LGTCON03235;LGTCON03236,reachable,
LGTNET00040,LGTFIT01452,,unclassified_fitting,LGTLT00870,,unreachable,
LGTNET00040,LGTFIT01452,,unclassified_fitting,LGTLT00871,,unreachable,
LGTNET00040,LGTFIT01452,,unclassified_fitting,LGTLT00872,,unreachable,
LGTNET00040,LGTFIT01452,,unclassified_fitting,LGTLT00873,,unreachable,
LGTNET00040,LGTFIT01452,,unclassified_fitting,LGTLT00874,,unreachable,
LGTNET00040,LGTFIT01452,,unclassified_fitting,LGTLT00875,,unreachable,
LGTNET00040,LGTFIT01452,,unclassified_fitting,LGTLT00876,,unreachable,
LGTNET00040,LGTFIT01452,,unclassified_fitting,LGTLT00878,,unreachable,
LGTNET00040,LGTFIT01452,,unclassified_fitting,LGTLT04964,LGTCON04409;LGTCON04408;LGTCON04407;LGTCON04406;LGTCON04405;LGTCON04397;LGTCON04402;LGTCON04401;LGTCON04400;LGTCON04399;LGTCON04398;LGTCON03964;LGTCON03961;LGTCON03960,reachable,
LGTNET00040,LGTFIT01452,,unclassified_fitting,LGTLT04965,LGTCON04409;LGTCON04408;LGTCON04407;LGTCON04406;LGTCON04405;LGTCON04397;LGTCON04402;LGTCON04401;LGTCON04400;LGTCON04399;LGTCON04398;LGTCON03964,reachable,
LGTNET00040,LGTFIT01452,,unclassified_fitting,LGTLT04966,LGTCON04409;LGTCON04408;LGTCON04407;LGTCON04406;LGTCON04405;LGTCON04397;LGTCON04402;LGTCON04401;LGTCON04400;LGTCON04399;LGTCON04398;LGTCON03964;LGTCON03961,reachable,
LGTNET00040,LGTFIT01452,,unclassified_fitting,LGTLT05279,LGTCON04409;LGTCON04408;LGTCON04407;LGTCON04406;LGTCON04405;LGTCON04397;LGTCON04402,reachable,
LGTNET00040,LGTFIT01452,,unclassified_fitting,LGTLT05280,LGTCON04409;LGTCON04408;LGTCON04407;LGTCON04406;LGTCON04405;LGTCON04397,reachable,
LGTNET00040,LGTFIT01452,,unclassified_fitting,LGTLT05281,,unreachable,
LGTNET00040,LGTFIT01452,,unclassified_fitting,LGTLT05282,LGTCON04409;LGTCON04408;LGTCON04407,reachable,
LGTNET00040,LGTFIT01452,,unclassified_fitting,LGTLT05283,LGTCON04409;LGTCON04408;LGTCON04407;LGTCON04406,reachable,
LGTNET00040,LGTFIT01452,,unclassified_fitting,LGTLT05284,LGTCON04409,reachable,
LGTNET00040,LGTFIT01452,,unclassified_fitting,LGTLT05285,LGTCON04409;LGTCON04410;LGTCON04415,reachable,
LGTNET00040,LGTFIT01452,,unclassified_fitting,LGTLT05286,LGTCON04409;LGTCON04408;LGTCON04407;LGTCON04406;LGTCON04405;LGTCON04397;LGTCON04402;LGTCON04401;LGTCON04400;LGTCON04399;LGTCON04398,reachable,
LGTNET00040,LGTFIT01452,,unclassified_fitting,LGTLT05287,LGTCON04409;LGTCON04408;LGTCON04407;LGTCON04406;LGTCON04405;LGTCON04397;LGTCON04402;LGTCON04401;LGTCON04400;LGTCON04399,reachable,
LGTNET00040,LGTFIT01452,,unclassified_fitting,LGTLT05288,LGTCON04409;LGTCON04408;LGTCON04407;LGTCON04406;LGTCON04405;LGTCON04397;LGTCON04402;LGTCON04401;LGTCON04400,reachable,
LGTNET00040,LGTFIT01452,,unclassified_fitting,LGTLT05289,LGTCON04409;LGTCON04408;LGTCON04407;LGTCON04406;LGTCON04405;LGTCON04397;LGTCON04402;LGTCON04401,reachable,
LGTNET00040,LGTFIT01453,,unclassified_fitting,LGTLT00565,LGTCON04411;LGTCON04415;LGTCON04410;LGTCON04408;LGTCON04407;LGTCON04406;LGTCON04405;LGTCON04397;LGTCON04402;LGTCON04401;LGTCON04400;LGTCON04399;LGTCON04398;LGTCON03964;LGTCON03961;LGTCON03960;LGTCON03959;LGTCON03234;LGTCON03235;LGTCON03236;LGTCON03241,reachable,
LGTNET00040,LGTFIT01453,,unclassified_fitting,LGTLT00566,LGTCON04411;LGTCON04415;LGTCON04410;LGTCON04408;LGTCON04407;LGTCON04406;LGTCON04405;LGTCON04397;LGTCON04402;LGTCON04401;LGTCON04400;LGTCON04399;LGTCON04398;LGTCON03964;LGTCON03961;LGTCON03960;LGTCON03959;LGTCON03234;LGTCON03235;LGTCON03236;LGTCON03241;LGTCON03240,reachable,
LGTNET00040,LGTFIT01453,,unclassified_fitting,LGTLT00567,LGTCON04411;LGTCON04415;LGTCON04410;LGTCON04408;LGTCON04407;LGTCON04406;LGTCON04405;LGTCON04397;LGTCON04402;LGTCON04401;LGTCON04400;LGTCON04399;LGTCON04398;LGTCON03964;LGTCON03961;LGTCON03960;LGTCON03959;LGTCON03234;LGTCON03235;LGTCON03236;LGTCON03241;LGTCON03240;LGTCON03242,reachable,
LGTNET00040,LGTFIT01453,,unclassified_fitting,LGTLT00571,LGTCON04411;LGTCON04415;LGTCON04410;LGTCON04408;LGTCON04407;LGTCON04406;LGTCON04405;LGTCON04397;LGTCON04402;LGTCON04401;LGTCON04400;LGTCON04399;LGTCON04398;LGTCON03964;LGTCON03961;LGTCON03960;LGTCON03959;LGTCON03234;LGTCON03235;LGTCON03236;LGTCON03241;LGTCON03240;LGTCON03242;LGTCON03243;LGTCON03244,reachable,
LGTNET00040,LGTFIT01453,,unclassified_fitting,LGTLT00572,LGTCON04411;LGTCON04415;LGTCON04410;LGTCON04408;LGTCON04407;LGTCON04406;LGTCON04405;LGTCON04397;LGTCON04402;LGTCON04401;LGTCON04400;LGTCON04399;LGTCON04398;LGTCON03964;LGTCON03961;LGTCON03960;LGTCON03959;LGTCON03234;LGTCON03235;LGTCON03236;LGTCON03241;LGTCON03240;LGTCON03242;LGTCON03243;LGTCON03244;LGTCON03246,reachable,
LGTNET00040,LGTFIT01453,,unclassified_fitting,LGTLT00573,LGTCON04411;LGTCON04415;LGTCON04410;LGTCON04408;LGTCON04407;LGTCON04406;LGTCON04405;LGTCON04397;LGTCON04402;LGTCON04401;LGTCON04400;LGTCON04399;LGTCON04398;LGTCON03964;LGTCON03961;LGTCON03960;LGTCON03959;LGTCON03234;LGTCON03235;LGTCON03236;LGTCON03241;LGTCON03240;LGTCON03242;LGTCON03243;LGTCON03244;LGTCON03246;LGTCON03245,reachable,
LGTNET00040,LGTFIT01453,,unclassified_fitting,LGTLT00576,LGTCON04411;LGTCON04415;LGTCON04410;LGTCON04408;LGTCON04407;LGTCON04406;LGTCON04405;LGTCON04397;LGTCON04402;LGTCON04401;LGTCON04400;LGTCON04399;LGTCON04398;LGTCON03964;LGTCON03961;LGTCON03960;LGTCON03959;LGTCON03234;LGTCON03235;LGTCON03236;LGTCON03241;LGTCON03240;LGTCON03242;LGTCON03243;LGTCON03244;LGTCON03246;LGTCON03245;LGTCON03250;LGTCON03252,reachable,
LGTNET00040,LGTFIT01453,,unclassified_fitting,LGTLT00577,LGTCON04411;LGTCON04415;LGTCON04410;LGTCON04408;LGTCON04407;LGTCON04406;LGTCON04405;LGTCON04397;LGTCON04402;LGTCON04401;LGTCON04400;LGTCON04399;LGTCON04398;LGTCON03964;LGTCON03961;LGTCON03960;LGTCON03959;LGTCON03234;LGTCON03235;LGTCON03236;LGTCON03241;LGTCON03240;LGTCON03242;LGTCON03243;LGTCON03244;LGTCON03246;LGTCON03245;LGTCON03250;LGTCON03252;LGTCON03251,reachable,
LGTNET00040,LGTFIT01453,,unclassified_fitting,LGTLT00578,LGTCON04411;LGTCON04415;LGTCON04410;LGTCON04408;LGTCON04407;LGTCON04406;LGTCON04405;LGTCON04397;LGTCON04402;LGTCON04401;LGTCON04400;LGTCON04399;LGTCON04398;LGTCON03964;LGTCON03961;LGTCON03960;LGTCON03959;LGTCON03234;LGTCON03235;LGTCON03236;LGTCON03241;LGTCON03240;LGTCON03242;LGTCON03243;LGTCON03244;LGTCON03246;LGTCON03245;LGTCON03250;LGTCON03252;LGTCON03251;LGTCON03253,reachable,
LGTNET00040,LGTFIT01453,,unclassified_fitting,LGTLT00867,LGTCON04411;LGTCON04415;LGTCON04410;LGTCON04408;LGTCON04407;LGTCON04406;LGTCON04405;LGTCON04397;LGTCON04402;LGTCON04401;LGTCON04400;LGTCON04399;LGTCON04398;LGTCON03964;LGTCON03961;LGTCON03960;LGTCON03959;LGTCON03234;LGTCON03235,reachable,
LGTNET00040,LGTFIT01453,,unclassified_fitting,LGTLT00868,LGTCON04411;LGTCON04415;LGTCON04410;LGTCON04408;LGTCON04407;LGTCON04406;LGTCON04405;LGTCON04397;LGTCON04402;LGTCON04401;LGTCON04400;LGTCON04399;LGTCON04398;LGTCON03964;LGTCON03961;LGTCON03960;LGTCON03959;LGTCON03234;LGTCON03235;LGTCON03236,reachable,
LGTNET00040,LGTFIT01453,,unclassified_fitting,LGTLT00870,,unreachable,
LGTNET00040,LGTFIT01453,,unclassified_fitting,LGTLT00871,,unreachable,
LGTNET00040,LGTFIT01453,,unclassified_fitting,LGTLT00872,,unreachable,
LGTNET00040,LGTFIT01453,,unclassified_fitting,LGTLT00873,,unreachable,
LGTNET00040,LGTFIT01453,,unclassified_fitting,LGTLT00874,,unreachable,
LGTNET00040,LGTFIT01453,,unclassified_fitting,LGTLT00875,,unreachable,
LGTNET00040,LGTFIT01453,,unclassified_fitting,LGTLT00876,,unreachable,
LGTNET00040,LGTFIT01453,,unclassified_fitting,LGTLT00878,,unreachable,
LGTNET00040,LGTFIT01453,,unclassified_fitting,LGTLT04964,LGTCON04411;LGTCON04415;LGTCON04410;LGTCON04408;LGTCON04407;LGTCON04406;LGTCON04405;LGTCON04397;LGTCON04402;LGTCON04401;LGTCON04400;LGTCON04399;LGTCON04398;LGTCON03964;LGTCON03961;LGTCON03960,reachable,
LGTNET00040,LGTFIT01453,,unclassified_fitting,LGTLT04965,LGTCON04411;LGTCON04415;LGTCON04410;LGTCON04408;LGTCON04407;LGTCON04406;LGTCON04405;LGTCON04397;LGTCON04402;LGTCON04401;LGTCON04400;LGTCON04399;LGTCON04398;LGTCON03964,reachable,
LGTNET00040,LGTFIT01453,,unclassified_fitting,LGTLT04966,LGTCON04411;LGTCON04415;LGTCON04410;LGTCON04408;LGTCON04407;LGTCON04406;LGTCON04405;LGTCON04397;LGTCON04402;LGTCON04401;LGTCON04400;LGTCON04399;LGTCON04398;LGTCON03964;LGTCON03961,reachable,
LGTNET00040,LGTFIT01453,,unclassified_fitting,LGTLT05279,LGTCON04411;LGTCON04415;LGTCON04410;LGTCON04408;LGTCON04407;LGTCON04406;LGTCON04405;LGTCON04397;LGTCON04402,reachable,
LGTNET00040,LGTFIT01453,,unclassified_fitting,LGTLT05280,LGTCON04411;LGTCON04415;LGTCON04410;LGTCON04408;LGTCON04407;LGTCON04406;LGTCON04405;LGTCON04397,reachable,
LGTNET00040,LGTFIT01453,,unclassified_fitting,LGTLT05281,,unreachable,
LGTNET00040,LGTFIT01453,,unclassified_fitting,LGTLT05282,LGTCON04411;LGTCON04415;LGTCON04410;LGTCON04408;LGTCON04407,reachable,
LGTNET00040,LGTFIT01453,,unclassified_fitting,LGTLT05283,LGTCON04411;LGTCON04415;LGTCON04410;LGTCON04408;LGTCON04407;LGTCON04406,reachable,
LGTNET00040,LGTFIT01453,,unclassified_fitting,LGTLT05284,LGTCON04411;LGTCON04415;LGTCON04410,reachable,
LGTNET00040,LGTFIT01453,,unclassified_fitting,LGTLT05285,LGTCON04411,reachable,
LGTNET00040,LGTFIT01453,,unclassified_fitting,LGTLT05286,LGTCON04411;LGTCON04415;LGTCON04410;LGTCON04408;LGTCON04407;LGTCON04406;LGTCON04405;LGTCON04397;LGTCON04402;LGTCON04401;LGTCON04400;LGTCON04399;LGTCON04398,reachable,
LGTNET00040,LGTFIT01453,,unclassified_fitting,LGTLT05287,LGTCON04411;LGTCON04415;LGTCON04410;LGTCON04408;LGTCON04407;LGTCON04406;LGTCON04405;LGTCON04397;LGTCON04402;LGTCON04401;LGTCON04400;LGTCON04399,reachable,
LGTNET00040,LGTFIT01453,,unclassified_fitting,LGTLT05288,LGTCON04411;LGTCON04415;LGTCON04410;LGTCON04408;LGTCON04407;LGTCON04406;LGTCON04405;LGTCON04397;LGTCON04402;LGTCON04401;LGTCON04400,reachable,
LGTNET00040,LGTFIT01453,,unclassified_fitting,LGTLT05289,LGTCON04411;LGTCON04415;LGTCON04410;LGTCON04408;LGTCON04407;LGTCON04406;LGTCON04405;LGTCON04397;LGTCON04402;LGTCON04401,reachable,
LGTNET00040,LGTFIT01454,,unclassified_fitting,LGTLT00565,LGTCON04413;LGTCON04412;LGTCON04415;LGTCON04410;LGTCON04408;LGTCON04407;LGTCON04406;LGTCON04405;LGTCON04397;LGTCON04402;LGTCON04401;LGTCON04400;LGTCON04399;LGTCON04398;LGTCON03964;LGTCON03961;LGTCON03960;LGTCON03959;LGTCON03234;LGTCON03235;LGTCON03236;LGTCON03241,reachable,
LGTNET00040,LGTFIT01454,,unclassified_fitting,LGTLT00566,LGTCON04413;LGTCON04412;LGTCON04415;LGTCON04410;LGTCON04408;LGTCON04407;LGTCON04406;LGTCON04405;LGTCON04397;LGTCON04402;LGTCON04401;LGTCON04400;LGTCON04399;LGTCON04398;LGTCON03964;LGTCON03961;LGTCON03960;LGTCON03959;LGTCON03234;LGTCON03235;LGTCON03236;LGTCON03241;LGTCON03240,reachable,
LGTNET00040,LGTFIT01454,,unclassified_fitting,LGTLT00567,LGTCON04413;LGTCON04412;LGTCON04415;LGTCON04410;LGTCON04408;LGTCON04407;LGTCON04406;LGTCON04405;LGTCON04397;LGTCON04402;LGTCON04401;LGTCON04400;LGTCON04399;LGTCON04398;LGTCON03964;LGTCON03961;LGTCON03960;LGTCON03959;LGTCON03234;LGTCON03235;LGTCON03236;LGTCON03241;LGTCON03240;LGTCON03242,reachable,
LGTNET00040,LGTFIT01454,,unclassified_fitting,LGTLT00571,LGTCON04413;LGTCON04412;LGTCON04415;LGTCON04410;LGTCON04408;LGTCON04407;LGTCON04406;LGTCON04405;LGTCON04397;LGTCON04402;LGTCON04401;LGTCON04400;LGTCON04399;LGTCON04398;LGTCON03964;LGTCON03961;LGTCON03960;LGTCON03959;LGTCON03234;LGTCON03235;LGTCON03236;LGTCON03241;LGTCON03240;LGTCON03242;LGTCON03243;LGTCON03244,reachable,
LGTNET00040,LGTFIT01454,,unclassified_fitting,LGTLT00572,LGTCON04413;LGTCON04412;LGTCON04415;LGTCON04410;LGTCON04408;LGTCON04407;LGTCON04406;LGTCON04405;LGTCON04397;LGTCON04402;LGTCON04401;LGTCON04400;LGTCON04399;LGTCON04398;LGTCON03964;LGTCON03961;LGTCON03960;LGTCON03959;LGTCON03234;LGTCON03235;LGTCON03236;LGTCON03241;LGTCON03240;LGTCON03242;LGTCON03243;LGTCON03244;LGTCON03246,reachable,
LGTNET00040,LGTFIT01454,,unclassified_fitting,LGTLT00573,LGTCON04413;LGTCON04412;LGTCON04415;LGTCON04410;LGTCON04408;LGTCON04407;LGTCON04406;LGTCON04405;LGTCON04397;LGTCON04402;LGTCON04401;LGTCON04400;LGTCON04399;LGTCON04398;LGTCON03964;LGTCON03961;LGTCON03960;LGTCON03959;LGTCON03234;LGTCON03235;LGTCON03236;LGTCON03241;LGTCON03240;LGTCON03242;LGTCON03243;LGTCON03244;LGTCON03246;LGTCON03245,reachable,
LGTNET00040,LGTFIT01454,,unclassified_fitting,LGTLT00576,LGTCON04413;LGTCON04412;LGTCON04415;LGTCON04410;LGTCON04408;LGTCON04407;LGTCON04406;LGTCON04405;LGTCON04397;LGTCON04402;LGTCON04401;LGTCON04400;LGTCON04399;LGTCON04398;LGTCON03964;LGTCON03961;LGTCON03960;LGTCON03959;LGTCON03234;LGTCON03235;LGTCON03236;LGTCON03241;LGTCON03240;LGTCON03242;LGTCON03243;LGTCON03244;LGTCON03246;LGTCON03245;LGTCON03250;LGTCON03252,reachable,
LGTNET00040,LGTFIT01454,,unclassified_fitting,LGTLT00577,LGTCON04413;LGTCON04412;LGTCON04415;LGTCON04410;LGTCON04408;LGTCON04407;LGTCON04406;LGTCON04405;LGTCON04397;LGTCON04402;LGTCON04401;LGTCON04400;LGTCON04399;LGTCON04398;LGTCON03964;LGTCON03961;LGTCON03960;LGTCON03959;LGTCON03234;LGTCON03235;LGTCON03236;LGTCON03241;LGTCON03240;LGTCON03242;LGTCON03243;LGTCON03244;LGTCON03246;LGTCON03245;LGTCON03250;LGTCON03252;LGTCON03251,reachable,
LGTNET00040,LGTFIT01454,,unclassified_fitting,LGTLT00578,LGTCON04413;LGTCON04412;LGTCON04415;LGTCON04410;LGTCON04408;LGTCON04407;LGTCON04406;LGTCON04405;LGTCON04397;LGTCON04402;LGTCON04401;LGTCON04400;LGTCON04399;LGTCON04398;LGTCON03964;LGTCON03961;LGTCON03960;LGTCON03959;LGTCON03234;LGTCON03235;LGTCON03236;LGTCON03241;LGTCON03240;LGTCON03242;LGTCON03243;LGTCON03244;LGTCON03246;LGTCON03245;LGTCON03250;LGTCON03252;LGTCON03251;LGTCON03253,reachable,
LGTNET00040,LGTFIT01454,,unclassified_fitting,LGTLT00867,LGTCON04413;LGTCON04412;LGTCON04415;LGTCON04410;LGTCON04408;LGTCON04407;LGTCON04406;LGTCON04405;LGTCON04397;LGTCON04402;LGTCON04401;LGTCON04400;LGTCON04399;LGTCON04398;LGTCON03964;LGTCON03961;LGTCON03960;LGTCON03959;LGTCON03234;LGTCON03235,reachable,
LGTNET00040,LGTFIT01454,,unclassified_fitting,LGTLT00868,LGTCON04413;LGTCON04412;LGTCON04415;LGTCON04410;LGTCON04408;LGTCON04407;LGTCON04406;LGTCON04405;LGTCON04397;LGTCON04402;LGTCON04401;LGTCON04400;LGTCON04399;LGTCON04398;LGTCON03964;LGTCON03961;LGTCON03960;LGTCON03959;LGTCON03234;LGTCON03235;LGTCON03236,reachable,
LGTNET00040,LGTFIT01454,,unclassified_fitting,LGTLT00870,,unreachable,
LGTNET00040,LGTFIT01454,,unclassified_fitting,LGTLT00871,,unreachable,
LGTNET00040,LGTFIT01454,,unclassified_fitting,LGTLT00872,,unreachable,
LGTNET00040,LGTFIT01454,,unclassified_fitting,LGTLT00873,,unreachable,
LGTNET00040,LGTFIT01454,,unclassified_fitting,LGTLT00874,,unreachable,
LGTNET00040,LGTFIT01454,,unclassified_fitting,LGTLT00875,,unreachable,
LGTNET00040,LGTFIT01454,,unclassified_fitting,LGTLT00876,,unreachable,
LGTNET00040,LGTFIT01454,,unclassified_fitting,LGTLT00878,,unreachable,
LGTNET00040,LGTFIT01454,,unclassified_fitting,LGTLT04964,LGTCON04413;LGTCON04412;LGTCON04415;LGTCON04410;LGTCON04408;LGTCON04407;LGTCON04406;LGTCON04405;LGTCON04397;LGTCON04402;LGTCON04401;LGTCON04400;LGTCON04399;LGTCON04398;LGTCON03964;LGTCON03961;LGTCON03960,reachable,
LGTNET00040,LGTFIT01454,,unclassified_fitting,LGTLT04965,LGTCON04413;LGTCON04412;LGTCON04415;LGTCON04410;LGTCON04408;LGTCON04407;LGTCON04406;LGTCON04405;LGTCON04397;LGTCON04402;LGTCON04401;LGTCON04400;LGTCON04399;LGTCON04398;LGTCON03964,reachable,
LGTNET00040,LGTFIT01454,,unclassified_fitting,LGTLT04966,LGTCON04413;LGTCON04412;LGTCON04415;LGTCON04410;LGTCON04408;LGTCON04407;LGTCON04406;LGTCON04405;LGTCON04397;LGTCON04402;LGTCON04401;LGTCON04400;LGTCON04399;LGTCON04398;LGTCON03964;LGTCON03961,reachable,
LGTNET00040,LGTFIT01454,,unclassified_fitting,LGTLT05279,LGTCON04413;LGTCON04412;LGTCON04415;LGTCON04410;LGTCON04408;LGTCON04407;LGTCON04406;LGTCON04405;LGTCON04397;LGTCON04402,reachable,
LGTNET00040,LGTFIT01454,,unclassified_fitting,LGTLT05280,LGTCON04413;LGTCON04412;LGTCON04415;LGTCON04410;LGTCON04408;LGTCON04407;LGTCON04406;LGTCON04405;LGTCON04397,reachable,
LGTNET00040,LGTFIT01454,,unclassified_fitting,LGTLT05281,,unreachable,
LGTNET00040,LGTFIT01454,,unclassified_fitting,LGTLT05282,LGTCON04413;LGTCON04412;LGTCON04415;LGTCON04410;LGTCON04408;LGTCON04407,reachable,
LGTNET00040,LGTFIT01454,,unclassified_fitting,LGTLT05283,LGTCON04413;LGTCON04412;LGTCON04415;LGTCON04410;LGTCON04408;LGTCON04407;LGTCON04406,reachable,
LGTNET00040,LGTFIT01454,,unclassified_fitting,LGTLT05284,LGTCON04413;LGTCON04412;LGTCON04415;LGTCON04410,reachable,
LGTNET00040,LGTFIT01454,,unclassified_fitting,LGTLT05285,LGTCON04413;LGTCON04412,reachable,
LGTNET00040,LGTFIT01454,,unclassified_fitting,LGTLT05286,LGTCON04413;LGTCON04412;LGTCON04415;LGTCON04410;LGTCON04408;LGTCON04407;LGTCON04406;LGTCON04405;LGTCON04397;LGTCON04402;LGTCON04401;LGTCON04400;LGTCON04399;LGTCON04398,reachable,
LGTNET00040,LGTFIT01454,,unclassified_fitting,LGTLT05287,LGTCON04413;LGTCON04412;LGTCON04415;LGTCON04410;LGTCON04408;LGTCON04407;LGTCON04406;LGTCON04405;LGTCON04397;LGTCON04402;LGTCON04401;LGTCON04400;LGTCON04399,reachable,
LGTNET00040,LGTFIT01454,,unclassified_fitting,LGTLT05288,LGTCON04413;LGTCON04412;LGTCON04415;LGTCON04410;LGTCON04408;LGTCON04407;LGTCON04406;LGTCON04405;LGTCON04397;LGTCON04402;LGTCON04401;LGTCON04400,reachable,
LGTNET00040,LGTFIT01454,,unclassified_fitting,LGTLT05289,LGTCON04413;LGTCON04412;LGTCON04415;LGTCON04410;LGTCON04408;LGTCON04407;LGTCON04406;LGTCON04405;LGTCON04397;LGTCON04402;LGTCON04401,reachable,
LGTNET00042,LGTFIT00174,,unclassified_fitting,LGTLT00088,LGTCON03034,reachable,
LGTNET00042,LGTFIT00174,,unclassified_fitting,LGTLT00089,LGTCON03034;LGTCON03029,reachable,
LGTNET00042,LGTFIT00174,,unclassified_fitting,LGTLT00090,LGTCON03034;LGTCON03029;LGTCON03030,reachable,
LGTNET00042,LGTFIT00174,,unclassified_fitting,LGTLT00091,LGTCON03034;LGTCON03029;LGTCON03030;LGTCON03031,reachable,
LGTNET00042,LGTFIT00174,,unclassified_fitting,LGTLT00092,LGTCON03034;LGTCON03029;LGTCON03030;LGTCON03031;LGTCON03032,reachable,
LGTNET00043,LGTFIT00911,,unclassified_fitting,LGTLT00084,LGTCON03070,reachable,
LGTNET00043,LGTFIT00911,,unclassified_fitting,LGTLT00093,LGTCON03069,reachable,
LGTNET00044,LGTFIT01120,service_box,explicit,LGTLT00658,LGTCON01275;LGTCON01274,reachable,
LGTNET00044,LGTFIT01120,service_box,explicit,LGTLT00659,LGTCON01275,reachable,
LGTNET00044,LGTFIT01120,service_box,explicit,LGTLT00660,LGTCON01275;LGTCON01273,reachable,
LGTNET00045,LGTFIT00171,,unclassified_fitting,LGTLT02543,LGTCON00795,reachable,
LGTNET00045,LGTFIT00171,,unclassified_fitting,LGTLT02544,LGTCON00795;LGTCON00796,reachable,
LGTNET00045,LGTFIT00171,,unclassified_fitting,LGTLT02545,LGTCON00795;LGTCON00796;LGTCON00797,reachable,
LGTNET00045,LGTFIT00171,,unclassified_fitting,LGTLT02546,LGTCON00795;LGTCON00796;LGTCON00797;LGTCON00798,reachable,
LGTNET00045,LGTFIT00172,,unclassified_fitting,LGTLT02543,LGTCON00799;LGTCON00798;LGTCON00797;LGTCON00796,reachable,
LGTNET00045,LGTFIT00172,,unclassified_fitting,LGTLT02544,LGTCON00799;LGTCON00798;LGTCON00797,reachable,
LGTNET00045,LGTFIT00172,,unclassified_fitting,LGTLT02545,LGTCON00799;LGTCON00798,reachable,
LGTNET00045,LGTFIT00172,,unclassified_fitting,LGTLT02546,LGTCON00799,reachable,
LGTNET00047,LGTFIT00623,,unclassified_fitting,LGTLT00085,LGTCON02017;LGTCON02015;LGTCON02016,reachable,
LGTNET00047,LGTFIT00623,,unclassified_fitting,LGTLT00086,LGTCON02017;LGTCON02015,reachable,
LGTNET00047,LGTFIT00623,,unclassified_fitting,LGTLT00087,LGTCON02017,reachable,
LGTNET00049,LGTFIT00109,,unclassified_fitting,LGTLT00991,LGTCON02686;LGTCON02679,reachable,
LGTNET00049,LGTFIT00109,,unclassified_fitting,LGTLT00992,LGTCON02686;LGTCON02679;LGTCON02678;LGTCON02677,reachable,
LGTNET00049,LGTFIT00109,,unclassified_fitting,LGTLT00993,LGTCON02686;LGTCON02679;LGTCON02678;LGTCON02677;LGTCON02676;LGTCON02675,reachable,
LGTNET00049,LGTFIT00109,,unclassified_fitting,LGTLT00994,LGTCON02686;LGTCON02679;LGTCON02678;LGTCON02677;LGTCON02676;LGTCON02675;LGTCON02680;LGTCON02674,reachable,
LGTNET00049,LGTFIT00109,,unclassified_fitting,LGTLT00995,LGTCON02686;LGTCON02679;LGTCON02678;LGTCON02677;LGTCON02676;LGTCON02675;LGTCON02680;LGTCON02674;LGTCON02673;LGTCON02672,reachable,
LGTNET00049,LGTFIT00109,,unclassified_fitting,LGTLT00996,LGTCON02686;LGTCON02679;LGTCON02678;LGTCON02677;LGTCON02676;LGTCON02675;LGTCON02680;LGTCON02674;LGTCON02673;LGTCON02672;LGTCON02671;LGTCON02670,reachable,
LGTNET00049,LGTFIT00110,,unclassified_fitting,LGTLT00991,LGTCON02685;LGTCON02678,reachable,
LGTNET00049,LGTFIT00110,,unclassified_fitting,LGTLT00992,LGTCON02685;LGTCON02677,reachable,
LGTNET00049,LGTFIT00110,,unclassified_fitting,LGTLT00993,LGTCON02685;LGTCON02677;LGTCON02676;LGTCON02675,reachable,
LGTNET00049,LGTFIT00110,,unclassified_fitting,LGTLT00994,LGTCON02685;LGTCON02677;LGTCON02676;LGTCON02675;LGTCON02680;LGTCON02674,reachable,
LGTNET00049,LGTFIT00110,,unclassified_fitting,LGTLT00995,LGTCON02685;LGTCON02677;LGTCON02676;LGTCON02675;LGTCON02680;LGTCON02674;LGTCON02673;LGTCON02672,reachable,
LGTNET00049,LGTFIT00110,,unclassified_fitting,LGTLT00996,LGTCON02685;LGTCON02677;LGTCON02676;LGTCON02675;LGTCON02680;LGTCON02674;LGTCON02673;LGTCON02672;LGTCON02671;LGTCON02670,reachable,
LGTNET00049,LGTFIT00111,,unclassified_fitting,LGTLT00991,LGTCON02684;LGTCON02676;LGTCON02677;LGTCON02678,reachable,
LGTNET00049,LGTFIT00111,,unclassified_fitting,LGTLT00992,LGTCON02684;LGTCON02676,reachable,
LGTNET00049,LGTFIT00111,,unclassified_fitting,LGTLT00993,LGTCON02684;LGTCON02675,reachable,
LGTNET00049,LGTFIT00111,,unclassified_fitting,LGTLT00994,LGTCON02684;LGTCON02675;LGTCON02680;LGTCON02674,reachable,
LGTNET00049,LGTFIT00111,,unclassified_fitting,LGTLT00995,LGTCON02684;LGTCON02675;LGTCON02680;LGTCON02674;LGTCON02673;LGTCON02672,reachable,
LGTNET00049,LGTFIT00111,,unclassified_fitting,LGTLT00996,LGTCON02684;LGTCON02675;LGTCON02680;LGTCON02674;LGTCON02673;LGTCON02672;LGTCON02671;LGTCON02670,reachable,
LGTNET00049,LGTFIT00112,,unclassified_fitting,LGTLT00991,LGTCON02681;LGTCON02680;LGTCON02675;LGTCON02676;LGTCON02677;LGTCON02678,reachable,
LGTNET00049,LGTFIT00112,,unclassified_fitting,LGTLT00992,LGTCON02681;LGTCON02680;LGTCON02675;LGTCON02676,reachable,
LGTNET00049,LGTFIT00112,,unclassified_fitting,LGTLT00993,LGTCON02681;LGTCON02680,reachable,
LGTNET00049,LGTFIT00112,,unclassified_fitting,LGTLT00994,LGTCON02681;LGTCON02674,reachable,
LGTNET00049,LGTFIT00112,,unclassified_fitting,LGTLT00995,LGTCON02681;LGTCON02674;LGTCON02673;LGTCON02672,reachable,
LGTNET00049,LGTFIT00112,,unclassified_fitting,LGTLT00996,LGTCON02681;LGTCON02674;LGTCON02673;LGTCON02672;LGTCON02671;LGTCON02670,reachable,
LGTNET00049,LGTFIT00113,,unclassified_fitting,LGTLT00991,LGTCON02682;LGTCON02673;LGTCON02674;LGTCON02680;LGTCON02675;LGTCON02676;LGTCON02677;LGTCON02678,reachable,
LGTNET00049,LGTFIT00113,,unclassified_fitting,LGTLT00992,LGTCON02682;LGTCON02673;LGTCON02674;LGTCON02680;LGTCON02675;LGTCON02676,reachable,
LGTNET00049,LGTFIT00113,,unclassified_fitting,LGTLT00993,LGTCON02682;LGTCON02673;LGTCON02674;LGTCON02680,reachable,
LGTNET00049,LGTFIT00113,,unclassified_fitting,LGTLT00994,LGTCON02682;LGTCON02673,reachable,
LGTNET00049,LGTFIT00113,,unclassified_fitting,LGTLT00995,LGTCON02682;LGTCON02672,reachable,
LGTNET00049,LGTFIT00113,,unclassified_fitting,LGTLT00996,LGTCON02682;LGTCON02672;LGTCON02671;LGTCON02670,reachable,
LGTNET00049,LGTFIT00114,,unclassified_fitting,LGTLT00991,LGTCON02683;LGTCON02671;LGTCON02672;LGTCON02673;LGTCON02674;LGTCON02680;LGTCON02675;LGTCON02676;LGTCON02677;LGTCON02678,reachable,
LGTNET00049,LGTFIT00114,,unclassified_fitting,LGTLT00992,LGTCON02683;LGTCON02671;LGTCON02672;LGTCON02673;LGTCON02674;LGTCON02680;LGTCON02675;LGTCON02676,reachable,
LGTNET00049,LGTFIT00114,,unclassified_fitting,LGTLT00993,LGTCON02683;LGTCON02671;LGTCON02672;LGTCON02673;LGTCON02674;LGTCON02680,reachable,
LGTNET00049,LGTFIT00114,,unclassified_fitting,LGTLT00994,LGTCON02683;LGTCON02671;LGTCON02672;LGTCON02673,reachable,
LGTNET00049,LGTFIT00114,,unclassified_fitting,LGTLT00995,LGTCON02683;LGTCON02671,reachable,
LGTNET00049,LGTFIT00114,,unclassified_fitting,LGTLT00996,LGTCON02683;LGTCON02670,reachable,
LGTNET00050,LGTFIT00900,,unclassified_fitting,LGTLT02708,LGTCON03022;LGTCON03133;LGTCON03134,reachable,
LGTNET00050,LGTFIT00900,,unclassified_fitting,LGTLT05626,LGTCON03022;LGTCON03133;LGTCON03134;LGTCON04848,reachable,
LGTNET00050,LGTFIT00903,,unclassified_fitting,LGTLT02708,LGTCON03028;LGTCON03133;LGTCON03134,reachable,
LGTNET00050,LGTFIT00903,,unclassified_fitting,LGTLT05626,LGTCON03028;LGTCON03133;LGTCON03134;LGTCON04848,reachable,
LGTNET00051,LGTFIT00423,,unclassified_fitting,LGTLT02176,LGTCON03461,reachable,
LGTNET00051,LGTFIT00423,,unclassified_fitting,LGTLT02177,LGTCON03462,reachable,
LGTNET00051,LGTFIT00423,,unclassified_fitting,LGTLT02178,LGTCON03463;LGTCON03464,reachable,
LGTNET00051,LGTFIT00423,,unclassified_fitting,LGTLT02205,LGTCON03463;LGTCON03465,reachable,
LGTNET00051,LGTFIT00423,,unclassified_fitting,LGTLT02206,LGTCON03463;LGTCON00551;LGTCON03460,reachable,
LGTNET00052,LGTFIT01406,,unclassified_fitting,LGTLT00067,LGTCON03466,reachable,
LGTNET00057,LGTFIT00553,,unclassified_fitting,LGTLT00764,LGTCON01476;LGTCON01475;LGTCON01474;LGTCON01472;LGTCON01470,reachable,
LGTNET00057,LGTFIT00553,,unclassified_fitting,LGTLT00765,,unreachable,
LGTNET00057,LGTFIT00553,,unclassified_fitting,LGTLT00766,LGTCON01476;LGTCON01475;LGTCON01474;LGTCON01472;LGTCON01471,reachable,
LGTNET00057,LGTFIT00553,,unclassified_fitting,LGTLT00767,LGTCON01476;LGTCON01475;LGTCON01474,reachable,
LGTNET00057,LGTFIT00553,,unclassified_fitting,LGTLT00768,LGTCON01476;LGTCON01475;LGTCON01473,reachable,
LGTNET00057,LGTFIT00553,,unclassified_fitting,LGTLT00769,LGTCON01476,reachable,
LGTNET00057,LGTFIT00553,,unclassified_fitting,LGTLT00770,LGTCON01477,reachable,
LGTNET00057,LGTFIT00553,,unclassified_fitting,LGTLT00771,LGTCON01478,reachable,
LGTNET00057,LGTFIT00553,,unclassified_fitting,LGTLT00772,LGTCON01478;LGTCON01479;LGTCON01480,reachable,
LGTNET00059,LGTFIT00141,,unclassified_fitting,LGTLT01063,LGTCON03000;LGTCON02999;LGTCON02998,reachable,
LGTNET00059,LGTFIT00141,,unclassified_fitting,LGTLT01064,LGTCON03000;LGTCON02999,reachable,
LGTNET00059,LGTFIT00141,,unclassified_fitting,LGTLT01065,LGTCON03000,reachable,
LGTNET00060,LGTFIT01216,service_box,assumed,LGTLT01066,LGTCON02943;LGTCON02941;LGTCON02940;LGTCON02939,reachable,
LGTNET00060,LGTFIT01216,service_box,assumed,LGTLT01067,LGTCON02943,reachable,
LGTNET00060,LGTFIT01216,service_box,assumed,LGTLT01068,LGTCON02943;LGTCON02942,reachable,
LGTNET00060,LGTFIT01216,service_box,assumed,LGTLT01069,LGTCON02943;LGTCON02941;LGTCON02940,reachable,
LGTNET00060,LGTFIT01216,service_box,assumed,LGTLT01070,LGTCON02943;LGTCON02941,reachable,
LGTNET00061,LGTFIT01127,service_pole,unclassified_fitting,LGTLT00734,LGTCON00140;LGTCON00139;LGTCON00354,reachable,
LGTNET00061,LGTFIT01127,service_pole,unclassified_fitting,LGTLT00735,LGTCON00140;LGTCON00139,reachable,
LGTNET00061,LGTFIT01127,service_pole,unclassified_fitting,LGTLT00736,LGTCON00140,reachable,
LGTNET00062,LGTFIT01161,service_box,explicit,LGTLT01629,LGTCON01415,reachable,
LGTNET00066,LGTFIT00557,,unclassified_fitting,LGTLT00776,LGTCON01488,reachable,
LGTNET00066,LGTFIT00557,,unclassified_fitting,LGTLT00777,LGTCON01486,reachable,
LGTNET00066,LGTFIT00557,,unclassified_fitting,LGTLT00778,LGTCON01487;LGTCON01483;LGTCON01484,reachable,
LGTNET00066,LGTFIT00557,,unclassified_fitting,LGTLT00779,LGTCON01487;LGTCON01483;LGTCON01485;LGTCON03686,reachable,
LGTNET00066,LGTFIT00557,,unclassified_fitting,LGTLT00783,LGTCON01487;LGTCON01483;LGTCON01485,reachable,
LGTNET00066,LGTFIT00557,,unclassified_fitting,LGTLT00784,LGTCON01487,reachable,
LGTNET00067,LGTFIT00559,,unclassified_fitting,LGTLT00780,LGTCON01491,reachable,
LGTNET00067,LGTFIT00559,,unclassified_fitting,LGTLT00781,LGTCON01490,reachable,
LGTNET00067,LGTFIT00559,,unclassified_fitting,LGTLT00782,LGTCON01490;LGTCON01489,reachable,
LGTNET00069,LGTFIT01006,,unclassified_fitting,LGTLT01671,LGTCON03808,reachable,
LGTNET00069,LGTFIT01006,,unclassified_fitting,LGTLT01672,LGTCON00902,reachable,
LGTNET00070,LGTFIT01081,,unclassified_fitting,LGTLT01670,LGTCON03809;LGTCON00898;LGTCON00894;LGTCON03807;LGTCON00903,reachable,
LGTNET00070,LGTFIT01081,,unclassified_fitting,LGTLT01673,LGTCON03809;LGTCON00898;LGTCON00896,reachable,
LGTNET00070,LGTFIT01081,,unclassified_fitting,LGTLT02020,LGTCON03809;LGTCON00898;LGTCON00894;LGTCON03807;LGTCON00893,reachable,
LGTNET00070,LGTFIT01081,,unclassified_fitting,LGTLT02889,LGTCON03809,reachable,
LGTNET00071,LGTFIT00397,,unclassified_fitting,LGTLT00079,LGTCON00816,reachable,
LGTNET00071,LGTFIT00397,,unclassified_fitting,LGTLT05290,LGTCON00816;LGTCON00817,reachable,
LGTNET00071,LGTFIT01457,,unclassified_fitting,LGTLT00079,LGTCON04419;LGTCON00817,reachable,
LGTNET00071,LGTFIT01457,,unclassified_fitting,LGTLT05290,LGTCON04419,reachable,
LGTNET00072,LGTFIT01138,service_box,explicit,LGTLT00653,LGTCON01298,reachable,
LGTNET00073,LGTFIT01082,,unclassified_fitting,LGTLT00654,LGTCON03810;LGTCON03675;LGTCON03724;LGTCON03725;LGTCON03726,reachable,
LGTNET00073,LGTFIT01082,,unclassified_fitting,LGTLT00655,LGTCON03810;LGTCON03675;LGTCON03724,reachable,
LGTNET00073,LGTFIT01082,,unclassified_fitting,LGTLT00656,LGTCON03810;LGTCON03675;LGTCON03676,reachable,
LGTNET00073,LGTFIT01082,,unclassified_fitting,LGTLT00657,LGTCON03810,reachable,
LGTNET00075,LGTFIT00129,,unclassified_fitting,LGTLT00532,LGTCON03861;LGTCON03858;LGTCON03857;LGTCON02820;LGTCON02819;LGTCON02818,reachable,
LGTNET00075,LGTFIT00129,,unclassified_fitting,LGTLT01486,LGTCON03861;LGTCON03858;LGTCON03857;LGTCON02820,reachable,
LGTNET00075,LGTFIT00129,,unclassified_fitting,LGTLT01487,LGTCON03861;LGTCON03858;LGTCON03857;LGTCON02820;LGTCON02819,reachable,
LGTNET00075,LGTFIT00129,,unclassified_fitting,LGTLT02836,LGTCON03861;LGTCON03858,reachable,
LGTNET00075,LGTFIT00129,,unclassified_fitting,LGTLT02837,LGTCON03861;LGTCON03858;LGTCON03857,reachable,
LGTNET00075,LGTFIT00129,,unclassified_fitting,LGTLT02838,LGTCON03861,reachable,
LGTNET00076,LGTFIT00852,,unclassified_fitting,LGTLT00533,LGTCON02811,reachable,
LGTNET00076,LGTFIT00852,,unclassified_fitting,LGTLT00534,LGTCON02811;LGTCON02812,reachable,
LGTNET00076,LGTFIT00852,,unclassified_fitting,LGTLT00535,LGTCON02811;LGTCON02812;LGTCON02813,reachable,
LGTNET00077,LGTFIT01069,service_box,explicit,LGTLT01658,LGTCON02045;LGTCON02044,reachable,
LGTNET00077,LGTFIT01069,service_box,explicit,LGTLT01659,LGTCON02045,reachable,
LGTNET00078,LGTFIT00422,,unclassified_fitting,LGTLT02385,LGTCON03450,reachable,
LGTNET00078,LGTFIT00422,,unclassified_fitting,LGTLT02386,LGTCON03451,reachable,
LGTNET00078,LGTFIT00422,,unclassified_fitting,LGTLT02387,LGTCON03449,reachable,
LGTNET00079,LGTFIT01180,service_box,explicit,LGTLT02339,LGTCON01184;LGTCON01185;LGTCON01186;LGTCON01187;LGTCON01188;LGTCON01189,reachable,
LGTNET00079,LGTFIT01180,service_box,explicit,LGTLT02340,LGTCON01184;LGTCON01185;LGTCON01186;LGTCON01187;LGTCON01188,reachable,
LGTNET00079,LGTFIT01180,service_box,explicit,LGTLT02341,LGTCON01184;LGTCON01185;LGTCON01186;LGTCON01187,reachable,
LGTNET00079,LGTFIT01180,service_box,explicit,LGTLT02342,LGTCON01184;LGTCON01185;LGTCON01186,reachable,
LGTNET00079,LGTFIT01180,service_box,explicit,LGTLT02343,LGTCON01184;LGTCON01185,reachable,
LGTNET00079,LGTFIT01180,service_box,explicit,LGTLT02344,LGTCON01184,reachable,
LGTNET00080,LGTFIT00053,,unclassified_fitting,LGTLT02049,LGTCON00159;LGTCON00160;LGTCON00161;LGTCON00164;LGTCON00163,reachable,
LGTNET00080,LGTFIT00053,,unclassified_fitting,LGTLT02050,LGTCON00159;LGTCON00160;LGTCON00161;LGTCON00158,reachable,
LGTNET00080,LGTFIT00053,,unclassified_fitting,LGTLT02051,LGTCON00159;LGTCON00160,reachable,
LGTNET00080,LGTFIT00054,,unclassified_fitting,LGTLT02049,LGTCON00162,reachable,
LGTNET00080,LGTFIT00054,,unclassified_fitting,LGTLT02050,LGTCON00162;LGTCON00163;LGTCON00164;LGTCON00158,reachable,
LGTNET00080,LGTFIT00054,,unclassified_fitting,LGTLT02051,LGTCON00162;LGTCON00163;LGTCON00164;LGTCON00161,reachable,
LGTNET00083,LGTFIT00191,,unclassified_fitting,LGTLT02676,LGTCON00870;LGTCON03185;LGTCON03186;LGTCON03187;LGTCON03188,reachable,
LGTNET00083,LGTFIT00191,,unclassified_fitting,LGTLT02677,LGTCON00870;LGTCON03185;LGTCON03186;LGTCON03187;LGTCON03188;LGTCON00871;LGTCON03190;LGTCON03189,reachable,
LGTNET00083,LGTFIT00191,,unclassified_fitting,LGTLT02720,LGTCON00870;LGTCON03185,reachable,
LGTNET00083,LGTFIT00191,,unclassified_fitting,LGTLT02721,LGTCON00870;LGTCON03185;LGTCON03186,reachable,
LGTNET00083,LGTFIT00191,,unclassified_fitting,LGTLT02722,LGTCON00870,reachable,
LGTNET00083,LGTFIT00191,,unclassified_fitting,LGTLT02723,LGTCON00870;LGTCON03185;LGTCON03186;LGTCON03187;LGTCON03188;LGTCON00871;LGTCON03190,reachable,
LGTNET00083,LGTFIT00191,,unclassified_fitting,LGTLT02724,LGTCON00870;LGTCON03185;LGTCON03186;LGTCON03187;LGTCON03188;LGTCON00871,reachable,
LGTNET00083,LGTFIT00192,,unclassified_fitting,LGTLT02676,LGTCON00872;LGTCON03189;LGTCON03190;LGTCON00871,reachable,
LGTNET00083,LGTFIT00192,,unclassified_fitting,LGTLT02677,LGTCON00872,reachable,
LGTNET00083,LGTFIT00192,,unclassified_fitting,LGTLT02720,LGTCON00872;LGTCON03189;LGTCON03190;LGTCON00871;LGTCON03188;LGTCON03187;LGTCON03186,reachable,
LGTNET00083,LGTFIT00192,,unclassified_fitting,LGTLT02721,LGTCON00872;LGTCON03189;LGTCON03190;LGTCON00871;LGTCON03188;LGTCON03187,reachable,
LGTNET00083,LGTFIT00192,,unclassified_fitting,LGTLT02722,LGTCON00872;LGTCON03189;LGTCON03190;LGTCON00871;LGTCON03188;LGTCON03187;LGTCON03186;LGTCON03185,reachable,
LGTNET00083,LGTFIT00192,,unclassified_fitting,LGTLT02723,LGTCON00872;LGTCON03189,reachable,
LGTNET00083,LGTFIT00192,,unclassified_fitting,LGTLT02724,LGTCON00872;LGTCON03189;LGTCON03190,reachable,
LGTNET00084,LGTFIT00180,,unclassified_fitting,LGTLT01674,LGTCON00911,reachable,
LGTNET00084,LGTFIT00180,,unclassified_fitting,LGTLT01675,,unreachable,
LGTNET00084,LGTFIT00180,,unclassified_fitting,LGTLT01676,,unreachable,
LGTNET00084,LGTFIT00180,,unclassified_fitting,LGTLT01677,LGTCON00911;LGTCON00907,reachable,
LGTNET00084,LGTFIT00180,,unclassified_fitting,LGTLT01678,LGTCON00911;LGTCON00907;LGTCON00908,reachable,
LGTNET00085,LGTFIT00240,,unclassified_fitting,LGTLT01352,LGTCON00065;LGTCON00066,reachable,
LGTNET00085,LGTFIT00240,,unclassified_fitting,LGTLT01353,LGTCON00065;LGTCON00064,reachable,
LGTNET00085,LGTFIT00240,,unclassified_fitting,LGTLT01354,LGTCON00067,reachable,
LGTNET00086,LGTFIT00952,,unclassified_fitting,LGTLT01355,LGTCON03340;LGTCON03339,reachable,
LGTNET00086,LGTFIT00952,,unclassified_fitting,LGTLT01356,LGTCON03341,reachable,
LGTNET00086,LGTFIT00952,,unclassified_fitting,LGTLT02021,LGTCON03342,reachable,
LGTNET00087,LGTFIT00072,,unclassified_fitting,LGTLT00263,,unreachable,
LGTNET00087,LGTFIT00072,,unclassified_fitting,LGTLT00264,,unreachable,
LGTNET00087,LGTFIT00072,,unclassified_fitting,LGTLT00265,,unreachable,
LGTNET00087,LGTFIT00072,,unclassified_fitting,LGTLT00266,,unreachable,
LGTNET00087,LGTFIT00072,,unclassified_fitting,LGTLT00267,,unreachable,
LGTNET00087,LGTFIT00072,,unclassified_fitting,LGTLT00268,,unreachable,
LGTNET00087,LGTFIT00072,,unclassified_fitting,LGTLT00269,,unreachable,
LGTNET00087,LGTFIT00072,,unclassified_fitting,LGTLT00270,LGTCON02796;LGTCON02785;LGTCON02786;LGTCON02787,reachable,
LGTNET00087,LGTFIT00072,,unclassified_fitting,LGTLT00271,LGTCON02796;LGTCON02785;LGTCON02786,reachable,
LGTNET00087,LGTFIT00072,,unclassified_fitting,LGTLT00272,LGTCON02796;LGTCON02785,reachable,
LGTNET00087,LGTFIT00072,,unclassified_fitting,LGTLT00273,LGTCON02796,reachable,
LGTNET00087,LGTFIT00073,,unclassified_fitting,LGTLT00263,,unreachable,
LGTNET00087,LGTFIT00073,,unclassified_fitting,LGTLT00264,,unreachable,
LGTNET00087,LGTFIT00073,,unclassified_fitting,LGTLT00265,,unreachable,
LGTNET00087,LGTFIT00073,,unclassified_fitting,LGTLT00266,,unreachable,
LGTNET00087,LGTFIT00073,,unclassified_fitting,LGTLT00267,,unreachable,
LGTNET00087,LGTFIT00073,,unclassified_fitting,LGTLT00268,,unreachable,
LGTNET00087,LGTFIT00073,,unclassified_fitting,LGTLT00269,,unreachable,
LGTNET00087,LGTFIT00073,,unclassified_fitting,LGTLT00270,LGTCON02797;LGTCON02785;LGTCON02786;LGTCON02787,reachable,
LGTNET00087,LGTFIT00073,,unclassified_fitting,LGTLT00271,LGTCON02797;LGTCON02785;LGTCON02786,reachable,
LGTNET00087,LGTFIT00073,,unclassified_fitting,LGTLT00272,LGTCON02797;LGTCON02785,reachable,
LGTNET00087,LGTFIT00073,,unclassified_fitting,LGTLT00273,LGTCON02797,reachable,
LGTNET00087,LGTFIT01213,service_box,assumed,LGTLT00263,,unreachable,
LGTNET00087,LGTFIT01213,service_box,assumed,LGTLT00264,,unreachable,
LGTNET00087,LGTFIT01213,service_box,assumed,LGTLT00265,,unreachable,
LGTNET00087,LGTFIT01213,service_box,assumed,LGTLT00266,,unreachable,
LGTNET00087,LGTFIT01213,service_box,assumed,LGTLT00267,,unreachable,
LGTNET00087,LGTFIT01213,service_box,assumed,LGTLT00268,,unreachable,
LGTNET00087,LGTFIT01213,service_box,assumed,LGTLT00269,,unreachable,
LGTNET00087,LGTFIT01213,service_box,assumed,LGTLT00270,LGTCON02788,reachable,
LGTNET00087,LGTFIT01213,service_box,assumed,LGTLT00271,LGTCON02788;LGTCON02787,reachable,
LGTNET00087,LGTFIT01213,service_box,assumed,LGTLT00272,LGTCON02788;LGTCON02787;LGTCON02786,reachable,
LGTNET00087,LGTFIT01213,service_box,assumed,LGTLT00273,LGTCON02788;LGTCON02787;LGTCON02786;LGTCON02785,reachable,
LGTNET00088,LGTFIT01241,service_box,explicit,LGTLT00094,LGTCON00200;LGTCON00201;LGTCON00202;LGTCON00203;LGTCON00205;LGTCON00206;LGTCON00208,reachable,
LGTNET00088,LGTFIT01241,service_box,explicit,LGTLT00095,LGTCON00200;LGTCON00201;LGTCON00202;LGTCON00203;LGTCON00205;LGTCON00206;LGTCON00207,reachable,
LGTNET00088,LGTFIT01241,service_box,explicit,LGTLT00096,LGTCON00200;LGTCON00201;LGTCON00202;LGTCON00203;LGTCON00205;LGTCON00204,reachable,
LGTNET00088,LGTFIT01241,service_box,explicit,LGTLT00097,LGTCON00200;LGTCON00201;LGTCON00202;LGTCON00203,reachable,
LGTNET00088,LGTFIT01241,service_box,explicit,LGTLT00098,LGTCON00200;LGTCON00201,reachable,
LGTNET00088,LGTFIT01241,service_box,explicit,LGTLT00099,LGTCON00200,reachable,
LGTNET00088,LGTFIT01241,service_box,explicit,LGTLT00100,LGTCON00200;LGTCON00209,reachable,
LGTNET00088,LGTFIT01241,service_box,explicit,LGTLT00101,LGTCON00200;LGTCON00201;LGTCON00202;LGTCON03344,reachable,
LGTNET00088,LGTFIT01241,service_box,explicit,LGTLT00102,LGTCON00200;LGTCON00201;LGTCON00202;LGTCON03344;LGTCON03343,reachable,
LGTNET00089,LGTFIT01119,service_box,explicit,LGTLT00550,LGTCON01266;LGTCON01265;LGTCON01264,reachable,
LGTNET00089,LGTFIT01119,service_box,explicit,LGTLT00551,LGTCON01266,reachable,
LGTNET00089,LGTFIT01119,service_box,explicit,LGTLT00552,LGTCON01267;LGTCON01268,reachable,
LGTNET00089,LGTFIT01119,service_box,explicit,LGTLT00553,LGTCON01267;LGTCON01268;LGTCON01269;LGTCON01270;LGTCON01272,reachable,
LGTNET00089,LGTFIT01119,service_box,explicit,LGTLT00554,LGTCON01267;LGTCON01268;LGTCON01269;LGTCON01270;LGTCON01272;LGTCON01271,reachable,
LGTNET00089,LGTFIT01119,service_box,explicit,LGTLT00555,LGTCON01267;LGTCON01268;LGTCON01269;LGTCON01270,reachable,
LGTNET00089,LGTFIT01119,service_box,explicit,LGTLT00556,LGTCON01267;LGTCON01268;LGTCON01269,reachable,
LGTNET00089,LGTFIT01119,service_box,explicit,LGTLT00557,LGTCON01267,reachable,
LGTNET00089,LGTFIT01119,service_box,explicit,LGTLT00558,LGTCON01266;LGTCON01265,reachable,
LGTNET00090,LGTFIT01231,service_box,assumed,LGTLT01989,LGTCON01516;LGTCON01514;LGTCON01515,reachable,
LGTNET00090,LGTFIT01231,service_box,assumed,LGTLT01990,LGTCON01516;LGTCON01514;LGTCON01513,reachable,
LGTNET00090,LGTFIT01231,service_box,assumed,LGTLT01991,LGTCON01516,reachable,
LGTNET00090,LGTFIT01231,service_box,assumed,LGTLT01992,LGTCON01516;LGTCON01517,reachable,
LGTNET00092,LGTFIT00009,,unclassified_fitting,LGTLT00350,LGTCON00600;LGTCON00599;LGTCON00596;LGTCON00595;LGTCON00590;LGTCON00586;LGTCON00584,reachable,
LGTNET00092,LGTFIT00009,,unclassified_fitting,LGTLT00351,LGTCON00600;LGTCON00599;LGTCON00596;LGTCON00595;LGTCON00590;LGTCON00586;LGTCON00584;LGTCON00585,reachable,
LGTNET00092,LGTFIT00009,,unclassified_fitting,LGTLT00541,LGTCON00600;LGTCON00599;LGTCON00596;LGTCON00595;LGTCON00590;LGTCON00586;LGTCON00583,reachable,
LGTNET00092,LGTFIT00009,,unclassified_fitting,LGTLT00542,LGTCON00600;LGTCON00599;LGTCON00596;LGTCON00595;LGTCON00590,reachable,
LGTNET00092,LGTFIT00009,,unclassified_fitting,LGTLT00543,LGTCON00600;LGTCON00599;LGTCON00596;LGTCON00595,reachable,
LGTNET00092,LGTFIT00009,,unclassified_fitting,LGTLT00544,LGTCON00600;LGTCON00599;LGTCON00597;LGTCON00598,reachable,
LGTNET00092,LGTFIT00009,,unclassified_fitting,LGTLT00545,LGTCON00600;LGTCON00599;LGTCON00596;LGTCON00594;LGTCON00593,reachable,
LGTNET00092,LGTFIT00009,,unclassified_fitting,LGTLT00546,LGTCON00600;LGTCON00599;LGTCON00596;LGTCON00594;LGTCON00593;LGTCON00592,reachable,
LGTNET00092,LGTFIT00009,,unclassified_fitting,LGTLT00547,LGTCON00600;LGTCON00599;LGTCON00596;LGTCON00595;LGTCON00590;LGTCON00588;LGTCON00587,reachable,
LGTNET00092,LGTFIT00009,,unclassified_fitting,LGTLT00548,,unreachable,
LGTNET00092,LGTFIT00010,,unclassified_fitting,LGTLT00350,LGTCON00601;LGTCON00598;LGTCON00597;LGTCON00596;LGTCON00595;LGTCON00590;LGTCON00586;LGTCON00584,reachable,
LGTNET00092,LGTFIT00010,,unclassified_fitting,LGTLT00351,LGTCON00601;LGTCON00598;LGTCON00597;LGTCON00596;LGTCON00595;LGTCON00590;LGTCON00586;LGTCON00584;LGTCON00585,reachable,
LGTNET00092,LGTFIT00010,,unclassified_fitting,LGTLT00541,LGTCON00601;LGTCON00598;LGTCON00597;LGTCON00596;LGTCON00595;LGTCON00590;LGTCON00586;LGTCON00583,reachable,
LGTNET00092,LGTFIT00010,,unclassified_fitting,LGTLT00542,LGTCON00601;LGTCON00598;LGTCON00597;LGTCON00596;LGTCON00595;LGTCON00590,reachable,
LGTNET00092,LGTFIT00010,,unclassified_fitting,LGTLT00543,LGTCON00601;LGTCON00598;LGTCON00597;LGTCON00596;LGTCON00595,reachable,
LGTNET00092,LGTFIT00010,,unclassified_fitting,LGTLT00544,LGTCON00601,reachable,
LGTNET00092,LGTFIT00010,,unclassified_fitting,LGTLT00545,LGTCON00601;LGTCON00598;LGTCON00597;LGTCON00596;LGTCON00594;LGTCON00593,reachable,
LGTNET00092,LGTFIT00010,,unclassified_fitting,LGTLT00546,LGTCON00601;LGTCON00598;LGTCON00597;LGTCON00596;LGTCON00594;LGTCON00593;LGTCON00592,reachable,
LGTNET00092,LGTFIT00010,,unclassified_fitting,LGTLT00547,LGTCON00601;LGTCON00598;LGTCON00597;LGTCON00596;LGTCON00595;LGTCON00590;LGTCON00588;LGTCON00587,reachable,
LGTNET00092,LGTFIT00010,,unclassified_fitting,LGTLT00548,,unreachable,
LGTNET00092,LGTFIT00093,,unclassified_fitting,LGTLT00350,LGTCON00780;LGTCON00585,reachable,
LGTNET00092,LGTFIT00093,,unclassified_fitting,LGTLT00351,LGTCON00780,reachable,
LGTNET00092,LGTFIT00093,,unclassified_fitting,LGTLT00541,LGTCON00780;LGTCON00585;LGTCON00584;LGTCON00583,reachable,
LGTNET00092,LGTFIT00093,,unclassified_fitting,LGTLT00542,LGTCON00780;LGTCON00585;LGTCON00584;LGTCON00586,reachable,
LGTNET00092,LGTFIT00093,,unclassified_fitting,LGTLT00543,LGTCON00780;LGTCON00585;LGTCON00584;LGTCON00586;LGTCON00590,reachable,
LGTNET00092,LGTFIT00093,,unclassified_fitting,LGTLT00544,LGTCON00780;LGTCON00585;LGTCON00584;LGTCON00586;LGTCON00590;LGTCON00595;LGTCON00596;LGTCON00597;LGTCON00598,reachable,
LGTNET00092,LGTFIT00093,,unclassified_fitting,LGTLT00545,LGTCON00780;LGTCON00585;LGTCON00584;LGTCON00586;LGTCON00588;LGTCON00591;LGTCON00592,reachable,
LGTNET00092,LGTFIT00093,,unclassified_fitting,LGTLT00546,LGTCON00780;LGTCON00585;LGTCON00584;LGTCON00586;LGTCON00588;LGTCON00591,reachable,
LGTNET00092,LGTFIT00093,,unclassified_fitting,LGTLT00547,LGTCON00780;LGTCON00585;LGTCON00584;LGTCON00586;LGTCON00588;LGTCON00587,reachable,
LGTNET00092,LGTFIT00093,,unclassified_fitting,LGTLT00548,,unreachable,
LGTNET00092,LGTFIT00388,,unclassified_fitting,LGTLT00350,LGTCON00594;LGTCON00595;LGTCON00590;LGTCON00586;LGTCON00584,reachable,
LGTNET00092,LGTFIT00388,,unclassified_fitting,LGTLT00351,LGTCON00594;LGTCON00595;LGTCON00590;LGTCON00586;LGTCON00584;LGTCON00585,reachable,
LGTNET00092,LGTFIT00388,,unclassified_fitting,LGTLT00541,LGTCON00594;LGTCON00595;LGTCON00590;LGTCON00586;LGTCON00583,reachable,
LGTNET00092,LGTFIT00388,,unclassified_fitting,LGTLT00542,LGTCON00594;LGTCON00595;LGTCON00590,reachable,
LGTNET00092,LGTFIT00388,,unclassified_fitting,LGTLT00543,LGTCON00594;LGTCON00595,reachable,
LGTNET00092,LGTFIT00388,,unclassified_fitting,LGTLT00544,LGTCON00594;LGTCON00596;LGTCON00597;LGTCON00598,reachable,
LGTNET00092,LGTFIT00388,,unclassified_fitting,LGTLT00545,LGTCON00593,reachable,
LGTNET00092,LGTFIT00388,,unclassified_fitting,LGTLT00546,LGTCON00593;LGTCON00592,reachable,
LGTNET00092,LGTFIT00388,,unclassified_fitting,LGTLT00547,LGTCON00593;LGTCON00592;LGTCON00591;LGTCON00587,reachable,
LGTNET00092,LGTFIT00388,,unclassified_fitting,LGTLT00548,,unreachable,
LGTNET00092,LGTFIT01210,service_box,explicit,LGTLT00350,LGTCON00589;LGTCON00586;LGTCON00584,reachable,
LGTNET00092,LGTFIT01210,service_box,explicit,LGTLT00351,LGTCON00589;LGTCON00586;LGTCON00584;LGTCON00585,reachable,
LGTNET00092,LGTFIT01210,service_box,explicit,LGTLT00541,LGTCON00589;LGTCON00586;LGTCON00583,reachable,
LGTNET00092,LGTFIT01210,service_box,explicit,LGTLT00542,LGTCON00589,reachable,
LGTNET00092,LGTFIT01210,service_box,explicit,LGTLT00543,LGTCON00589;LGTCON00590,reachable,
LGTNET00092,LGTFIT01210,service_box,explicit,LGTLT00544,LGTCON00589;LGTCON00590;LGTCON00595;LGTCON00596;LGTCON00597;LGTCON00598,reachable,
LGTNET00092,LGTFIT01210,service_box,explicit,LGTLT00545,LGTCON00589;LGTCON00588;LGTCON00591;LGTCON00592,reachable,
LGTNET00092,LGTFIT01210,service_box,explicit,LGTLT00546,LGTCON00589;LGTCON00588;LGTCON00591,reachable,
LGTNET00092,LGTFIT01210,service_box,explicit,LGTLT00547,LGTCON00589;LGTCON00588;LGTCON00587,reachable,
LGTNET00092,LGTFIT01210,service_box,explicit,LGTLT00548,,unreachable,
LGTNET00093,LGTFIT00103,,unclassified_fitting,LGTLT00984,LGTCON02703;LGTCON02702,reachable,
LGTNET00093,LGTFIT00103,,unclassified_fitting,LGTLT00985,LGTCON02703;LGTCON02702;LGTCON02701,reachable,
LGTNET00093,LGTFIT00103,,unclassified_fitting,LGTLT00986,LGTCON02703;LGTCON02702;LGTCON02701;LGTCON02700,reachable,
LGTNET00093,LGTFIT00103,,unclassified_fitting,LGTLT00987,LGTCON02703;LGTCON02702;LGTCON02701;LGTCON02700;LGTCON02699,reachable,
LGTNET00095,LGTFIT00004,,unclassified_fitting,LGTLT00352,LGTCON00528;LGTCON00523;LGTCON00522;LGTCON00521;LGTCON00520;LGTCON00519,reachable,
LGTNET00095,LGTFIT00004,,unclassified_fitting,LGTLT00353,LGTCON00528;LGTCON00523;LGTCON00522;LGTCON00521,reachable,
LGTNET00095,LGTFIT00004,,unclassified_fitting,LGTLT00354,LGTCON00528;LGTCON00523;LGTCON00524,reachable,
LGTNET00095,LGTFIT00004,,unclassified_fitting,LGTLT00355,LGTCON00528;LGTCON00523;LGTCON00524;LGTCON00525,reachable,
LGTNET00095,LGTFIT00004,,unclassified_fitting,LGTLT00356,LGTCON00528;LGTCON00523;LGTCON00524;LGTCON00525;LGTCON00526,reachable,
LGTNET00095,LGTFIT00004,,unclassified_fitting,LGTLT00357,LGTCON00528,reachable,
LGTNET00095,LGTFIT00004,,unclassified_fitting,LGTLT00358,LGTCON00528;LGTCON00523;LGTCON00522,reachable,
LGTNET00095,LGTFIT00004,,unclassified_fitting,LGTLT00525,LGTCON00528;LGTCON00523;LGTCON00522;LGTCON00521;LGTCON00520,reachable,
LGTNET00095,LGTFIT00004,,unclassified_fitting,LGTLT00526,LGTCON00528;LGTCON00523;LGTCON00522;LGTCON00521;LGTCON00520;LGTCON00519;LGTCON00518,reachable,
LGTNET00095,LGTFIT00005,,unclassified_fitting,LGTLT00352,LGTCON00529;LGTCON00520;LGTCON00519,reachable,
LGTNET00095,LGTFIT00005,,unclassified_fitting,LGTLT00353,LGTCON00529,reachable,
LGTNET00095,LGTFIT00005,,unclassified_fitting,LGTLT00354,LGTCON00529;LGTCON00521;LGTCON00522;LGTCON00524,reachable,
LGTNET00095,LGTFIT00005,,unclassified_fitting,LGTLT00355,LGTCON00529;LGTCON00521;LGTCON00522;LGTCON00524;LGTCON00525,reachable,
LGTNET00095,LGTFIT00005,,unclassified_fitting,LGTLT00356,LGTCON00529;LGTCON00521;LGTCON00522;LGTCON00524;LGTCON00525;LGTCON00526,reachable,
LGTNET00095,LGTFIT00005,,unclassified_fitting,LGTLT00357,LGTCON00529;LGTCON00521;LGTCON00522;LGTCON00523,reachable,
LGTNET00095,LGTFIT00005,,unclassified_fitting,LGTLT00358,LGTCON00529;LGTCON00521,reachable,
LGTNET00095,LGTFIT00005,,unclassified_fitting,LGTLT00525,LGTCON00529;LGTCON00520,reachable,
LGTNET00095,LGTFIT00005,,unclassified_fitting,LGTLT00526,LGTCON00529;LGTCON00520;LGTCON00519;LGTCON00518,reachable,
LGTNET00095,LGTFIT01206,service_box,explicit,LGTLT00352,LGTCON00527;LGTCON00524;LGTCON00522;LGTCON00521;LGTCON00520;LGTCON00519,reachable,
LGTNET00095,LGTFIT01206,service_box,explicit,LGTLT00353,LGTCON00527;LGTCON00524;LGTCON00522;LGTCON00521,reachable,
LGTNET00095,LGTFIT01206,service_box,explicit,LGTLT00354,LGTCON00527,reachable,
LGTNET00095,LGTFIT01206,service_box,explicit,LGTLT00355,LGTCON00527;LGTCON00525,reachable,
LGTNET00095,LGTFIT01206,service_box,explicit,LGTLT00356,LGTCON00527;LGTCON00525;LGTCON00526,reachable,
LGTNET00095,LGTFIT01206,service_box,explicit,LGTLT00357,LGTCON00527;LGTCON00524;LGTCON00523,reachable,
LGTNET00095,LGTFIT01206,service_box,explicit,LGTLT00358,LGTCON00527;LGTCON00524;LGTCON00522,reachable,
LGTNET00095,LGTFIT01206,service_box,explicit,LGTLT00525,LGTCON00527;LGTCON00524;LGTCON00522;LGTCON00521;LGTCON00520,reachable,
LGTNET00095,LGTFIT01206,service_box,explicit,LGTLT00526,LGTCON00527;LGTCON00524;LGTCON00522;LGTCON00521;LGTCON00520;LGTCON00519;LGTCON00518,reachable,
LGTNET00096,LGTFIT01070,service_box,explicit,LGTLT01438,LGTCON02046;LGTCON02047,reachable,
LGTNET00096,LGTFIT01070,service_box,explicit,LGTLT01439,LGTCON02046,reachable,
LGTNET00098,LGTFIT01169,service_box,explicit,LGTLT01890,LGTCON00397;LGTCON00400,reachable,
LGTNET00098,LGTFIT01169,service_box,explicit,LGTLT01891,LGTCON00397,reachable,
LGTNET00098,LGTFIT01169,service_box,explicit,LGTLT01892,LGTCON00397;LGTCON00399,reachable,
LGTNET00098,LGTFIT01169,service_box,explicit,LGTLT01893,LGTCON00397;LGTCON00399;LGTCON00398,reachable,
LGTNET00099,LGTFIT00035,,unclassified_fitting,LGTLT02660,LGTCON00836;LGTCON00837;LGTCON00824;LGTCON00825;LGTCON00826,reachable,
LGTNET00099,LGTFIT00035,,unclassified_fitting,LGTLT02661,LGTCON00836;LGTCON00837;LGTCON00824;LGTCON00825,reachable,
LGTNET00099,LGTFIT00035,,unclassified_fitting,LGTLT02662,LGTCON00836;LGTCON00837;LGTCON00824,reachable,
LGTNET00099,LGTFIT00035,,unclassified_fitting,LGTLT02663,LGTCON00836;LGTCON00837,reachable,
LGTNET00099,LGTFIT00035,,unclassified_fitting,LGTLT02664,LGTCON00836,reachable,
LGTNET00099,LGTFIT00035,,unclassified_fitting,LGTLT02665,LGTCON00836;LGTCON00835,reachable,
LGTNET00099,LGTFIT00035,,unclassified_fitting,LGTLT02666,LGTCON00836;LGTCON00835;LGTCON00834,reachable,
LGTNET00099,LGTFIT00035,,unclassified_fitting,LGTLT02667,LGTCON00836;LGTCON00837;LGTCON00824;LGTCON00825;LGTCON00826;LGTCON00830;LGTCON00831,reachable,
LGTNET00099,LGTFIT00035,,unclassified_fitting,LGTLT02668,LGTCON00836;LGTCON00837;LGTCON00824;LGTCON00825;LGTCON00826;LGTCON00830,reachable,
LGTNET00099,LGTFIT00036,,unclassified_fitting,LGTLT02660,LGTCON00829,reachable,
LGTNET00099,LGTFIT00036,,unclassified_fitting,LGTLT02661,LGTCON00829;LGTCON00826,reachable,
LGTNET00099,LGTFIT00036,,unclassified_fitting,LGTLT02662,LGTCON00829;LGTCON00826;LGTCON00825,reachable,
LGTNET00099,LGTFIT00036,,unclassified_fitting,LGTLT02663,LGTCON00829;LGTCON00826;LGTCON00825;LGTCON00824,reachable,
LGTNET00099,LGTFIT00036,,unclassified_fitting,LGTLT02664,LGTCON00829;LGTCON00826;LGTCON00825;LGTCON00824;LGTCON00837,reachable,
LGTNET00099,LGTFIT00036,,unclassified_fitting,LGTLT02665,LGTCON00829;LGTCON00826;LGTCON00825;LGTCON00824;LGTCON00837;LGTCON00835,reachable,
LGTNET00099,LGTFIT00036,,unclassified_fitting,LGTLT02666,LGTCON00829;LGTCON00826;LGTCON00825;LGTCON00824;LGTCON00837;LGTCON00835;LGTCON00834,reachable,
LGTNET00099,LGTFIT00036,,unclassified_fitting,LGTLT02667,LGTCON00829;LGTCON00830;LGTCON00831,reachable,
LGTNET00099,LGTFIT00036,,unclassified_fitting,LGTLT02668,LGTCON00829;LGTCON00830,reachable,
LGTNET00099,LGTFIT00037,,unclassified_fitting,LGTLT02660,LGTCON00832;LGTCON00831;LGTCON00830,reachable,
LGTNET00099,LGTFIT00037,,unclassified_fitting,LGTLT02661,LGTCON00832;LGTCON00831;LGTCON00830;LGTCON00826,reachable,
LGTNET00099,LGTFIT00037,,unclassified_fitting,LGTLT02662,LGTCON00832;LGTCON00831;LGTCON00830;LGTCON00826;LGTCON00825,reachable,
LGTNET00099,LGTFIT00037,,unclassified_fitting,LGTLT02663,LGTCON00832;LGTCON00831;LGTCON00830;LGTCON00826;LGTCON00825;LGTCON00824,reachable,
LGTNET00099,LGTFIT00037,,unclassified_fitting,LGTLT02664,LGTCON00832;LGTCON00831;LGTCON00830;LGTCON00826;LGTCON00825;LGTCON00824;LGTCON00837,reachable,
LGTNET00099,LGTFIT00037,,unclassified_fitting,LGTLT02665,LGTCON00832;LGTCON00831;LGTCON00830;LGTCON00826;LGTCON00825;LGTCON00824;LGTCON00837;LGTCON00835,reachable,
LGTNET00099,LGTFIT00037,,unclassified_fitting,LGTLT02666,LGTCON00832;LGTCON00831;LGTCON00830;LGTCON00826;LGTCON00825;LGTCON00824;LGTCON00837;LGTCON00835;LGTCON00834,reachable,
LGTNET00099,LGTFIT00037,,unclassified_fitting,LGTLT02667,LGTCON00832,reachable,
LGTNET00099,LGTFIT00037,,unclassified_fitting,LGTLT02668,LGTCON00832;LGTCON00831,reachable,
LGTNET00099,LGTFIT00038,,unclassified_fitting,LGTLT02660,LGTCON00838;LGTCON00824;LGTCON00825;LGTCON00826,reachable,
LGTNET00099,LGTFIT00038,,unclassified_fitting,LGTLT02661,LGTCON00838;LGTCON00824;LGTCON00825,reachable,
LGTNET00099,LGTFIT00038,,unclassified_fitting,LGTLT02662,LGTCON00838;LGTCON00824,reachable,
LGTNET00099,LGTFIT00038,,unclassified_fitting,LGTLT02663,LGTCON00838,reachable,
LGTNET00099,LGTFIT00038,,unclassified_fitting,LGTLT02664,LGTCON00838;LGTCON00837,reachable,
LGTNET00099,LGTFIT00038,,unclassified_fitting,LGTLT02665,LGTCON00838;LGTCON00837;LGTCON00835,reachable,
LGTNET00099,LGTFIT00038,,unclassified_fitting,LGTLT02666,LGTCON00838;LGTCON00837;LGTCON00835;LGTCON00834,reachable,
LGTNET00099,LGTFIT00038,,unclassified_fitting,LGTLT02667,LGTCON00838;LGTCON00824;LGTCON00825;LGTCON00826;LGTCON00830;LGTCON00831,reachable,
LGTNET00099,LGTFIT00038,,unclassified_fitting,LGTLT02668,LGTCON00838;LGTCON00824;LGTCON00825;LGTCON00826;LGTCON00830,reachable,
LGTNET00099,LGTFIT00040,,unclassified_fitting,LGTLT02660,LGTCON00347;LGTCON00831;LGTCON00830,reachable,
LGTNET00099,LGTFIT00040,,unclassified_fitting,LGTLT02661,LGTCON00347;LGTCON00831;LGTCON00830;LGTCON00826,reachable,
LGTNET00099,LGTFIT00040,,unclassified_fitting,LGTLT02662,LGTCON00347;LGTCON00831;LGTCON00830;LGTCON00826;LGTCON00825,reachable,
LGTNET00099,LGTFIT00040,,unclassified_fitting,LGTLT02663,LGTCON00347;LGTCON00831;LGTCON00830;LGTCON00826;LGTCON00825;LGTCON00824,reachable,
LGTNET00099,LGTFIT00040,,unclassified_fitting,LGTLT02664,LGTCON00347;LGTCON00831;LGTCON00830;LGTCON00826;LGTCON00825;LGTCON00824;LGTCON00837,reachable,
LGTNET00099,LGTFIT00040,,unclassified_fitting,LGTLT02665,LGTCON00347;LGTCON00831;LGTCON00830;LGTCON00826;LGTCON00825;LGTCON00824;LGTCON00837;LGTCON00835,reachable,
LGTNET00099,LGTFIT00040,,unclassified_fitting,LGTLT02666,LGTCON00347;LGTCON00831;LGTCON00830;LGTCON00826;LGTCON00825;LGTCON00824;LGTCON00837;LGTCON00835;LGTCON00834,reachable,
LGTNET00099,LGTFIT00040,,unclassified_fitting,LGTLT02667,LGTCON00347,reachable,
LGTNET00099,LGTFIT00040,,unclassified_fitting,LGTLT02668,LGTCON00347;LGTCON00831,reachable,
LGTNET00099,LGTFIT01198,,unclassified_fitting,LGTLT02660,LGTCON00828;LGTCON00825;LGTCON00826,reachable,
LGTNET00099,LGTFIT01198,,unclassified_fitting,LGTLT02661,LGTCON00828;LGTCON00825,reachable,
LGTNET00099,LGTFIT01198,,unclassified_fitting,LGTLT02662,LGTCON00828,reachable,
LGTNET00099,LGTFIT01198,,unclassified_fitting,LGTLT02663,LGTCON00828;LGTCON00824,reachable,
LGTNET00099,LGTFIT01198,,unclassified_fitting,LGTLT02664,LGTCON00828;LGTCON00824;LGTCON00837,reachable,
LGTNET00099,LGTFIT01198,,unclassified_fitting,LGTLT02665,LGTCON00828;LGTCON00824;LGTCON00837;LGTCON00835,reachable,
LGTNET00099,LGTFIT01198,,unclassified_fitting,LGTLT02666,LGTCON00828;LGTCON00824;LGTCON00837;LGTCON00835;LGTCON00834,reachable,
LGTNET00099,LGTFIT01198,,unclassified_fitting,LGTLT02667,LGTCON00828;LGTCON00825;LGTCON00826;LGTCON00830;LGTCON00831,reachable,
LGTNET00099,LGTFIT01198,,unclassified_fitting,LGTLT02668,LGTCON00828;LGTCON00825;LGTCON00826;LGTCON00830,reachable,
LGTNET00102,LGTFIT00097,,unclassified_fitting,LGTLT02683,LGTCON03122;LGTCON03121;LGTCON03120;LGTCON03119;LGTCON03113,reachable,
LGTNET00102,LGTFIT00097,,unclassified_fitting,LGTLT02684,LGTCON03122;LGTCON03121;LGTCON03120;LGTCON03119,reachable,
LGTNET00102,LGTFIT00097,,unclassified_fitting,LGTLT02687,LGTCON03122;LGTCON03121,reachable,
LGTNET00102,LGTFIT00097,,unclassified_fitting,LGTLT02688,LGTCON03122,reachable,
LGTNET00102,LGTFIT00097,,unclassified_fitting,LGTLT02736,,unreachable,
LGTNET00102,LGTFIT00097,,unclassified_fitting,LGTLT02737,LGTCON03122;LGTCON03121;LGTCON03120;LGTCON03119;LGTCON03113;LGTCON03114;LGTCON03115;LGTCON03116;LGTCON03441;LGTCON03442,reachable,
LGTNET00102,LGTFIT00097,,unclassified_fitting,LGTLT02839,,unreachable,
LGTNET00102,LGTFIT00124,,unclassified_fitting,LGTLT02683,LGTCON03443;LGTCON03442;LGTCON03441;LGTCON03116;LGTCON03115;LGTCON03114,reachable,
LGTNET00102,LGTFIT00124,,unclassified_fitting,LGTLT02684,LGTCON03443;LGTCON03442;LGTCON03441;LGTCON03116;LGTCON03115;LGTCON03114;LGTCON03113,reachable,
LGTNET00102,LGTFIT00124,,unclassified_fitting,LGTLT02687,LGTCON03443;LGTCON03442;LGTCON03441;LGTCON03116;LGTCON03115;LGTCON03114;LGTCON03113;LGTCON03119;LGTCON03120,reachable,
LGTNET00102,LGTFIT00124,,unclassified_fitting,LGTLT02688,LGTCON03443;LGTCON03442;LGTCON03441;LGTCON03116;LGTCON03115;LGTCON03114;LGTCON03113;LGTCON03119;LGTCON03120;LGTCON03121,reachable,
LGTNET00102,LGTFIT00124,,unclassified_fitting,LGTLT02736,,unreachable,
LGTNET00102,LGTFIT00124,,unclassified_fitting,LGTLT02737,LGTCON03443,reachable,
LGTNET00102,LGTFIT00124,,unclassified_fitting,LGTLT02839,,unreachable,
LGTNET00104,LGTFIT00003,service_box,explicit,LGTLT00960,LGTCON00505;LGTCON00506;LGTCON00507,reachable,
LGTNET00104,LGTFIT00003,service_box,explicit,LGTLT00961,LGTCON00505;LGTCON00506,reachable,
LGTNET00104,LGTFIT00003,service_box,explicit,LGTLT00962,LGTCON00505,reachable,
LGTNET00106,LGTFIT00002,service_box,explicit,LGTLT00799,LGTCON00504;LGTCON00502;LGTCON00503,reachable,
LGTNET00106,LGTFIT00002,service_box,explicit,LGTLT00800,LGTCON00504;LGTCON00502,reachable,
LGTNET00106,LGTFIT00002,service_box,explicit,LGTLT00801,LGTCON00504,reachable,
LGTNET00106,LGTFIT00002,service_box,explicit,LGTLT00963,LGTCON00504;LGTCON00501,reachable,
LGTNET00107,LGTFIT00235,,unclassified_fitting,LGTLT02016,LGTCON00047;LGTCON03685;LGTCON03644,reachable,
LGTNET00107,LGTFIT00235,,unclassified_fitting,LGTLT02017,LGTCON00047;LGTCON03685,reachable,
LGTNET00107,LGTFIT00235,,unclassified_fitting,LGTLT02018,LGTCON00047;LGTCON03684,reachable,
LGTNET00107,LGTFIT00235,,unclassified_fitting,LGTLT02019,LGTCON00047;LGTCON03685;LGTCON03644;LGTCON03645,reachable,
LGTNET00107,LGTFIT00235,,unclassified_fitting,LGTLT02134,LGTCON00048,reachable,
LGTNET00107,LGTFIT00235,,unclassified_fitting,LGTLT02135,LGTCON00049,reachable,
LGTNET00108,LGTFIT00055,,unclassified_fitting,LGTLT02077,LGTCON00182;LGTCON00166;LGTCON00168,reachable,
LGTNET00108,LGTFIT00055,,unclassified_fitting,LGTLT02078,,unreachable,
LGTNET00108,LGTFIT00055,,unclassified_fitting,LGTLT02079,LGTCON00182;LGTCON00165,reachable,
LGTNET00108,LGTFIT00055,,unclassified_fitting,LGTLT02080,LGTCON00182;LGTCON00165;LGTCON00169;LGTCON00170,reachable,
LGTNET00108,LGTFIT00055,,unclassified_fitting,LGTLT02081,LGTCON00182;LGTCON00165;LGTCON00169;LGTCON00171,reachable,
LGTNET00108,LGTFIT00055,,unclassified_fitting,LGTLT02082,LGTCON00182;LGTCON00165;LGTCON00169;LGTCON00171;LGTCON00173;LGTCON00175,reachable,
LGTNET00108,LGTFIT00055,,unclassified_fitting,LGTLT02083,LGTCON00182;LGTCON00165;LGTCON00169;LGTCON00171;LGTCON00173;LGTCON00175;LGTCON00176;LGTCON00177,reachable,
LGTNET00108,LGTFIT00055,,unclassified_fitting,LGTLT02084,LGTCON00182;LGTCON00165;LGTCON00169;LGTCON00171;LGTCON00173;LGTCON00175;LGTCON00176;LGTCON00178,reachable,
LGTNET00108,LGTFIT00055,,unclassified_fitting,LGTLT02085,LGTCON00182;LGTCON00165;LGTCON00169;LGTCON00171;LGTCON00173;LGTCON00172;LGTCON00174,reachable,
LGTNET00108,LGTFIT00055,,unclassified_fitting,LGTLT02086,LGTCON00182;LGTCON00165;LGTCON00169;LGTCON00171;LGTCON00173;LGTCON00172;LGTCON00180,reachable,
LGTNET00108,LGTFIT00055,,unclassified_fitting,LGTLT02087,LGTCON00182;LGTCON00165;LGTCON00169;LGTCON00171;LGTCON00173;LGTCON00172;LGTCON00180;LGTCON00179,reachable,
LGTNET00108,LGTFIT01129,service_box,explicit,LGTLT02077,LGTCON00181;LGTCON00165;LGTCON00166;LGTCON00168,reachable,
LGTNET00108,LGTFIT01129,service_box,explicit,LGTLT02078,,unreachable,
LGTNET00108,LGTFIT01129,service_box,explicit,LGTLT02079,LGTCON00181,reachable,
LGTNET00108,LGTFIT01129,service_box,explicit,LGTLT02080,LGTCON00181;LGTCON00169;LGTCON00170,reachable,
LGTNET00108,LGTFIT01129,service_box,explicit,LGTLT02081,LGTCON00181;LGTCON00169;LGTCON00171,reachable,
LGTNET00108,LGTFIT01129,service_box,explicit,LGTLT02082,LGTCON00181;LGTCON00169;LGTCON00171;LGTCON00173;LGTCON00175,reachable,
LGTNET00108,LGTFIT01129,service_box,explicit,LGTLT02083,LGTCON00181;LGTCON00169;LGTCON00171;LGTCON00173;LGTCON00175;LGTCON00176;LGTCON00177,reachable,
LGTNET00108,LGTFIT01129,service_box,explicit,LGTLT02084,LGTCON00181;LGTCON00169;LGTCON00171;LGTCON00173;LGTCON00175;LGTCON00176;LGTCON00178,reachable,
LGTNET00108,LGTFIT01129,service_box,explicit,LGTLT02085,LGTCON00181;LGTCON00169;LGTCON00171;LGTCON00173;LGTCON00172;LGTCON00174,reachable,
LGTNET00108,LGTFIT01129,service_box,explicit,LGTLT02086,LGTCON00181;LGTCON00169;LGTCON00171;LGTCON00173;LGTCON00172;LGTCON00180,reachable,
LGTNET00108,LGTFIT01129,service_box,explicit,LGTLT02087,LGTCON00181;LGTCON00169;LGTCON00171;LGTCON00173;LGTCON00172;LGTCON00180;LGTCON00179,reachable,
LGTNET00113,LGTFIT01193,,unclassified_fitting,LGTLT01608,LGTCON00374;LGTCON00375;LGTCON00378,reachable,
LGTNET00113,LGTFIT01193,,unclassified_fitting,LGTLT01609,LGTCON00374;LGTCON00375,reachable,
LGTNET00113,LGTFIT01193,,unclassified_fitting,LGTLT01610,LGTCON00374,reachable,
LGTNET00113,LGTFIT01193,,unclassified_fitting,LGTLT01611,LGTCON00374;LGTCON00376,reachable,
LGTNET00113,LGTFIT01193,,unclassified_fitting,LGTLT02801,,unreachable,
LGTNET00113,LGTFIT01193,,unclassified_fitting,LGTLT02802,,unreachable,
LGTNET00114,LGTFIT01185,service_box,explicit,LGTLT00975,LGTCON01357;LGTCON01359,reachable,
LGTNET00114,LGTFIT01185,service_box,explicit,LGTLT00976,LGTCON01357;LGTCON01358,reachable,
LGTNET00114,LGTFIT01185,service_box,explicit,LGTLT00979,LGTCON01357,reachable,
LGTNET00114,LGTFIT01185,service_box,explicit,LGTLT00980,LGTCON01357;LGTCON01358;LGTCON01360,reachable,
LGTNET00115,LGTFIT00001,service_box,explicit,LGTLT00806,LGTCON00498,reachable,
LGTNET00118,LGTFIT01167,service_box,explicit,LGTLT01592,LGTCON00371;LGTCON00366;LGTCON00365;LGTCON00364,reachable,
LGTNET00118,LGTFIT01167,service_box,explicit,LGTLT01593,LGTCON00371;LGTCON00366;LGTCON00365;LGTCON00364;LGTCON00363,reachable,
LGTNET00118,LGTFIT01167,service_box,explicit,LGTLT01597,LGTCON00371;LGTCON00366,reachable,
LGTNET00118,LGTFIT01167,service_box,explicit,LGTLT01598,LGTCON00371,reachable,
LGTNET00118,LGTFIT01167,service_box,explicit,LGTLT01599,LGTCON00371;LGTCON00366;LGTCON00365,reachable,
LGTNET00119,LGTFIT01166,service_box,explicit,LGTLT01594,,unreachable,
LGTNET00119,LGTFIT01166,service_box,explicit,LGTLT01595,,unreachable,
LGTNET00119,LGTFIT01166,service_box,explicit,LGTLT01596,,unreachable,
LGTNET00119,LGTFIT01166,service_box,explicit,LGTLT02800,LGTCON00370,reachable,
LGTNET00121,LGTFIT00107,,unclassified_fitting,LGTLT01700,LGTCON00494;LGTCON00491,reachable,
LGTNET00121,LGTFIT00107,,unclassified_fitting,LGTLT01701,LGTCON00494;LGTCON00492,reachable,
LGTNET00121,LGTFIT00107,,unclassified_fitting,LGTLT01702,LGTCON00494;LGTCON00492;LGTCON00490,reachable,
LGTNET00121,LGTFIT00107,,unclassified_fitting,LGTLT01703,LGTCON00494;LGTCON00492;LGTCON00489,reachable,
LGTNET00121,LGTFIT01203,service_box,explicit,LGTLT01700,LGTCON00493;LGTCON00489;LGTCON00492;LGTCON00491,reachable,
LGTNET00121,LGTFIT01203,service_box,explicit,LGTLT01701,LGTCON00493;LGTCON00489,reachable,
LGTNET00121,LGTFIT01203,service_box,explicit,LGTLT01702,LGTCON00493;LGTCON00489;LGTCON00490,reachable,
LGTNET00121,LGTFIT01203,service_box,explicit,LGTLT01703,LGTCON00493,reachable,
LGTNET00123,LGTFIT01201,service_box,explicit,LGTLT00785,,unreachable,
LGTNET00123,LGTFIT01201,service_box,explicit,LGTLT00786,,unreachable,
LGTNET00123,LGTFIT01201,service_box,explicit,LGTLT00787,LGTCON00445;LGTCON00439;LGTCON00441;LGTCON00440,reachable,
LGTNET00123,LGTFIT01201,service_box,explicit,LGTLT00788,LGTCON00445;LGTCON00439,reachable,
LGTNET00123,LGTFIT01201,service_box,explicit,LGTLT00789,LGTCON00445,reachable,
LGTNET00123,LGTFIT01201,service_box,explicit,LGTLT00790,LGTCON00445;LGTCON03191;LGTCON00435,reachable,
LGTNET00123,LGTFIT01201,service_box,explicit,LGTLT00791,LGTCON00445;LGTCON03191;LGTCON00435;LGTCON00434,reachable,
LGTNET00123,LGTFIT01201,service_box,explicit,LGTLT00792,LGTCON00445;LGTCON03191;LGTCON00435;LGTCON00434;LGTCON00436,reachable,
LGTNET00123,LGTFIT01201,service_box,explicit,LGTLT00793,LGTCON00445;LGTCON03191;LGTCON00435;LGTCON00434;LGTCON00436;LGTCON00438,reachable,
LGTNET00123,LGTFIT01201,service_box,explicit,LGTLT00794,LGTCON00445;LGTCON03191;LGTCON00435;LGTCON00434;LGTCON00436;LGTCON00438;LGTCON00437,reachable,
LGTNET00123,LGTFIT01202,service_box,explicit,LGTLT00785,,unreachable,
LGTNET00123,LGTFIT01202,service_box,explicit,LGTLT00786,,unreachable,
LGTNET00123,LGTFIT01202,service_box,explicit,LGTLT00787,LGTCON00444;LGTCON00439;LGTCON00441;LGTCON00440,reachable,
LGTNET00123,LGTFIT01202,service_box,explicit,LGTLT00788,LGTCON00444;LGTCON00439,reachable,
LGTNET00123,LGTFIT01202,service_box,explicit,LGTLT00789,LGTCON00444,reachable,
LGTNET00123,LGTFIT01202,service_box,explicit,LGTLT00790,LGTCON00444;LGTCON03191;LGTCON00435,reachable,
LGTNET00123,LGTFIT01202,service_box,explicit,LGTLT00791,LGTCON00444;LGTCON03191;LGTCON00435;LGTCON00434,reachable,
LGTNET00123,LGTFIT01202,service_box,explicit,LGTLT00792,LGTCON00444;LGTCON03191;LGTCON00435;LGTCON00434;LGTCON00436,reachable,
LGTNET00123,LGTFIT01202,service_box,explicit,LGTLT00793,LGTCON00444;LGTCON03191;LGTCON00435;LGTCON00434;LGTCON00436;LGTCON00438,reachable,
LGTNET00123,LGTFIT01202,service_box,explicit,LGTLT00794,LGTCON00444;LGTCON03191;LGTCON00435;LGTCON00434;LGTCON00436;LGTCON00438;LGTCON00437,reachable,
LGTNET00124,LGTFIT01076,service_box,explicit,LGTLT00964,LGTCON00394;LGTCON00393,reachable,
LGTNET00124,LGTFIT01076,service_box,explicit,LGTLT00965,LGTCON03535,reachable,
LGTNET00124,LGTFIT01076,service_box,explicit,LGTLT00970,LGTCON03535;LGTCON00396,reachable,
LGTNET00124,LGTFIT01076,service_box,explicit,LGTLT00971,LGTCON00394,reachable,
LGTNET00124,LGTFIT01076,service_box,explicit,LGTLT00972,LGTCON03535;LGTCON00395,reachable,
LGTNET00125,LGTFIT01075,service_box,explicit,LGTLT00966,LGTCON03536,reachable,
LGTNET00125,LGTFIT01075,service_box,explicit,LGTLT00967,LGTCON00389;LGTCON00390,reachable,
LGTNET00125,LGTFIT01075,service_box,explicit,LGTLT00968,LGTCON00389;LGTCON00390;LGTCON00391,reachable,
LGTNET00125,LGTFIT01075,service_box,explicit,LGTLT00969,LGTCON00389;LGTCON00390;LGTCON00392,reachable,
LGTNET00125,LGTFIT01075,service_box,explicit,LGTLT00973,LGTCON00389,reachable,
LGTNET00126,LGTFIT00173,,unclassified_fitting,LGTLT00974,LGTCON01239,reachable,
LGTNET00126,LGTFIT00173,,unclassified_fitting,LGTLT00977,LGTCON01239;LGTCON01238,reachable,
LGTNET00126,LGTFIT00173,,unclassified_fitting,LGTLT00978,LGTCON01239;LGTCON01238;LGTCON01237,reachable,
LGTNET00127,LGTFIT00197,,unclassified_fitting,LGTLT02142,LGTCON01182;LGTCON01180;LGTCON01179;LGTCON01178;LGTCON01176;LGTCON01175;LGTCON01173;LGTCON01172,reachable,
LGTNET00127,LGTFIT00197,,unclassified_fitting,LGTLT02143,LGTCON01182;LGTCON01180;LGTCON01179;LGTCON01178;LGTCON01176;LGTCON01175;LGTCON01173,reachable,
LGTNET00127,LGTFIT00197,,unclassified_fitting,LGTLT02144,LGTCON01182;LGTCON01180;LGTCON01179;LGTCON01178;LGTCON01176;LGTCON01174,reachable,
LGTNET00127,LGTFIT00197,,unclassified_fitting,LGTLT02145,LGTCON01182;LGTCON01180;LGTCON01179;LGTCON01178,reachable,
LGTNET00127,LGTFIT00197,,unclassified_fitting,LGTLT02146,LGTCON01182;LGTCON01180;LGTCON01179;LGTCON01177,reachable,
LGTNET00127,LGTFIT00197,,unclassified_fitting,LGTLT02147,LGTCON01182;LGTCON01180,reachable,
LGTNET00127,LGTFIT00197,,unclassified_fitting,LGTLT02148,LGTCON01182;LGTCON01181,reachable,
LGTNET00128,LGTFIT00050,,unclassified_fitting,LGTLT02108,LGTCON00123;LGTCON00114,reachable,
LGTNET00128,LGTFIT00050,,unclassified_fitting,LGTLT02109,LGTCON00123;LGTCON00115;LGTCON00116,reachable,
LGTNET00128,LGTFIT00050,,unclassified_fitting,LGTLT02110,LGTCON00123;LGTCON00115;LGTCON00117;LGTCON00113;LGTCON00118;LGTCON00355,reachable,
LGTNET00128,LGTFIT00050,,unclassified_fitting,LGTLT02111,LGTCON00123;LGTCON00115;LGTCON00117;LGTCON00113,reachable,
LGTNET00128,LGTFIT00050,,unclassified_fitting,LGTLT02112,LGTCON00123;LGTCON00115;LGTCON00117;LGTCON00112,reachable,
LGTNET00128,LGTFIT00050,,unclassified_fitting,LGTLT02113,LGTCON00123;LGTCON00115;LGTCON00117;LGTCON00113;LGTCON00118;LGTCON00119,reachable,
LGTNET00128,LGTFIT00050,,unclassified_fitting,LGTLT02114,LGTCON00123;LGTCON00115;LGTCON00117;LGTCON00113;LGTCON00118;LGTCON00119;LGTCON00111;LGTCON00120,reachable,
LGTNET00128,LGTFIT00050,,unclassified_fitting,LGTLT02115,LGTCON00123;LGTCON00115;LGTCON00117;LGTCON00113;LGTCON00118;LGTCON00119;LGTCON00111;LGTCON00121,reachable,
LGTNET00128,LGTFIT00050,,unclassified_fitting,LGTLT02116,LGTCON00123;LGTCON00115;LGTCON00117;LGTCON00113;LGTCON00118;LGTCON00119;LGTCON00111;LGTCON00121;LGTCON00122,reachable,
LGTNET00128,LGTFIT00051,,unclassified_fitting,LGTLT02108,LGTCON00124;LGTCON00355;LGTCON00118;LGTCON00113;LGTCON00117;LGTCON00115;LGTCON00114,reachable,
LGTNET00128,LGTFIT00051,,unclassified_fitting,LGTLT02109,LGTCON00124;LGTCON00355;LGTCON00118;LGTCON00113;LGTCON00117;LGTCON00116,reachable,
LGTNET00128,LGTFIT00051,,unclassified_fitting,LGTLT02110,LGTCON00124,reachable,
LGTNET00128,LGTFIT00051,,unclassified_fitting,LGTLT02111,LGTCON00124;LGTCON00355;LGTCON00118,reachable,
LGTNET00128,LGTFIT00051,,unclassified_fitting,LGTLT02112,LGTCON00124;LGTCON00355;LGTCON00118;LGTCON00113;LGTCON00112,reachable,
LGTNET00128,LGTFIT00051,,unclassified_fitting,LGTLT02113,LGTCON00124;LGTCON00355;LGTCON00119,reachable,
LGTNET00128,LGTFIT00051,,unclassified_fitting,LGTLT02114,LGTCON00124;LGTCON00355;LGTCON00119;LGTCON00111;LGTCON00120,reachable,
LGTNET00128,LGTFIT00051,,unclassified_fitting,LGTLT02115,LGTCON00124;LGTCON00355;LGTCON00119;LGTCON00111;LGTCON00121,reachable,
LGTNET00128,LGTFIT00051,,unclassified_fitting,LGTLT02116,LGTCON00124;LGTCON00355;LGTCON00119;LGTCON00111;LGTCON00121;LGTCON00122,reachable,
LGTNET00129,LGTFIT01240,service_box,explicit,LGTLT02072,LGTCON00192;LGTCON00191,reachable,
LGTNET00129,LGTFIT01240,service_box,explicit,LGTLT02073,LGTCON00199,reachable,
LGTNET00129,LGTFIT01240,service_box,explicit,LGTLT02074,LGTCON00199;LGTCON00194;LGTCON00195,reachable,
LGTNET00129,LGTFIT01240,service_box,explicit,LGTLT02075,LGTCON00199;LGTCON00194;LGTCON00196,reachable,
LGTNET00129,LGTFIT01240,service_box,explicit,LGTLT02076,LGTCON00199;LGTCON00194;LGTCON00196;LGTCON00198;LGTCON00197,reachable,
LGTNET00130,LGTFIT00489,,unclassified_fitting,LGTLT02131,LGTCON01033,reachable,
LGTNET00130,LGTFIT00489,,unclassified_fitting,LGTLT02132,LGTCON01032,reachable,
LGTNET00130,LGTFIT00489,,unclassified_fitting,LGTLT02133,LGTCON01032;LGTCON01031;LGTCON01030;LGTCON01029,reachable,
LGTNET00131,LGTFIT01197,,unclassified_fitting,LGTLT02102,LGTCON01138;LGTCON01135;LGTCON01133,reachable,
LGTNET00131,LGTFIT01197,,unclassified_fitting,LGTLT02103,LGTCON01138;LGTCON01135;LGTCON01134,reachable,
LGTNET00131,LGTFIT01197,,unclassified_fitting,LGTLT02104,LGTCON01138;LGTCON01136;LGTCON01137,reachable,
LGTNET00131,LGTFIT01197,,unclassified_fitting,LGTLT02807,LGTCON01138;LGTCON01136,reachable,
LGTNET00132,LGTFIT00091,,unclassified_fitting,LGTLT01440,LGTCON03280;LGTCON03277;LGTCON03278,reachable,
LGTNET00132,LGTFIT00091,,unclassified_fitting,LGTLT01441,LGTCON03280;LGTCON03277,reachable,
LGTNET00132,LGTFIT00091,,unclassified_fitting,LGTLT01442,LGTCON03280,reachable,
LGTNET00133,LGTFIT01165,service_box,explicit,LGTLT02400,LGTCON00362,reachable,
LGTNET00133,LGTFIT01165,service_box,explicit,LGTLT02401,LGTCON00362;LGTCON00361,reachable,
LGTNET00134,LGTFIT00068,,unclassified_fitting,LGTLT01477,LGTCON02013;LGTCON02012;LGTCON02011;LGTCON02010;LGTCON02009;LGTCON02008;LGTCON02007;LGTCON02006;LGTCON02005,reachable,
LGTNET00134,LGTFIT00068,,unclassified_fitting,LGTLT01478,LGTCON02013;LGTCON02012;LGTCON02011;LGTCON02010;LGTCON02009;LGTCON02008;LGTCON02007,reachable,
LGTNET00134,LGTFIT00068,,unclassified_fitting,LGTLT01479,LGTCON02013;LGTCON02012;LGTCON02011;LGTCON02010;LGTCON02009;LGTCON02008,reachable,
LGTNET00134,LGTFIT00068,,unclassified_fitting,LGTLT01480,LGTCON02013;LGTCON02012;LGTCON02011;LGTCON02010;LGTCON02009,reachable,
LGTNET00134,LGTFIT00068,,unclassified_fitting,LGTLT01481,LGTCON02013;LGTCON02012;LGTCON02011;LGTCON02010,reachable,
LGTNET00134,LGTFIT00068,,unclassified_fitting,LGTLT01482,LGTCON02013;LGTCON02012;LGTCON02011,reachable,
LGTNET00134,LGTFIT00068,,unclassified_fitting,LGTLT01483,LGTCON02013;LGTCON02012,reachable,
LGTNET00134,LGTFIT00068,,unclassified_fitting,LGTLT01484,LGTCON02013,reachable,
LGTNET00134,LGTFIT01067,service_box,assumed,LGTLT01477,LGTCON02014;LGTCON02009;LGTCON02008;LGTCON02007;LGTCON02006;LGTCON02005,reachable,
LGTNET00134,LGTFIT01067,service_box,assumed,LGTLT01478,LGTCON02014;LGTCON02009;LGTCON02008;LGTCON02007,reachable,
LGTNET00134,LGTFIT01067,service_box,assumed,LGTLT01479,LGTCON02014;LGTCON02009;LGTCON02008,reachable,
LGTNET00134,LGTFIT01067,service_box,assumed,LGTLT01480,LGTCON02014;LGTCON02009,reachable,
LGTNET00134,LGTFIT01067,service_box,assumed,LGTLT01481,LGTCON02014,reachable,
LGTNET00134,LGTFIT01067,service_box,assumed,LGTLT01482,LGTCON02014;LGTCON02010,reachable,
LGTNET00134,LGTFIT01067,service_box,assumed,LGTLT01483,LGTCON02014;LGTCON02010;LGTCON02011,reachable,
LGTNET00134,LGTFIT01067,service_box,assumed,LGTLT01484,LGTCON02014;LGTCON02010;LGTCON02011;LGTCON02012,reachable,
LGTNET00135,LGTFIT00092,,unclassified_fitting,LGTLT01468,LGTCON03281;LGTCON01152;LGTCON01151;LGTCON01150,reachable,
LGTNET00135,LGTFIT00092,,unclassified_fitting,LGTLT01469,LGTCON03281;LGTCON01152,reachable,
LGTNET00135,LGTFIT00092,,unclassified_fitting,LGTLT01470,LGTCON03281;LGTCON01153,reachable,
LGTNET00135,LGTFIT01174,service_box,explicit,LGTLT01468,LGTCON01154;LGTCON01150,reachable,
LGTNET00135,LGTFIT01174,service_box,explicit,LGTLT01469,LGTCON01154;LGTCON01151,reachable,
LGTNET00135,LGTFIT01174,service_box,explicit,LGTLT01470,LGTCON01154;LGTCON01151;LGTCON01152;LGTCON01153,reachable,
LGTNET00136,LGTFIT01177,service_box,explicit,LGTLT02141,LGTCON01171,reachable,
LGTNET00137,LGTFIT01190,service_box,explicit,LGTLT01147,LGTCON01391,reachable,
LGTNET00137,LGTFIT01190,service_box,explicit,LGTLT01148,LGTCON01391;LGTCON01390,reachable,
LGTNET00138,LGTFIT01173,service_box,explicit,LGTLT00482,LGTCON01142;LGTCON01141;LGTCON01139,reachable,
LGTNET00138,LGTFIT01173,service_box,explicit,LGTLT00483,LGTCON01142;LGTCON01141;LGTCON01140,reachable,
LGTNET00138,LGTFIT01173,service_box,explicit,LGTLT00484,LGTCON01142,reachable,
LGTNET00138,LGTFIT01173,service_box,explicit,LGTLT00485,LGTCON01142;LGTCON01144;LGTCON01143,reachable,
LGTNET00138,LGTFIT01173,service_box,explicit,LGTLT00486,LGTCON01142;LGTCON01144;LGTCON01145,reachable,
LGTNET00138,LGTFIT01173,service_box,explicit,LGTLT00487,LGTCON01142;LGTCON01144;LGTCON01145;LGTCON01148;LGTCON01147;LGTCON01149,reachable,
LGTNET00138,LGTFIT01173,service_box,explicit,LGTLT00488,LGTCON01142;LGTCON01144;LGTCON01145;LGTCON01148;LGTCON01147,reachable,
LGTNET00138,LGTFIT01173,service_box,explicit,LGTLT00489,LGTCON01142;LGTCON01144;LGTCON01145;LGTCON01148;LGTCON01146,reachable,
LGTNET00139,LGTFIT00242,,unclassified_fitting,LGTLT00527,LGTCON00071;LGTCON00073;LGTCON00074;LGTCON00077;LGTCON00076,reachable,
LGTNET00139,LGTFIT00242,,unclassified_fitting,LGTLT00528,LGTCON00071;LGTCON00073;LGTCON00074;LGTCON00075,reachable,
LGTNET00139,LGTFIT00242,,unclassified_fitting,LGTLT00529,LGTCON00071;LGTCON00072,reachable,
LGTNET00139,LGTFIT00242,,unclassified_fitting,LGTLT00530,LGTCON00070,reachable,
LGTNET00139,LGTFIT00242,,unclassified_fitting,LGTLT00531,LGTCON00069;LGTCON00068,reachable,
LGTNET00140,LGTFIT00241,,unclassified_fitting,LGTLT01908,LGTCON00091;LGTCON01044;LGTCON01049;LGTCON01048;LGTCON01047,reachable,
LGTNET00140,LGTFIT00241,,unclassified_fitting,LGTLT01909,LGTCON00091;LGTCON01044;LGTCON01049;LGTCON01048;LGTCON01046,reachable,
LGTNET00140,LGTFIT00241,,unclassified_fitting,LGTLT01910,LGTCON00091;LGTCON01044;LGTCON01049,reachable,
LGTNET00140,LGTFIT00241,,unclassified_fitting,LGTLT01911,LGTCON00091;LGTCON01044;LGTCON01045,reachable,
LGTNET00140,LGTFIT00241,,unclassified_fitting,LGTLT01912,LGTCON00091,reachable,
LGTNET00142,LGTFIT00495,,unclassified_fitting,LGTLT01150,LGTCON01059;LGTCON01058;LGTCON01050;LGTCON01056;LGTCON01054;LGTCON01053;LGTCON01051,reachable,
LGTNET00142,LGTFIT00495,,unclassified_fitting,LGTLT01151,LGTCON01059;LGTCON01058;LGTCON01050;LGTCON01056;LGTCON01055,reachable,
LGTNET00142,LGTFIT00495,,unclassified_fitting,LGTLT01152,LGTCON01059;LGTCON01058;LGTCON01050,reachable,
LGTNET00142,LGTFIT00495,,unclassified_fitting,LGTLT01153,LGTCON01059;LGTCON01058;LGTCON01050;LGTCON01056;LGTCON01054,reachable,
LGTNET00142,LGTFIT00495,,unclassified_fitting,LGTLT01154,LGTCON01059;LGTCON01058;LGTCON01057,reachable,
LGTNET00142,LGTFIT00495,,unclassified_fitting,LGTLT01155,LGTCON01059,reachable,
LGTNET00142,LGTFIT01132,service_box,explicit,LGTLT01150,LGTCON01052;LGTCON01053;LGTCON01051,reachable,
LGTNET00142,LGTFIT01132,service_box,explicit,LGTLT01151,LGTCON01052;LGTCON01054;LGTCON01055,reachable,
LGTNET00142,LGTFIT01132,service_box,explicit,LGTLT01152,LGTCON01052;LGTCON01054;LGTCON01056,reachable,
LGTNET00142,LGTFIT01132,service_box,explicit,LGTLT01153,LGTCON01052,reachable,
LGTNET00142,LGTFIT01132,service_box,explicit,LGTLT01154,LGTCON01052;LGTCON01054;LGTCON01056;LGTCON01050;LGTCON01057,reachable,
LGTNET00142,LGTFIT01132,service_box,explicit,LGTLT01155,LGTCON01052;LGTCON01054;LGTCON01056;LGTCON01050;LGTCON01058,reachable,
LGTNET00143,LGTFIT01123,service_box,explicit,LGTLT01149,LGTCON01297;LGTCON01293;LGTCON01292;LGTCON01291;LGTCON01290;LGTCON01289;LGTCON01288,reachable,
LGTNET00143,LGTFIT01123,service_box,explicit,LGTLT01449,LGTCON01297;LGTCON01294,reachable,
LGTNET00143,LGTFIT01123,service_box,explicit,LGTLT01450,LGTCON01297,reachable,
LGTNET00143,LGTFIT01123,service_box,explicit,LGTLT01451,LGTCON01297;LGTCON01293,reachable,
LGTNET00143,LGTFIT01123,service_box,explicit,LGTLT01452,LGTCON01297;LGTCON01293;LGTCON01292;LGTCON01291,reachable,
LGTNET00143,LGTFIT01123,service_box,explicit,LGTLT01453,LGTCON01297;LGTCON01293;LGTCON01292;LGTCON01291;LGTCON01290,reachable,
LGTNET00143,LGTFIT01123,service_box,explicit,LGTLT01454,LGTCON01297;LGTCON01293;LGTCON01292;LGTCON01291;LGTCON01290;LGTCON01289,reachable,
LGTNET00143,LGTFIT01123,service_box,explicit,LGTLT02741,LGTCON01297;LGTCON01294;LGTCON01295,reachable,
LGTNET00144,LGTFIT00968,,unclassified_fitting,LGTLT01463,LGTCON03634,reachable,
LGTNET00144,LGTFIT00968,,unclassified_fitting,LGTLT01464,LGTCON03640;LGTCON03576,reachable,
LGTNET00144,LGTFIT00968,,unclassified_fitting,LGTLT01465,LGTCON03640;LGTCON03576;LGTCON03579,reachable,
LGTNET00145,LGTFIT00121,,unclassified_fitting,LGTLT01459,LGTCON03284;LGTCON01201;LGTCON01202;LGTCON01203,reachable,
LGTNET00145,LGTFIT00121,,unclassified_fitting,LGTLT01460,LGTCON03284;LGTCON01201;LGTCON01202,reachable,
LGTNET00145,LGTFIT00121,,unclassified_fitting,LGTLT01461,LGTCON03284;LGTCON01201,reachable,
LGTNET00145,LGTFIT00121,,unclassified_fitting,LGTLT01462,LGTCON03284;LGTCON01200,reachable,
LGTNET00145,LGTFIT00121,,unclassified_fitting,LGTLT01466,LGTCON03284;LGTCON03283,reachable,
LGTNET00145,LGTFIT00121,,unclassified_fitting,LGTLT01467,LGTCON03284;LGTCON03283;LGTCON03282,reachable,
LGTNET00145,LGTFIT00637,,unclassified_fitting,LGTLT01459,LGTCON01204,reachable,
LGTNET00145,LGTFIT00637,,unclassified_fitting,LGTLT01460,LGTCON01204;LGTCON01203,reachable,
LGTNET00145,LGTFIT00637,,unclassified_fitting,LGTLT01461,LGTCON01204;LGTCON01203;LGTCON01202,reachable,
LGTNET00145,LGTFIT00637,,unclassified_fitting,LGTLT01462,LGTCON01204;LGTCON01203;LGTCON01202;LGTCON01201;LGTCON01200,reachable,
LGTNET00145,LGTFIT00637,,unclassified_fitting,LGTLT01466,LGTCON01204;LGTCON01203;LGTCON01202;LGTCON01201;LGTCON03283,reachable,
LGTNET00145,LGTFIT00637,,unclassified_fitting,LGTLT01467,LGTCON01204;LGTCON01203;LGTCON01202;LGTCON01201;LGTCON03283;LGTCON03282,reachable,
LGTNET00145,LGTFIT01183,service_box,explicit,LGTLT01459,LGTCON01205;LGTCON01202;LGTCON01203,reachable,
LGTNET00145,LGTFIT01183,service_box,explicit,LGTLT01460,LGTCON01205;LGTCON01202,reachable,
LGTNET00145,LGTFIT01183,service_box,explicit,LGTLT01461,LGTCON01205,reachable,
LGTNET00145,LGTFIT01183,service_box,explicit,LGTLT01462,LGTCON01205;LGTCON01201;LGTCON01200,reachable,
LGTNET00145,LGTFIT01183,service_box,explicit,LGTLT01466,LGTCON01205;LGTCON01201;LGTCON03283,reachable,
LGTNET00145,LGTFIT01183,service_box,explicit,LGTLT01467,LGTCON01205;LGTCON01201;LGTCON03283;LGTCON03282,reachable,
LGTNET00146,LGTFIT01239,service_box,assumed,LGTLT01079,LGTCON02760,reachable,
LGTNET00147,LGTFIT01158,service_box,explicit,LGTLT01630,LGTCON01406;LGTCON01407,reachable,
LGTNET00147,LGTFIT01158,service_box,explicit,LGTLT01631,LGTCON01406,reachable,
LGTNET00149,LGTFIT01135,service_box,explicit,LGTLT01906,LGTCON01081;LGTCON01080,reachable,
LGTNET00149,LGTFIT01135,service_box,explicit,LGTLT01907,LGTCON01081,reachable,
LGTNET00150,LGTFIT01162,service_box,explicit,LGTLT01632,LGTCON01418;LGTCON01417;LGTCON03623;LGTCON03618,reachable,
LGTNET00150,LGTFIT01162,service_box,explicit,LGTLT01633,LGTCON01418;LGTCON01417;LGTCON03623;LGTCON03626,reachable,
LGTNET00150,LGTFIT01162,service_box,explicit,LGTLT01634,LGTCON01418;LGTCON01417;LGTCON01416,reachable,
LGTNET00150,LGTFIT01162,service_box,explicit,LGTLT01635,LGTCON01418,reachable,
LGTNET00150,LGTFIT01162,service_box,explicit,LGTLT01636,LGTCON01418;LGTCON01419;LGTCON01420,reachable,
LGTNET00150,LGTFIT01162,service_box,explicit,LGTLT01637,LGTCON01418;LGTCON01419;LGTCON01421,reachable,
LGTNET00150,LGTFIT01162,service_box,explicit,LGTLT02919,LGTCON01418;LGTCON01419;LGTCON01421;LGTCON01422,reachable,
LGTNET00151,LGTFIT00374,,unclassified_fitting,LGTLT01331,LGTCON00535;LGTCON00542,reachable,
LGTNET00151,LGTFIT00374,,unclassified_fitting,LGTLT01332,LGTCON00535;LGTCON00542;LGTCON00541,reachable,
LGTNET00151,LGTFIT00374,,unclassified_fitting,LGTLT01333,LGTCON00535;LGTCON00542;LGTCON00541;LGTCON00540,reachable,
LGTNET00151,LGTFIT00374,,unclassified_fitting,LGTLT01334,LGTCON00535,reachable,
LGTNET00151,LGTFIT00374,,unclassified_fitting,LGTLT01335,LGTCON00536,reachable,
LGTNET00151,LGTFIT00374,,unclassified_fitting,LGTLT01336,LGTCON00536;LGTCON00537,reachable,
LGTNET00151,LGTFIT00374,,unclassified_fitting,LGTLT01337,LGTCON00536;LGTCON00537;LGTCON00538,reachable,
LGTNET00151,LGTFIT00374,,unclassified_fitting,LGTLT02635,LGTCON00535;LGTCON00542;LGTCON00541;LGTCON00540;LGTCON00539,reachable,
LGTNET00154,LGTFIT01521,,unclassified_fitting,LGTLT00107,,unreachable,
LGTNET00154,LGTFIT01521,,unclassified_fitting,LGTLT01590,LGTCON04597;LGTCON04596,reachable,
LGTNET00154,LGTFIT01521,,unclassified_fitting,LGTLT01591,LGTCON04597;LGTCON04595,reachable,
LGTNET00155,LGTFIT00355,,unclassified_fitting,LGTLT02681,LGTCON03438;LGTCON03439;LGTCON00781,reachable,
LGTNET00155,LGTFIT00355,,unclassified_fitting,LGTLT02729,LGTCON03438;LGTCON03439,reachable,
LGTNET00155,LGTFIT00355,,unclassified_fitting,LGTLT02783,,unreachable,
LGTNET00157,LGTFIT00977,,unclassified_fitting,LGTLT00114,LGTCON03669,reachable,
LGTNET00159,LGTFIT00446,,unclassified_fitting,LGTLT00106,LGTCON00774,reachable,
LGTNET00159,LGTFIT00446,,unclassified_fitting,LGTLT00125,LGTCON00774;LGTCON00773,reachable,
LGTNET00159,LGTFIT00446,,unclassified_fitting,LGTLT00126,LGTCON00774;LGTCON00773;LGTCON00772,reachable,
LGTNET00160,LGTFIT01519,,unclassified_fitting,LGTLT02782,,unreachable,
LGTNET00160,LGTFIT01519,,unclassified_fitting,LGTLT05418,LGTCON04593;LGTCON04592;LGTCON04591,reachable,
LGTNET00160,LGTFIT01519,,unclassified_fitting,LGTLT05419,LGTCON04593;LGTCON04592,reachable,
LGTNET00160,LGTFIT01519,,unclassified_fitting,LGTLT05420,LGTCON04593,reachable,
LGTNET00162,LGTFIT01520,,unclassified_fitting,LGTLT00076,LGTCON00776;LGTCON00777;LGTCON00778;LGTCON03523,reachable,
LGTNET00162,LGTFIT01520,,unclassified_fitting,LGTLT00077,LGTCON00776;LGTCON00777;LGTCON00778,reachable,
LGTNET00162,LGTFIT01520,,unclassified_fitting,LGTLT00111,LGTCON00776,reachable,
LGTNET00162,LGTFIT01520,,unclassified_fitting,LGTLT00112,,unreachable,
LGTNET00162,LGTFIT01520,,unclassified_fitting,LGTLT00115,LGTCON00776;LGTCON00777;LGTCON00778;LGTCON03523;LGTCON00792,reachable,
LGTNET00162,LGTFIT01520,,unclassified_fitting,LGTLT00116,LGTCON00776;LGTCON00777;LGTCON00778;LGTCON03523;LGTCON00792;LGTCON00785,reachable,
LGTNET00162,LGTFIT01520,,unclassified_fitting,LGTLT00117,LGTCON00776;LGTCON00777;LGTCON00778;LGTCON03523;LGTCON00792;LGTCON00785;LGTCON00786,reachable,
LGTNET00162,LGTFIT01520,,unclassified_fitting,LGTLT00118,LGTCON00776;LGTCON00777;LGTCON00778;LGTCON03523;LGTCON00792;LGTCON00785;LGTCON00786;LGTCON00787,reachable,
LGTNET00162,LGTFIT01520,,unclassified_fitting,LGTLT00119,LGTCON00776;LGTCON00777;LGTCON00778;LGTCON03523;LGTCON00792;LGTCON00785;LGTCON00786;LGTCON00787;LGTCON00791,reachable,
LGTNET00162,LGTFIT01520,,unclassified_fitting,LGTLT00120,LGTCON00776;LGTCON00777;LGTCON00778;LGTCON03523;LGTCON00792;LGTCON00785;LGTCON00786;LGTCON00787;LGTCON00791;LGTCON00790;LGTCON00789,reachable,
LGTNET00162,LGTFIT01520,,unclassified_fitting,LGTLT00123,LGTCON00776;LGTCON00777;LGTCON00778;LGTCON03523;LGTCON00792;LGTCON00785;LGTCON00786;LGTCON00787;LGTCON00791;LGTCON00790,reachable,
LGTNET00162,LGTFIT01520,,unclassified_fitting,LGTLT00124,LGTCON00776;LGTCON00777;LGTCON00778;LGTCON03523;LGTCON00792;LGTCON00785;LGTCON00786;LGTCON00787;LGTCON00791;LGTCON00790;LGTCON00789;LGTCON00788,reachable,
LGTNET00162,LGTFIT01520,,unclassified_fitting,LGTLT05074,LGTCON00776;LGTCON00777;LGTCON00778;LGTCON03523;LGTCON00792;LGTCON00785;LGTCON00786;LGTCON00787;LGTCON00791;LGTCON00790;LGTCON00789;LGTCON00788;LGTCON04083,reachable,
LGTNET00162,LGTFIT01520,,unclassified_fitting,LGTLT05075,,unreachable,
LGTNET00163,LGTFIT01160,service_box,explicit,LGTLT01600,LGTCON01411,reachable,
LGTNET00163,LGTFIT01160,service_box,explicit,LGTLT01601,LGTCON01411;LGTCON01412,reachable,
LGTNET00163,LGTFIT01160,service_box,explicit,LGTLT01602,LGTCON01411;LGTCON01412;LGTCON01413,reachable,
LGTNET00163,LGTFIT01160,service_box,explicit,LGTLT01603,LGTCON01411;LGTCON01412;LGTCON01413;LGTCON01414,reachable,
LGTNET00164,LGTFIT01107,service_box,assumed,LGTLT01726,LGTCON01685;LGTCON01684;LGTCON01686;LGTCON01687;LGTCON01688,reachable,
LGTNET00164,LGTFIT01107,service_box,assumed,LGTLT01727,LGTCON01685;LGTCON01684;LGTCON01686;LGTCON01687,reachable,
LGTNET00164,LGTFIT01107,service_box,assumed,LGTLT01728,LGTCON01685;LGTCON01684;LGTCON01686,reachable,
LGTNET00164,LGTFIT01107,service_box,assumed,LGTLT01729,LGTCON01685;LGTCON01684,reachable,
LGTNET00164,LGTFIT01107,service_box,assumed,LGTLT01730,LGTCON01685,reachable,
LGTNET00165,LGTFIT01184,service_box,explicit,LGTLT01564,LGTCON01354,reachable,
LGTNET00166,LGTFIT00186,,unclassified_fitting,LGTLT02670,LGTCON00850;LGTCON00848;LGTCON00849;LGTCON00847;LGTCON00846;LGTCON00845,reachable,
LGTNET00166,LGTFIT00186,,unclassified_fitting,LGTLT02671,LGTCON00850;LGTCON00848;LGTCON00849;LGTCON00847;LGTCON00846,reachable,
LGTNET00166,LGTFIT00186,,unclassified_fitting,LGTLT02672,LGTCON00850;LGTCON00848;LGTCON00849;LGTCON00847,reachable,
LGTNET00166,LGTFIT00186,,unclassified_fitting,LGTLT02673,LGTCON00850;LGTCON00848;LGTCON00849,reachable,
LGTNET00166,LGTFIT00186,,unclassified_fitting,LGTLT02674,LGTCON00850,reachable,
LGTNET00166,LGTFIT00186,,unclassified_fitting,LGTLT02675,LGTCON00850;LGTCON00848,reachable,
LGTNET00166,LGTFIT00187,,unclassified_fitting,LGTLT02670,LGTCON00851,reachable,
LGTNET00166,LGTFIT00187,,unclassified_fitting,LGTLT02671,LGTCON00851;LGTCON00845,reachable,
LGTNET00166,LGTFIT00187,,unclassified_fitting,LGTLT02672,LGTCON00851;LGTCON00845;LGTCON00846,reachable,
LGTNET00166,LGTFIT00187,,unclassified_fitting,LGTLT02673,LGTCON00851;LGTCON00845;LGTCON00846;LGTCON00847,reachable,
LGTNET00166,LGTFIT00187,,unclassified_fitting,LGTLT02674,LGTCON00851;LGTCON00845;LGTCON00846;LGTCON00847;LGTCON00849;LGTCON00848,reachable,
LGTNET00166,LGTFIT00187,,unclassified_fitting,LGTLT02675,LGTCON00851;LGTCON00845;LGTCON00846;LGTCON00847;LGTCON00849,reachable,
LGTNET00169,LGTFIT00239,,unclassified_fitting,LGTLT00493,LGTCON00063,reachable,
LGTNET00169,LGTFIT00239,,unclassified_fitting,LGTLT00494,LGTCON00062,reachable,
LGTNET00169,LGTFIT00239,,unclassified_fitting,LGTLT00495,LGTCON00061;LGTCON00060,reachable,
LGTNET00170,LGTFIT01016,,unclassified_fitting,LGTLT00496,LGTCON00059,reachable,
LGTNET00170,LGTFIT01016,,unclassified_fitting,LGTLT00497,LGTCON00058,reachable,
LGTNET00171,LGTFIT01157,service_box,explicit,LGTLT00948,LGTCON01400;LGTCON01403,reachable,
LGTNET00171,LGTFIT01157,service_box,explicit,LGTLT00949,LGTCON01400,reachable,
LGTNET00171,LGTFIT01157,service_box,explicit,LGTLT00950,LGTCON01400;LGTCON01401;LGTCON01402,reachable,
LGTNET00171,LGTFIT01157,service_box,explicit,LGTLT00951,LGTCON01400;LGTCON01401;LGTCON01405,reachable,
LGTNET00171,LGTFIT01157,service_box,explicit,LGTLT00952,LGTCON01400;LGTCON01401;LGTCON01405;LGTCON01404,reachable,
LGTNET00172,LGTFIT01083,,unclassified_fitting,LGTLT00639,LGTCON03811,reachable,
LGTNET00173,LGTFIT01226,service_box,explicit,LGTLT01357,LGTCON01449,reachable,
LGTNET00173,LGTFIT01226,service_box,explicit,LGTLT01654,LGTCON01450,reachable,
LGTNET00173,LGTFIT01226,service_box,explicit,LGTLT01655,LGTCON01450;LGTCON01451,reachable,
LGTNET00174,LGTFIT01195,,unclassified_fitting,LGTLT02152,LGTCON00331,reachable,
LGTNET00177,LGTFIT00099,,unclassified_fitting,LGTLT00333,,unreachable,
LGTNET00177,LGTFIT00099,,unclassified_fitting,LGTLT00334,,unreachable,
LGTNET00177,LGTFIT00099,,unclassified_fitting,LGTLT00335,,unreachable,
LGTNET00177,LGTFIT00099,,unclassified_fitting,LGTLT00336,,unreachable,
LGTNET00177,LGTFIT00099,,unclassified_fitting,LGTLT00337,LGTCON01076;LGTCON01070,reachable,
LGTNET00177,LGTFIT00099,,unclassified_fitting,LGTLT00338,LGTCON01076;LGTCON01067,reachable,
LGTNET00177,LGTFIT01133,service_box,explicit,LGTLT00333,LGTCON01077;LGTCON01073;LGTCON01075,reachable,
LGTNET00177,LGTFIT01133,service_box,explicit,LGTLT00334,LGTCON01077,reachable,
LGTNET00177,LGTFIT01133,service_box,explicit,LGTLT00335,LGTCON01077;LGTCON01072;LGTCON01071,reachable,
LGTNET00177,LGTFIT01133,service_box,explicit,LGTLT00336,LGTCON01077;LGTCON01073;LGTCON01074;LGTCON01068,reachable,
LGTNET00177,LGTFIT01133,service_box,explicit,LGTLT00337,,unreachable,
LGTNET00177,LGTFIT01133,service_box,explicit,LGTLT00338,,unreachable,
LGTNET00178,LGTFIT00146,,unclassified_fitting,LGTLT00130,LGTCON03019,reachable,
LGTNET00178,LGTFIT00146,,unclassified_fitting,LGTLT00131,LGTCON03019;LGTCON03018,reachable,
LGTNET00178,LGTFIT00146,,unclassified_fitting,LGTLT00132,LGTCON03019;LGTCON03018;LGTCON03017,reachable,
LGTNET00178,LGTFIT00146,,unclassified_fitting,LGTLT00133,LGTCON03019;LGTCON03018;LGTCON03017;LGTCON03016,reachable,
LGTNET00178,LGTFIT00146,,unclassified_fitting,LGTLT00134,LGTCON03019;LGTCON03018;LGTCON03017;LGTCON03016;LGTCON03015,reachable,
LGTNET00179,LGTFIT00019,,unclassified_fitting,LGTLT02609,LGTCON03067,reachable,
LGTNET00179,LGTFIT00019,,unclassified_fitting,LGTLT02610,LGTCON03067;LGTCON03065,reachable,
LGTNET00179,LGTFIT00019,,unclassified_fitting,LGTLT02611,LGTCON03067;LGTCON03065;LGTCON03066,reachable,
LGTNET00179,LGTFIT00020,,unclassified_fitting,LGTLT02609,LGTCON03068;LGTCON03066;LGTCON03065,reachable,
LGTNET00179,LGTFIT00020,,unclassified_fitting,LGTLT02610,LGTCON03068;LGTCON03066,reachable,
LGTNET00179,LGTFIT00020,,unclassified_fitting,LGTLT02611,LGTCON03068,reachable,
LGTNET00180,LGTFIT01186,service_box,explicit,LGTLT02000,LGTCON01363;LGTCON01364;LGTCON01365;LGTCON01362,reachable,
LGTNET00180,LGTFIT01186,service_box,explicit,LGTLT02001,LGTCON01363;LGTCON01364;LGTCON01365;LGTCON01361,reachable,
LGTNET00180,LGTFIT01186,service_box,explicit,LGTLT02002,LGTCON01363;LGTCON01364,reachable,
LGTNET00180,LGTFIT01186,service_box,explicit,LGTLT02003,LGTCON01363,reachable,
LGTNET00181,LGTFIT01139,service_box,explicit,LGTLT00652,LGTCON01299,reachable,
LGTNET00182,LGTFIT01142,service_box,explicit,LGTLT00624,LGTCON01330;LGTCON01310;LGTCON01311;LGTCON01314;LGTCON01313;LGTCON01312,reachable,
LGTNET00182,LGTFIT01142,service_box,explicit,LGTLT00625,LGTCON01330;LGTCON01310;LGTCON01311;LGTCON01314,reachable,
LGTNET00182,LGTFIT01142,service_box,explicit,LGTLT00626,LGTCON01330;LGTCON01310;LGTCON01311;LGTCON01314;LGTCON01313,reachable,
LGTNET00182,LGTFIT01142,service_box,explicit,LGTLT00631,LGTCON01330;LGTCON01310,reachable,
LGTNET00182,LGTFIT01142,service_box,explicit,LGTLT00632,LGTCON01330;LGTCON01309,reachable,
LGTNET00182,LGTFIT01142,service_box,explicit,LGTLT00633,LGTCON01330;LGTCON01309;LGTCON01306;LGTCON01308,reachable,
LGTNET00182,LGTFIT01142,service_box,explicit,LGTLT00634,LGTCON01330;LGTCON01309;LGTCON01306;LGTCON01308;LGTCON01307;LGTCON01305,reachable,
LGTNET00182,LGTFIT01142,service_box,explicit,LGTLT00635,LGTCON01330;LGTCON01309;LGTCON01306;LGTCON01308;LGTCON01307,reachable,
LGTNET00182,LGTFIT01142,service_box,explicit,LGTLT00636,LGTCON01330;LGTCON01309;LGTCON01306,reachable,
LGTNET00182,LGTFIT01142,service_box,explicit,LGTLT00637,LGTCON01330,reachable,
LGTNET00182,LGTFIT01142,service_box,explicit,LGTLT00638,LGTCON01330;LGTCON01310;LGTCON01311,reachable,
LGTNET00183,LGTFIT00138,,unclassified_fitting,LGTLT00490,LGTCON02988,reachable,
LGTNET00183,LGTFIT00138,,unclassified_fitting,LGTLT00491,LGTCON02988;LGTCON02987,reachable,
LGTNET00183,LGTFIT00138,,unclassified_fitting,LGTLT00492,LGTCON02988;LGTCON02987;LGTCON02986,reachable,
LGTNET00185,LGTFIT00223,,unclassified_fitting,LGTLT00505,LGTCON00010,reachable,
LGTNET00185,LGTFIT00223,,unclassified_fitting,LGTLT02885,LGTCON00010;LGTCON03911;LGTCON03910,reachable,
LGTNET00185,LGTFIT00223,,unclassified_fitting,LGTLT02886,LGTCON00010;LGTCON03911,reachable,
LGTNET00186,LGTFIT01109,service_box,explicit,LGTLT00640,LGTCON00340,reachable,
LGTNET00186,LGTFIT01109,service_box,explicit,LGTLT00641,LGTCON00340;LGTCON00339,reachable,
LGTNET00186,LGTFIT01110,service_box,explicit,LGTLT00640,LGTCON00341;LGTCON00339,reachable,
LGTNET00186,LGTFIT01110,service_box,explicit,LGTLT00641,LGTCON00341,reachable,
LGTNET00187,LGTFIT00033,,unclassified_fitting,LGTLT02559,LGTCON00810;LGTCON00809;LGTCON00808;LGTCON00807;LGTCON00806;LGTCON00805,reachable,
LGTNET00187,LGTFIT00033,,unclassified_fitting,LGTLT02560,LGTCON00810;LGTCON00809;LGTCON00808;LGTCON00807;LGTCON00806,reachable,
LGTNET00187,LGTFIT00033,,unclassified_fitting,LGTLT02561,LGTCON00810;LGTCON00809;LGTCON00808;LGTCON00807,reachable,
LGTNET00187,LGTFIT00033,,unclassified_fitting,LGTLT02562,LGTCON00810;LGTCON00809;LGTCON00808,reachable,
LGTNET00187,LGTFIT00033,,unclassified_fitting,LGTLT02563,LGTCON00810;LGTCON00809,reachable,
LGTNET00187,LGTFIT00033,,unclassified_fitting,LGTLT02564,LGTCON00810,reachable,
LGTNET00187,LGTFIT00033,,unclassified_fitting,LGTLT02565,LGTCON00810;LGTCON00809;LGTCON00808;LGTCON00807;LGTCON00806;LGTCON00805;LGTCON00804;LGTCON00803;LGTCON00802;LGTCON00801;LGTCON00800;LGTCON00815;LGTCON00814;LGTCON00813;LGTCON00812;LGTCON00811,reachable,
LGTNET00187,LGTFIT00033,,unclassified_fitting,LGTLT02566,LGTCON00810;LGTCON00809;LGTCON00808;LGTCON00807;LGTCON00806;LGTCON00805;LGTCON00804;LGTCON00803;LGTCON00802;LGTCON00801;LGTCON00800;LGTCON00815;LGTCON00814;LGTCON00813;LGTCON00812,reachable,
LGTNET00187,LGTFIT00033,,unclassified_fitting,LGTLT02567,LGTCON00810;LGTCON00809;LGTCON00808;LGTCON00807;LGTCON00806;LGTCON00805;LGTCON00804;LGTCON00803;LGTCON00802;LGTCON00801;LGTCON00800;LGTCON00815;LGTCON00814;LGTCON00813,reachable,
LGTNET00187,LGTFIT00033,,unclassified_fitting,LGTLT02568,LGTCON00810;LGTCON00809;LGTCON00808;LGTCON00807;LGTCON00806;LGTCON00805;LGTCON00804;LGTCON00803;LGTCON00802;LGTCON00801;LGTCON00800;LGTCON00815;LGTCON00814,reachable,
LGTNET00187,LGTFIT00033,,unclassified_fitting,LGTLT02569,LGTCON00810;LGTCON00809;LGTCON00808;LGTCON00807;LGTCON00806;LGTCON00805;LGTCON00804;LGTCON00803;LGTCON00802;LGTCON00801;LGTCON00800;LGTCON00815,reachable,
LGTNET00187,LGTFIT00033,,unclassified_fitting,LGTLT02570,LGTCON00810;LGTCON00809;LGTCON00808;LGTCON00807;LGTCON00806;LGTCON00805;LGTCON00804;LGTCON00803;LGTCON00802;LGTCON00801;LGTCON00800,reachable,
LGTNET00187,LGTFIT00033,,unclassified_fitting,LGTLT02571,LGTCON00810;LGTCON00809;LGTCON00808;LGTCON00807;LGTCON00806;LGTCON00805;LGTCON00804;LGTCON00803;LGTCON00802;LGTCON00801,reachable,
LGTNET00187,LGTFIT00033,,unclassified_fitting,LGTLT02572,LGTCON00810;LGTCON00809;LGTCON00808;LGTCON00807;LGTCON00806;LGTCON00805;LGTCON00804;LGTCON00803;LGTCON00802,reachable,
LGTNET00187,LGTFIT00033,,unclassified_fitting,LGTLT02573,LGTCON00810;LGTCON00809;LGTCON00808;LGTCON00807;LGTCON00806;LGTCON00805;LGTCON00804;LGTCON00803,reachable,
LGTNET00187,LGTFIT00033,,unclassified_fitting,LGTLT02574,LGTCON00810;LGTCON00809;LGTCON00808;LGTCON00807;LGTCON00806;LGTCON00805;LGTCON00804,reachable,
LGTNET00188,LGTFIT00885,,unclassified_fitting,LGTLT00642,LGTCON02892;LGTCON02893;LGTCON02894;LGTCON02895;LGTCON02896;LGTCON02897;LGTCON02898;LGTCON02901;LGTCON02900,reachable,
LGTNET00188,LGTFIT00885,,unclassified_fitting,LGTLT00643,LGTCON02892;LGTCON02893;LGTCON02894;LGTCON02895;LGTCON02896;LGTCON02897;LGTCON02898;LGTCON02901;LGTCON02899,reachable,
LGTNET00188,LGTFIT00885,,unclassified_fitting,LGTLT00644,LGTCON02892;LGTCON02893;LGTCON02894;LGTCON02895;LGTCON02896;LGTCON02897;LGTCON02898,reachable,
LGTNET00188,LGTFIT00885,,unclassified_fitting,LGTLT00645,LGTCON02892;LGTCON02893;LGTCON02894;LGTCON02895;LGTCON02896;LGTCON02897,reachable,
LGTNET00188,LGTFIT00885,,unclassified_fitting,LGTLT00646,LGTCON02892;LGTCON02893;LGTCON02894;LGTCON02895;LGTCON02896,reachable,
LGTNET00188,LGTFIT00885,,unclassified_fitting,LGTLT00647,LGTCON02892;LGTCON02893;LGTCON02894;LGTCON02895,reachable,
LGTNET00188,LGTFIT00885,,unclassified_fitting,LGTLT00648,LGTCON02892;LGTCON02893;LGTCON02894,reachable,
LGTNET00188,LGTFIT00885,,unclassified_fitting,LGTLT00649,LGTCON02892,reachable,
LGTNET00188,LGTFIT00885,,unclassified_fitting,LGTLT00650,LGTCON02891,reachable,
LGTNET00188,LGTFIT00885,,unclassified_fitting,LGTLT00651,,unreachable,
LGTNET00190,LGTFIT01061,service_box,assumed,LGTLT01614,LGTCON01864,reachable,
LGTNET00190,LGTFIT01061,service_box,assumed,LGTLT01615,LGTCON01864;LGTCON01863,reachable,
LGTNET00192,LGTFIT00492,,unclassified_fitting,LGTLT02105,LGTCON01040,reachable,
LGTNET00192,LGTFIT00492,,unclassified_fitting,LGTLT02106,LGTCON01041,reachable,
LGTNET00192,LGTFIT00492,,unclassified_fitting,LGTLT02107,LGTCON01042;LGTCON01043,reachable,
LGTNET00194,LGTFIT01159,service_box,explicit,LGTLT01622,LGTCON01409;LGTCON01408,reachable,
LGTNET00194,LGTFIT01159,service_box,explicit,LGTLT01623,LGTCON01409,reachable,
LGTNET00194,LGTFIT01159,service_box,explicit,LGTLT01624,LGTCON01409;LGTCON01410,reachable,
LGTNET00196,LGTFIT00486,,unclassified_fitting,LGTLT01532,LGTCON01027,reachable,
LGTNET00196,LGTFIT00486,,unclassified_fitting,LGTLT01533,LGTCON01025,reachable,
LGTNET00196,LGTFIT00486,,unclassified_fitting,LGTLT01534,LGTCON01026,reachable,
LGTNET00197,LGTFIT01147,service_box,explicit,LGTLT01554,LGTCON01349,reachable,
LGTNET00197,LGTFIT01147,service_box,explicit,LGTLT01555,LGTCON01349;LGTCON01348,reachable,
LGTNET00198,LGTFIT01189,service_box,explicit,LGTLT01625,LGTCON01375;LGTCON01374,reachable,
LGTNET00198,LGTFIT01189,service_box,explicit,LGTLT01626,LGTCON01375,reachable,
LGTNET00198,LGTFIT01189,service_box,explicit,LGTLT01627,LGTCON01375;LGTCON01376,reachable,
LGTNET00198,LGTFIT01189,service_box,explicit,LGTLT01628,LGTCON01375;LGTCON01376;LGTCON01377,reachable,
LGTNET00199,LGTFIT00476,,unclassified_fitting,LGTLT02058,LGTCON00984,reachable,
LGTNET00199,LGTFIT00476,,unclassified_fitting,LGTLT02059,LGTCON00985,reachable,
LGTNET00199,LGTFIT00476,,unclassified_fitting,LGTLT02060,LGTCON00986;LGTCON03940;LGTCON00987;LGTCON00989;LGTCON00988,reachable,
LGTNET00199,LGTFIT00476,,unclassified_fitting,LGTLT02061,LGTCON00986;LGTCON03940;LGTCON00987,reachable,
LGTNET00200,LGTFIT01112,service_box,explicit,LGTLT02057,LGTCON00968;LGTCON00967,reachable,
LGTNET00201,LGTFIT01113,service_box,explicit,LGTLT02052,LGTCON00976;LGTCON00975;LGTCON00973;LGTCON00972;LGTCON00971;LGTCON00970;LGTCON00969,reachable,
LGTNET00201,LGTFIT01113,service_box,explicit,LGTLT02053,LGTCON00976;LGTCON00975;LGTCON00973;LGTCON00972;LGTCON00971,reachable,
LGTNET00201,LGTFIT01113,service_box,explicit,LGTLT02054,LGTCON00976;LGTCON00975;LGTCON00973;LGTCON00972;LGTCON00983,reachable,
LGTNET00201,LGTFIT01113,service_box,explicit,LGTLT02055,LGTCON00976;LGTCON00975;LGTCON00973;LGTCON00972;LGTCON00983;LGTCON00982;LGTCON00981,reachable,
LGTNET00201,LGTFIT01113,service_box,explicit,LGTLT02056,LGTCON00976;LGTCON00975;LGTCON00973;LGTCON00972;LGTCON00983;LGTCON00982;LGTCON00980,reachable,
LGTNET00201,LGTFIT01113,service_box,explicit,LGTLT02062,LGTCON00976;LGTCON00979;LGTCON00977,reachable,
LGTNET00201,LGTFIT01113,service_box,explicit,LGTLT02063,LGTCON00976;LGTCON00979;LGTCON00978,reachable,
LGTNET00201,LGTFIT01113,service_box,explicit,LGTLT02064,LGTCON00976,reachable,
LGTNET00201,LGTFIT01113,service_box,explicit,LGTLT02065,LGTCON00976;LGTCON00975;LGTCON00974,reachable,
LGTNET00201,LGTFIT01113,service_box,explicit,LGTLT02066,LGTCON00976;LGTCON00975;LGTCON00973,reachable,
LGTNET00202,LGTFIT01199,service_box,explicit,LGTLT01366,LGTCON00407;LGTCON00404,reachable,
LGTNET00202,LGTFIT01199,service_box,explicit,LGTLT01367,LGTCON00407,reachable,
LGTNET00202,LGTFIT01199,service_box,explicit,LGTLT01368,LGTCON00407;LGTCON00405,reachable,
LGTNET00202,LGTFIT01199,service_box,explicit,LGTLT01369,LGTCON00407;LGTCON00405;LGTCON00406,reachable,
LGTNET00203,LGTFIT00044,,unclassified_fitting,LGTLT01443,LGTCON02053;LGTCON02052;LGTCON02051;LGTCON02056;LGTCON02057;LGTCON02058,reachable,
LGTNET00203,LGTFIT00044,,unclassified_fitting,LGTLT01444,LGTCON02053;LGTCON02052;LGTCON02051;LGTCON02056;LGTCON02057;LGTCON02055,reachable,
LGTNET00203,LGTFIT00044,,unclassified_fitting,LGTLT01445,LGTCON02053;LGTCON02052;LGTCON02051;LGTCON02056;LGTCON02054,reachable,
LGTNET00203,LGTFIT00044,,unclassified_fitting,LGTLT01446,LGTCON02053,reachable,
LGTNET00203,LGTFIT00044,,unclassified_fitting,LGTLT01447,LGTCON02053;LGTCON02052,reachable,
LGTNET00203,LGTFIT00044,,unclassified_fitting,LGTLT01448,LGTCON02053;LGTCON02052;LGTCON02051;LGTCON02049,reachable,
LGTNET00203,LGTFIT00044,,unclassified_fitting,LGTLT02799,LGTCON02053;LGTCON02052;LGTCON02051;LGTCON02049;LGTCON02048,reachable,
LGTNET00203,LGTFIT01071,service_box,explicit,LGTLT01443,LGTCON02050;LGTCON02051;LGTCON02056;LGTCON02057;LGTCON02058,reachable,
LGTNET00203,LGTFIT01071,service_box,explicit,LGTLT01444,LGTCON02050;LGTCON02051;LGTCON02056;LGTCON02057;LGTCON02055,reachable,
LGTNET00203,LGTFIT01071,service_box,explicit,LGTLT01445,LGTCON02050;LGTCON02051;LGTCON02056;LGTCON02054,reachable,
LGTNET00203,LGTFIT01071,service_box,explicit,LGTLT01446,LGTCON02050;LGTCON02052,reachable,
LGTNET00203,LGTFIT01071,service_box,explicit,LGTLT01447,LGTCON02050,reachable,
LGTNET00203,LGTFIT01071,service_box,explicit,LGTLT01448,LGTCON02050;LGTCON02051;LGTCON02049,reachable,
LGTNET00203,LGTFIT01071,service_box,explicit,LGTLT02799,LGTCON02050;LGTCON02051;LGTCON02049;LGTCON02048,reachable,
LGTNET00204,LGTFIT01170,service_box,explicit,LGTLT01370,LGTCON00402,reachable,
LGTNET00204,LGTFIT01170,service_box,explicit,LGTLT01697,LGTCON00402;LGTCON00403,reachable,
LGTNET00205,LGTFIT01148,service_box,explicit,LGTLT00913,LGTCON01317,reachable,
LGTNET00205,LGTFIT01148,service_box,explicit,LGTLT00914,LGTCON01317;LGTCON01356,reachable,
LGTNET00205,LGTFIT01148,service_box,explicit,LGTLT00915,LGTCON01317;LGTCON01356;LGTCON01352,reachable,
LGTNET00206,LGTFIT00149,,unclassified_fitting,LGTLT00916,LGTCON00289,reachable,
LGTNET00206,LGTFIT00149,,unclassified_fitting,LGTLT00917,LGTCON00289;LGTCON00288;LGTCON00287,reachable,
LGTNET00206,LGTFIT00149,,unclassified_fitting,LGTLT00918,LGTCON00289;LGTCON00288;LGTCON00286;LGTCON00285,reachable,
LGTNET00206,LGTFIT00149,,unclassified_fitting,LGTLT00919,LGTCON00289;LGTCON00288;LGTCON00286;LGTCON00284;LGTCON00290,reachable,
LGTNET00206,LGTFIT00149,,unclassified_fitting,LGTLT00920,LGTCON00289;LGTCON00288;LGTCON00286;LGTCON00284;LGTCON00290;LGTCON00297,reachable,
LGTNET00206,LGTFIT00149,,unclassified_fitting,LGTLT00921,LGTCON00289;LGTCON00288;LGTCON00286;LGTCON00284;LGTCON00290;LGTCON00297;LGTCON00292;LGTCON00291,reachable,
LGTNET00206,LGTFIT00149,,unclassified_fitting,LGTLT00922,LGTCON00289;LGTCON00288;LGTCON00286;LGTCON00284;LGTCON00290;LGTCON00297;LGTCON00292;LGTCON00296,reachable,
LGTNET00206,LGTFIT00149,,unclassified_fitting,LGTLT00923,LGTCON00289;LGTCON00288;LGTCON00286;LGTCON00284;LGTCON00290;LGTCON00297;LGTCON00292;LGTCON00296;LGTCON01519;LGTCON00293,reachable,
LGTNET00206,LGTFIT00149,,unclassified_fitting,LGTLT00924,LGTCON00289;LGTCON00288;LGTCON00286;LGTCON00284;LGTCON00283;LGTCON00282,reachable,
LGTNET00206,LGTFIT00149,,unclassified_fitting,LGTLT00925,LGTCON00289;LGTCON00288;LGTCON00286;LGTCON00284;LGTCON00283;LGTCON00281,reachable,
LGTNET00206,LGTFIT00150,,unclassified_fitting,LGTLT00916,LGTCON00294;LGTCON01519;LGTCON00296;LGTCON00292;LGTCON00297;LGTCON00290;LGTCON00284;LGTCON00286;LGTCON00288,reachable,
LGTNET00206,LGTFIT00150,,unclassified_fitting,LGTLT00917,LGTCON00294;LGTCON01519;LGTCON00296;LGTCON00292;LGTCON00297;LGTCON00290;LGTCON00284;LGTCON00286;LGTCON00287,reachable,
LGTNET00206,LGTFIT00150,,unclassified_fitting,LGTLT00918,LGTCON00294;LGTCON01519;LGTCON00296;LGTCON00292;LGTCON00297;LGTCON00290;LGTCON00284;LGTCON00285,reachable,
LGTNET00206,LGTFIT00150,,unclassified_fitting,LGTLT00919,LGTCON00294;LGTCON01519;LGTCON00296;LGTCON00292;LGTCON00297,reachable,
LGTNET00206,LGTFIT00150,,unclassified_fitting,LGTLT00920,LGTCON00294;LGTCON01519;LGTCON00296;LGTCON00292,reachable,
LGTNET00206,LGTFIT00150,,unclassified_fitting,LGTLT00921,LGTCON00294;LGTCON01519;LGTCON00296;LGTCON00291,reachable,
LGTNET00206,LGTFIT00150,,unclassified_fitting,LGTLT00922,LGTCON00294;LGTCON01519,reachable,
LGTNET00206,LGTFIT00150,,unclassified_fitting,LGTLT00923,LGTCON00294;LGTCON00293,reachable,
LGTNET00206,LGTFIT00150,,unclassified_fitting,LGTLT00924,LGTCON00294;LGTCON01519;LGTCON00296;LGTCON00292;LGTCON00297;LGTCON00290;LGTCON00283;LGTCON00282,reachable,
LGTNET00206,LGTFIT00150,,unclassified_fitting,LGTLT00925,LGTCON00294;LGTCON01519;LGTCON00296;LGTCON00292;LGTCON00297;LGTCON00290;LGTCON00283;LGTCON00281,reachable,
LGTNET00206,LGTFIT01251,service_box,explicit,LGTLT00916,LGTCON00298;LGTCON00290;LGTCON00284;LGTCON00286;LGTCON00288,reachable,
LGTNET00206,LGTFIT01251,service_box,explicit,LGTLT00917,LGTCON00298;LGTCON00290;LGTCON00284;LGTCON00286;LGTCON00287,reachable,
LGTNET00206,LGTFIT01251,service_box,explicit,LGTLT00918,LGTCON00298;LGTCON00290;LGTCON00284;LGTCON00285,reachable,
LGTNET00206,LGTFIT01251,service_box,explicit,LGTLT00919,LGTCON00298,reachable,
LGTNET00206,LGTFIT01251,service_box,explicit,LGTLT00920,LGTCON00298;LGTCON00297,reachable,
LGTNET00206,LGTFIT01251,service_box,explicit,LGTLT00921,LGTCON00298;LGTCON00297;LGTCON00292;LGTCON00291,reachable,
LGTNET00206,LGTFIT01251,service_box,explicit,LGTLT00922,LGTCON00298;LGTCON00297;LGTCON00292;LGTCON00296,reachable,
LGTNET00206,LGTFIT01251,service_box,explicit,LGTLT00923,LGTCON00298;LGTCON00297;LGTCON00292;LGTCON00296;LGTCON01519;LGTCON00293,reachable,
LGTNET00206,LGTFIT01251,service_box,explicit,LGTLT00924,LGTCON00298;LGTCON00290;LGTCON00283;LGTCON00282,reachable,
LGTNET00206,LGTFIT01251,service_box,explicit,LGTLT00925,LGTCON00298;LGTCON00290;LGTCON00283;LGTCON00281,reachable,
LGTNET00207,LGTFIT01244,service_box,explicit,LGTLT00904,LGTCON00238;LGTCON00237;LGTCON00236;LGTCON00235,reachable,
LGTNET00207,LGTFIT01244,service_box,explicit,LGTLT00905,LGTCON00238,reachable,
LGTNET00207,LGTFIT01244,service_box,explicit,LGTLT00906,LGTCON00238;LGTCON00233;LGTCON00234,reachable,
LGTNET00207,LGTFIT01244,service_box,explicit,LGTLT00907,LGTCON00238;LGTCON00233;LGTCON00232;LGTCON00299,reachable,
LGTNET00207,LGTFIT01244,service_box,explicit,LGTLT00908,LGTCON00238;LGTCON00233;LGTCON00232;LGTCON00231,reachable,
LGTNET00207,LGTFIT01244,service_box,explicit,LGTLT00909,LGTCON00238;LGTCON00233;LGTCON00232;LGTCON00299;LGTCON00300;LGTCON00302;LGTCON00303,reachable,
LGTNET00207,LGTFIT01244,service_box,explicit,LGTLT00910,LGTCON00238;LGTCON00233;LGTCON00232;LGTCON00299;LGTCON00300;LGTCON00302,reachable,
LGTNET00207,LGTFIT01244,service_box,explicit,LGTLT00911,LGTCON00238;LGTCON00233;LGTCON00232;LGTCON00299;LGTCON00300;LGTCON00301,reachable,
LGTNET00207,LGTFIT01244,service_box,explicit,LGTLT00912,LGTCON00238;LGTCON01346,reachable,
LGTNET00208,LGTFIT01079,,unclassified_fitting,LGTLT01528,LGTCON03795,reachable,
LGTNET00208,LGTFIT01079,,unclassified_fitting,LGTLT01529,LGTCON03795;LGTCON03659,reachable,
LGTNET00209,LGTFIT01117,service_box,explicit,LGTLT00884,LGTCON01242,reachable,
LGTNET00209,LGTFIT01117,service_box,explicit,LGTLT00885,LGTCON01242;LGTCON01241,reachable,
LGTNET00209,LGTFIT01117,service_box,explicit,LGTLT00886,LGTCON01242;LGTCON01241;LGTCON01240,reachable,
LGTNET00210,LGTFIT01128,,unclassified_fitting,LGTLT02036,LGTCON00141;LGTCON00142;LGTCON00144,reachable,
LGTNET00210,LGTFIT01128,,unclassified_fitting,LGTLT02037,LGTCON00141;LGTCON00142;LGTCON00143,reachable,
LGTNET00210,LGTFIT01128,,unclassified_fitting,LGTLT02038,LGTCON00141,reachable,
LGTNET00211,LGTFIT00052,,unclassified_fitting,LGTLT02039,LGTCON00148;LGTCON00147;LGTCON00879,reachable,
LGTNET00211,LGTFIT00052,,unclassified_fitting,LGTLT02040,LGTCON00148;LGTCON00147;LGTCON00146,reachable,
LGTNET00211,LGTFIT00052,,unclassified_fitting,LGTLT02041,LGTCON00148;LGTCON00145,reachable,
LGTNET00212,LGTFIT01188,service_box,explicit,LGTLT01619,LGTCON01371;LGTCON01370,reachable,
LGTNET00212,LGTFIT01188,service_box,explicit,LGTLT01620,LGTCON01371,reachable,
LGTNET00212,LGTFIT01188,service_box,explicit,LGTLT01621,LGTCON01371;LGTCON01372,reachable,
LGTNET00213,LGTFIT01136,service_box,explicit,LGTLT00902,LGTCON01084,reachable,
LGTNET00213,LGTFIT01136,service_box,explicit,LGTLT00903,LGTCON01084;LGTCON01083;LGTCON01082,reachable,
LGTNET00214,LGTFIT01137,service_box,explicit,LGTLT00893,LGTCON01088;LGTCON01091;LGTCON01093;LGTCON01095;LGTCON01096,reachable,
LGTNET00214,LGTFIT01137,service_box,explicit,LGTLT00894,LGTCON01088;LGTCON01091;LGTCON01093;LGTCON01095;LGTCON01094,reachable,
LGTNET00214,LGTFIT01137,service_box,explicit,LGTLT00895,LGTCON01088;LGTCON01091;LGTCON01093,reachable,
LGTNET00214,LGTFIT01137,service_box,explicit,LGTLT00896,LGTCON01088;LGTCON01091;LGTCON01092,reachable,
LGTNET00214,LGTFIT01137,service_box,explicit,LGTLT00897,LGTCON01088;LGTCON01089;LGTCON01085,reachable,
LGTNET00214,LGTFIT01137,service_box,explicit,LGTLT00898,LGTCON01088;LGTCON01089;LGTCON01086,reachable,
LGTNET00214,LGTFIT01137,service_box,explicit,LGTLT00899,LGTCON01088,reachable,
LGTNET00214,LGTFIT01137,service_box,explicit,LGTLT00900,,unreachable,
LGTNET00214,LGTFIT01137,service_box,explicit,LGTLT00901,,unreachable,
LGTNET00215,LGTFIT01115,service_box,explicit,LGTLT02173,LGTCON01206,reachable,
LGTNET00215,LGTFIT01115,service_box,explicit,LGTLT02174,LGTCON01206;LGTCON01207,reachable,
LGTNET00215,LGTFIT01115,service_box,explicit,LGTLT02175,LGTCON01206;LGTCON01207;LGTCON01208,reachable,
LGTNET00216,LGTFIT01187,service_box,explicit,LGTLT01616,LGTCON01367,reachable,
LGTNET00216,LGTFIT01187,service_box,explicit,LGTLT01617,LGTCON01367;LGTCON01368,reachable,
LGTNET00216,LGTFIT01187,service_box,explicit,LGTLT01618,LGTCON01367;LGTCON01368;LGTCON01369,reachable,
LGTNET00217,LGTFIT01230,service_box,assumed,LGTLT01704,LGTCON01505;LGTCON01506;LGTCON01507,reachable,
LGTNET00217,LGTFIT01230,service_box,assumed,LGTLT01705,LGTCON01505;LGTCON01506,reachable,
LGTNET00217,LGTFIT01230,service_box,assumed,LGTLT01706,LGTCON01505,reachable,
LGTNET00217,LGTFIT01230,service_box,assumed,LGTLT01707,LGTCON01505;LGTCON01508,reachable,
LGTNET00217,LGTFIT01230,service_box,assumed,LGTLT01708,,unreachable,
LGTNET00217,LGTFIT01230,service_box,assumed,LGTLT01709,,unreachable,
LGTNET00217,LGTFIT01230,service_box,assumed,LGTLT01710,,unreachable,
LGTNET00217,LGTFIT01230,service_box,assumed,LGTLT01711,,unreachable,
LGTNET00217,LGTFIT01230,service_box,assumed,LGTLT01712,LGTCON01505;LGTCON01504,reachable,
LGTNET00217,LGTFIT01230,service_box,assumed,LGTLT01713,LGTCON01505;LGTCON01504;LGTCON01503,reachable,
LGTNET00217,LGTFIT01230,service_box,assumed,LGTLT01714,LGTCON01505;LGTCON01504;LGTCON01503;LGTCON01502;LGTCON01501,reachable,
LGTNET00217,LGTFIT01230,service_box,assumed,LGTLT01715,LGTCON01505;LGTCON01504;LGTCON01503;LGTCON01502;LGTCON01500,reachable,
LGTNET00217,LGTFIT01230,service_box,assumed,LGTLT01716,LGTCON01505;LGTCON01506;LGTCON01507;LGTCON01499,reachable,
LGTNET00218,LGTFIT00274,,unclassified_fitting,LGTLT00428,,unreachable,
LGTNET00218,LGTFIT00274,,unclassified_fitting,LGTLT00429,LGTCON00223,reachable,
LGTNET00218,LGTFIT00274,,unclassified_fitting,LGTLT00430,,unreachable,
LGTNET00218,LGTFIT00274,,unclassified_fitting,LGTLT00431,,unreachable,
LGTNET00218,LGTFIT00274,,unclassified_fitting,LGTLT00432,,unreachable,
LGTNET00218,LGTFIT00274,,unclassified_fitting,LGTLT00433,,unreachable,
LGTNET00218,LGTFIT00274,,unclassified_fitting,LGTLT00434,,unreachable,
LGTNET00218,LGTFIT01243,service_box,explicit,LGTLT00428,LGTCON00224,reachable,
LGTNET00218,LGTFIT01243,service_box,explicit,LGTLT00429,,unreachable,
LGTNET00218,LGTFIT01243,service_box,explicit,LGTLT00430,LGTCON00224;LGTCON00222,reachable,
LGTNET00218,LGTFIT01243,service_box,explicit,LGTLT00431,LGTCON00224;LGTCON00222;LGTCON00226;LGTCON00225,reachable,
LGTNET00218,LGTFIT01243,service_box,explicit,LGTLT00432,LGTCON00224;LGTCON00222;LGTCON00226;LGTCON00229,reachable,
LGTNET00218,LGTFIT01243,service_box,explicit,LGTLT00433,LGTCON00224;LGTCON00222;LGTCON00226;LGTCON00229;LGTCON00228;LGTCON00227,reachable,
LGTNET00218,LGTFIT01243,service_box,explicit,LGTLT00434,LGTCON00224;LGTCON00222;LGTCON00226;LGTCON00229;LGTCON00228;LGTCON00230,reachable,
LGTNET00220,LGTFIT00196,,unclassified_fitting,LGTLT00421,LGTCON01155;LGTCON01160;LGTCON01159;LGTCON01165;LGTCON01164;LGTCON01162,reachable,
LGTNET00220,LGTFIT00196,,unclassified_fitting,LGTLT00422,LGTCON01155;LGTCON01160;LGTCON01159;LGTCON01165;LGTCON01164,reachable,
LGTNET00220,LGTFIT00196,,unclassified_fitting,LGTLT00423,LGTCON01155;LGTCON01160;LGTCON01159;LGTCON01165;LGTCON01163,reachable,
LGTNET00220,LGTFIT00196,,unclassified_fitting,LGTLT00424,LGTCON01155;LGTCON01160;LGTCON01159;LGTCON01158,reachable,
LGTNET00220,LGTFIT00196,,unclassified_fitting,LGTLT00425,LGTCON01155;LGTCON01160,reachable,
LGTNET00220,LGTFIT00196,,unclassified_fitting,LGTLT00426,LGTCON01155;LGTCON01156,reachable,
LGTNET00220,LGTFIT00196,,unclassified_fitting,LGTLT00427,LGTCON01155;LGTCON01156;LGTCON01157,reachable,
LGTNET00220,LGTFIT01175,service_box,explicit,LGTLT00421,LGTCON01161;LGTCON01162,reachable,
LGTNET00220,LGTFIT01175,service_box,explicit,LGTLT00422,LGTCON01161,reachable,
LGTNET00220,LGTFIT01175,service_box,explicit,LGTLT00423,LGTCON01161;LGTCON01164;LGTCON01163,reachable,
LGTNET00220,LGTFIT01175,service_box,explicit,LGTLT00424,LGTCON01161;LGTCON01164;LGTCON01165;LGTCON01158,reachable,
LGTNET00220,LGTFIT01175,service_box,explicit,LGTLT00425,LGTCON01161;LGTCON01164;LGTCON01165;LGTCON01159,reachable,
LGTNET00220,LGTFIT01175,service_box,explicit,LGTLT00426,LGTCON01161;LGTCON01164;LGTCON01165;LGTCON01159;LGTCON01160;LGTCON01156,reachable,
LGTNET00220,LGTFIT01175,service_box,explicit,LGTLT00427,LGTCON01161;LGTCON01164;LGTCON01165;LGTCON01159;LGTCON01160;LGTCON01156;LGTCON01157,reachable,
LGTNET00221,LGTFIT00279,,unclassified_fitting,LGTLT02030,LGTCON00126,reachable,
LGTNET00221,LGTFIT00279,,unclassified_fitting,LGTLT02031,LGTCON00128;LGTCON00129;LGTCON00130;LGTCON00127,reachable,
LGTNET00221,LGTFIT00279,,unclassified_fitting,LGTLT02032,LGTCON00128;LGTCON00129;LGTCON00130;LGTCON00131;LGTCON00132;LGTCON00133;LGTCON00134,reachable,
LGTNET00221,LGTFIT00279,,unclassified_fitting,LGTLT02033,LGTCON00128;LGTCON00129;LGTCON00130;LGTCON00131;LGTCON00132,reachable,
LGTNET00221,LGTFIT00279,,unclassified_fitting,LGTLT02034,LGTCON00128;LGTCON00129,reachable,
LGTNET00221,LGTFIT00279,,unclassified_fitting,LGTLT02035,LGTCON00125,reachable,
LGTNET00222,LGTFIT00058,,unclassified_fitting,LGTLT00435,LGTCON00214;LGTCON00215;LGTCON00213;LGTCON00211;LGTCON00210,reachable,
LGTNET00222,LGTFIT00058,,unclassified_fitting,LGTLT00436,LGTCON00214;LGTCON00215;LGTCON00213,reachable,
LGTNET00222,LGTFIT00058,,unclassified_fitting,LGTLT00437,LGTCON00214;LGTCON00215;LGTCON00212,reachable,
LGTNET00222,LGTFIT00058,,unclassified_fitting,LGTLT00438,LGTCON00214;LGTCON00216,reachable,
LGTNET00222,LGTFIT00058,,unclassified_fitting,LGTLT00439,LGTCON00214;LGTCON00216;LGTCON00217;LGTCON00218,reachable,
LGTNET00222,LGTFIT00058,,unclassified_fitting,LGTLT00440,LGTCON00214;LGTCON00216;LGTCON00217;LGTCON00219,reachable,
LGTNET00222,LGTFIT00058,,unclassified_fitting,LGTLT00441,LGTCON00214;LGTCON00215;LGTCON00213;LGTCON00211;LGTCON03703,reachable,
LGTNET00222,LGTFIT00058,,unclassified_fitting,LGTLT00442,LGTCON00214;LGTCON00215;LGTCON00213;LGTCON00211;LGTCON03703;LGTCON03702,reachable,
LGTNET00222,LGTFIT00058,,unclassified_fitting,LGTLT00443,LGTCON00214;LGTCON00215;LGTCON00213;LGTCON00211;LGTCON03703;LGTCON03702;LGTCON03771,reachable,
LGTNET00222,LGTFIT00058,,unclassified_fitting,LGTLT00444,LGTCON00214;LGTCON00215;LGTCON00213;LGTCON00211;LGTCON03703;LGTCON03702;LGTCON03771;LGTCON03770,reachable,
LGTNET00222,LGTFIT00059,,unclassified_fitting,LGTLT00435,LGTCON00221;LGTCON00210,reachable,
LGTNET00222,LGTFIT00059,,unclassified_fitting,LGTLT00436,LGTCON00221;LGTCON00211,reachable,
LGTNET00222,LGTFIT00059,,unclassified_fitting,LGTLT00437,LGTCON00221;LGTCON00211;LGTCON00213;LGTCON00212,reachable,
LGTNET00222,LGTFIT00059,,unclassified_fitting,LGTLT00438,LGTCON00221;LGTCON00211;LGTCON00213;LGTCON00215;LGTCON00216,reachable,
LGTNET00222,LGTFIT00059,,unclassified_fitting,LGTLT00439,LGTCON00221;LGTCON00211;LGTCON00213;LGTCON00215;LGTCON00216;LGTCON00217;LGTCON00218,reachable,
LGTNET00222,LGTFIT00059,,unclassified_fitting,LGTLT00440,LGTCON00221;LGTCON00211;LGTCON00213;LGTCON00215;LGTCON00216;LGTCON00217;LGTCON00219,reachable,
LGTNET00222,LGTFIT00059,,unclassified_fitting,LGTLT00441,LGTCON00221;LGTCON03703,reachable,
LGTNET00222,LGTFIT00059,,unclassified_fitting,LGTLT00442,LGTCON00221;LGTCON03703;LGTCON03702,reachable,
LGTNET00222,LGTFIT00059,,unclassified_fitting,LGTLT00443,LGTCON00221;LGTCON03703;LGTCON03702;LGTCON03771,reachable,
LGTNET00222,LGTFIT00059,,unclassified_fitting,LGTLT00444,LGTCON00221;LGTCON03703;LGTCON03702;LGTCON03771;LGTCON03770,reachable,
LGTNET00222,LGTFIT01242,service_box,explicit,LGTLT00435,LGTCON00220;LGTCON00219;LGTCON00217;LGTCON00216;LGTCON00215;LGTCON00213;LGTCON00211;LGTCON00210,reachable,
LGTNET00222,LGTFIT01242,service_box,explicit,LGTLT00436,LGTCON00220;LGTCON00219;LGTCON00217;LGTCON00216;LGTCON00215;LGTCON00213,reachable,
LGTNET00222,LGTFIT01242,service_box,explicit,LGTLT00437,LGTCON00220;LGTCON00219;LGTCON00217;LGTCON00216;LGTCON00215;LGTCON00212,reachable,
LGTNET00222,LGTFIT01242,service_box,explicit,LGTLT00438,LGTCON00220;LGTCON00219;LGTCON00217,reachable,
LGTNET00222,LGTFIT01242,service_box,explicit,LGTLT00439,LGTCON00220;LGTCON00219;LGTCON00218,reachable,
LGTNET00222,LGTFIT01242,service_box,explicit,LGTLT00440,LGTCON00220,reachable,
LGTNET00222,LGTFIT01242,service_box,explicit,LGTLT00441,LGTCON00220;LGTCON00219;LGTCON00217;LGTCON00216;LGTCON00215;LGTCON00213;LGTCON00211;LGTCON03703,reachable,
LGTNET00222,LGTFIT01242,service_box,explicit,LGTLT00442,LGTCON00220;LGTCON00219;LGTCON00217;LGTCON00216;LGTCON00215;LGTCON00213;LGTCON00211;LGTCON03703;LGTCON03702,reachable,
LGTNET00222,LGTFIT01242,service_box,explicit,LGTLT00443,LGTCON00220;LGTCON00219;LGTCON00217;LGTCON00216;LGTCON00215;LGTCON00213;LGTCON00211;LGTCON03703;LGTCON03702;LGTCON03771,reachable,
LGTNET00222,LGTFIT01242,service_box,explicit,LGTLT00444,LGTCON00220;LGTCON00219;LGTCON00217;LGTCON00216;LGTCON00215;LGTCON00213;LGTCON00211;LGTCON03703;LGTCON03702;LGTCON03771;LGTCON03770,reachable,
LGTNET00224,LGTFIT00080,,unclassified_fitting,LGTLT01029,,unreachable,
LGTNET00224,LGTFIT00080,,unclassified_fitting,LGTLT01030,,unreachable,
LGTNET00224,LGTFIT00080,,unclassified_fitting,LGTLT01031,LGTCON02945;LGTCON02947;LGTCON02946;LGTCON02948,reachable,
LGTNET00224,LGTFIT00080,,unclassified_fitting,LGTLT01032,LGTCON02945;LGTCON02947;LGTCON02946,reachable,
LGTNET00224,LGTFIT00080,,unclassified_fitting,LGTLT01033,LGTCON02945;LGTCON02947,reachable,
LGTNET00224,LGTFIT00080,,unclassified_fitting,LGTLT01034,LGTCON02945,reachable,
LGTNET00224,LGTFIT00081,,unclassified_fitting,LGTLT01029,LGTCON02951,reachable,
LGTNET00224,LGTFIT00081,,unclassified_fitting,LGTLT01030,LGTCON02951;LGTCON02950,reachable,
LGTNET00224,LGTFIT00081,,unclassified_fitting,LGTLT01031,,unreachable,
LGTNET00224,LGTFIT00081,,unclassified_fitting,LGTLT01032,,unreachable,
LGTNET00224,LGTFIT00081,,unclassified_fitting,LGTLT01033,,unreachable,
LGTNET00224,LGTFIT00081,,unclassified_fitting,LGTLT01034,,unreachable,
LGTNET00225,LGTFIT01181,service_box,assumed,LGTLT00410,LGTCON01192;LGTCON01191;LGTCON01190,reachable,
LGTNET00225,LGTFIT01181,service_box,assumed,LGTLT00411,LGTCON01192,reachable,
LGTNET00225,LGTFIT01181,service_box,assumed,LGTLT00412,LGTCON01192;LGTCON01191,reachable,
LGTNET00225,LGTFIT01181,service_box,assumed,LGTLT00413,LGTCON01192;LGTCON01193,reachable,
LGTNET00225,LGTFIT01181,service_box,assumed,LGTLT00414,LGTCON01192;LGTCON01193;LGTCON01194,reachable,
LGTNET00225,LGTFIT01181,service_box,assumed,LGTLT00415,LGTCON01192;LGTCON01193;LGTCON01194;LGTCON01195;LGTCON01196,reachable,
LGTNET00225,LGTFIT01181,service_box,assumed,LGTLT00416,LGTCON01192;LGTCON01193;LGTCON01194;LGTCON01195,reachable,
LGTNET00225,LGTFIT01181,service_box,assumed,LGTLT00417,LGTCON01192;LGTCON01193;LGTCON01194;LGTCON01195;LGTCON01196;LGTCON01197,reachable,
LGTNET00226,LGTFIT00912,,unclassified_fitting,LGTLT02192,LGTCON03086;LGTCON03085;LGTCON03084;LGTCON03083;LGTCON03082;LGTCON03081;LGTCON03080;LGTCON03079;LGTCON03078;LGTCON03077;LGTCON03076;LGTCON03075;LGTCON03074;LGTCON03073,reachable,
LGTNET00226,LGTFIT00912,,unclassified_fitting,LGTLT02193,LGTCON03086;LGTCON03085;LGTCON03084;LGTCON03083;LGTCON03082;LGTCON03081;LGTCON03080;LGTCON03079;LGTCON03078;LGTCON03077;LGTCON03076;LGTCON03075;LGTCON03074,reachable,
LGTNET00226,LGTFIT00912,,unclassified_fitting,LGTLT02194,LGTCON03086;LGTCON03085;LGTCON03084;LGTCON03083;LGTCON03082;LGTCON03081;LGTCON03080;LGTCON03079;LGTCON03078;LGTCON03077;LGTCON03076;LGTCON03075,reachable,
LGTNET00226,LGTFIT00912,,unclassified_fitting,LGTLT02195,LGTCON03086;LGTCON03085;LGTCON03084;LGTCON03083;LGTCON03082;LGTCON03081;LGTCON03080;LGTCON03079;LGTCON03078;LGTCON03077;LGTCON03076,reachable,
LGTNET00226,LGTFIT00912,,unclassified_fitting,LGTLT02196,LGTCON03086;LGTCON03085;LGTCON03084;LGTCON03083;LGTCON03082;LGTCON03081;LGTCON03080;LGTCON03079;LGTCON03078;LGTCON03077,reachable,
LGTNET00226,LGTFIT00912,,unclassified_fitting,LGTLT02197,LGTCON03086;LGTCON03085;LGTCON03084;LGTCON03083;LGTCON03082;LGTCON03081;LGTCON03080;LGTCON03079;LGTCON03078,reachable,
LGTNET00226,LGTFIT00912,,unclassified_fitting,LGTLT02198,LGTCON03086;LGTCON03085;LGTCON03084;LGTCON03083;LGTCON03082;LGTCON03081;LGTCON03080;LGTCON03079,reachable,
LGTNET00226,LGTFIT00912,,unclassified_fitting,LGTLT02199,LGTCON03086;LGTCON03085;LGTCON03084;LGTCON03083;LGTCON03082;LGTCON03081;LGTCON03080,reachable,
LGTNET00226,LGTFIT00912,,unclassified_fitting,LGTLT02200,LGTCON03086;LGTCON03085;LGTCON03084;LGTCON03083;LGTCON03082;LGTCON03081,reachable,
LGTNET00226,LGTFIT00912,,unclassified_fitting,LGTLT02201,LGTCON03086;LGTCON03085;LGTCON03084;LGTCON03083;LGTCON03082,reachable,
LGTNET00226,LGTFIT00912,,unclassified_fitting,LGTLT02619,LGTCON03086;LGTCON03085;LGTCON03084;LGTCON03083,reachable,
LGTNET00226,LGTFIT00912,,unclassified_fitting,LGTLT02620,LGTCON03086;LGTCON03085;LGTCON03084,reachable,
LGTNET00226,LGTFIT00912,,unclassified_fitting,LGTLT02621,LGTCON03086;LGTCON03085,reachable,
LGTNET00226,LGTFIT00912,,unclassified_fitting,LGTLT02622,LGTCON03086,reachable,
LGTNET00226,LGTFIT00912,,unclassified_fitting,LGTLT02623,LGTCON03088;LGTCON03089,reachable,
LGTNET00226,LGTFIT00912,,unclassified_fitting,LGTLT02624,LGTCON03088,reachable,
LGTNET00226,LGTFIT00912,,unclassified_fitting,LGTLT02625,LGTCON03087,reachable,
LGTNET00227,LGTFIT00469,,unclassified_fitting,LGTLT00609,LGTCON00964,reachable,
LGTNET00227,LGTFIT00469,,unclassified_fitting,LGTLT00610,LGTCON00966;LGTCON00965,reachable,
LGTNET00228,LGTFIT00016,,unclassified_fitting,LGTLT00001,LGTCON03062;LGTCON03061,reachable,
LGTNET00228,LGTFIT00016,,unclassified_fitting,LGTLT00002,LGTCON03062;LGTCON03060,reachable,
LGTNET00228,LGTFIT00016,,unclassified_fitting,LGTLT00003,LGTCON03062;LGTCON03060;LGTCON03059,reachable,
LGTNET00228,LGTFIT00017,,unclassified_fitting,LGTLT00001,LGTCON03063,reachable,
LGTNET00228,LGTFIT00017,,unclassified_fitting,LGTLT00002,LGTCON03063;LGTCON03061;LGTCON03060,reachable,
LGTNET00228,LGTFIT00017,,unclassified_fitting,LGTLT00003,LGTCON03063;LGTCON03061;LGTCON03060;LGTCON03059,reachable,
LGTNET00228,LGTFIT00018,,unclassified_fitting,LGTLT00001,LGTCON03064;LGTCON03059;LGTCON03060;LGTCON03061,reachable,
LGTNET00228,LGTFIT00018,,unclassified_fitting,LGTLT00002,LGTCON03064;LGTCON03059,reachable,
LGTNET00228,LGTFIT00018,,unclassified_fitting,LGTLT00003,LGTCON03064,reachable,
LGTNET00231,LGTFIT01099,service_box,assumed,LGTLT02012,LGTCON01557;LGTCON01558,reachable,
LGTNET00231,LGTFIT01099,service_box,assumed,LGTLT02013,LGTCON01557,reachable,
LGTNET00231,LGTFIT01099,service_box,assumed,LGTLT02014,LGTCON01557;LGTCON01559,reachable,
LGTNET00232,LGTFIT01248,service_pole,unclassified_fitting,LGTLT00879,LGTCON00263,reachable,
LGTNET00233,LGTFIT00184,,unclassified_fitting,LGTLT02370,LGTCON00999;LGTCON01000;LGTCON01004;LGTCON01005;LGTCON01006;LGTCON01007,reachable,
LGTNET00233,LGTFIT00184,,unclassified_fitting,LGTLT02371,LGTCON00999;LGTCON01000;LGTCON01004;LGTCON01005;LGTCON01006,reachable,
LGTNET00233,LGTFIT00184,,unclassified_fitting,LGTLT02372,LGTCON00999;LGTCON01000;LGTCON01004;LGTCON01005,reachable,
LGTNET00233,LGTFIT00184,,unclassified_fitting,LGTLT02373,LGTCON00999;LGTCON01000;LGTCON01004,reachable,
LGTNET00233,LGTFIT00184,,unclassified_fitting,LGTLT02374,LGTCON00999,reachable,
LGTNET00233,LGTFIT00184,,unclassified_fitting,LGTLT02375,LGTCON00999;LGTCON00998,reachable,
LGTNET00233,LGTFIT00184,,unclassified_fitting,LGTLT02376,LGTCON00999;LGTCON01000;LGTCON01001;LGTCON01002,reachable,
LGTNET00233,LGTFIT00184,,unclassified_fitting,LGTLT02377,LGTCON00999;LGTCON01000;LGTCON01001,reachable,
LGTNET00233,LGTFIT01114,service_box,explicit,LGTLT02370,LGTCON01003;LGTCON01005;LGTCON01006;LGTCON01007,reachable,
LGTNET00233,LGTFIT01114,service_box,explicit,LGTLT02371,LGTCON01003;LGTCON01005;LGTCON01006,reachable,
LGTNET00233,LGTFIT01114,service_box,explicit,LGTLT02372,LGTCON01003;LGTCON01005,reachable,
LGTNET00233,LGTFIT01114,service_box,explicit,LGTLT02373,LGTCON01003,reachable,
LGTNET00233,LGTFIT01114,service_box,explicit,LGTLT02374,LGTCON01003;LGTCON01004;LGTCON01000,reachable,
LGTNET00233,LGTFIT01114,service_box,explicit,LGTLT02375,LGTCON01003;LGTCON01004;LGTCON01000;LGTCON00998,reachable,
LGTNET00233,LGTFIT01114,service_box,explicit,LGTLT02376,LGTCON01003;LGTCON01004;LGTCON01001;LGTCON01002,reachable,
LGTNET00233,LGTFIT01114,service_box,explicit,LGTLT02377,LGTCON01003;LGTCON01004;LGTCON01001,reachable,
LGTNET00234,LGTFIT00090,,unclassified_fitting,LGTLT02692,LGTCON03072,reachable,
LGTNET00234,LGTFIT01217,service_box,explicit,LGTLT02692,LGTCON03071,reachable,
LGTNET00235,LGTFIT01118,service_box,explicit,LGTLT02158,LGTCON01253,reachable,
LGTNET00235,LGTFIT01118,service_box,explicit,LGTLT02159,LGTCON01253;LGTCON01254,reachable,
LGTNET00237,LGTFIT00066,,unclassified_fitting,LGTLT01323,LGTCON01986,reachable,
LGTNET00237,LGTFIT00066,,unclassified_fitting,LGTLT01324,LGTCON01986;LGTCON01985,reachable,
LGTNET00237,LGTFIT00066,,unclassified_fitting,LGTLT01325,LGTCON01986;LGTCON01985;LGTCON01979,reachable,
LGTNET00237,LGTFIT00066,,unclassified_fitting,LGTLT01326,LGTCON01986;LGTCON01985;LGTCON01979;LGTCON01980,reachable,
LGTNET00237,LGTFIT00066,,unclassified_fitting,LGTLT01327,LGTCON01986;LGTCON01985;LGTCON01979;LGTCON01980;LGTCON01981,reachable,
LGTNET00237,LGTFIT00066,,unclassified_fitting,LGTLT01328,LGTCON01986;LGTCON01985;LGTCON01979;LGTCON01980;LGTCON01981;LGTCON01982,reachable,
LGTNET00237,LGTFIT00066,,unclassified_fitting,LGTLT01329,LGTCON01986;LGTCON01985;LGTCON01979;LGTCON01980;LGTCON01981;LGTCON01982;LGTCON01983,reachable,
LGTNET00237,LGTFIT00066,,unclassified_fitting,LGTLT01330,LGTCON01986;LGTCON01985;LGTCON01979;LGTCON01980;LGTCON01981;LGTCON01982;LGTCON01983;LGTCON01984,reachable,
LGTNET00237,LGTFIT00067,,unclassified_fitting,LGTLT01323,LGTCON01987;LGTCON01984;LGTCON01983;LGTCON01982;LGTCON01981;LGTCON01980;LGTCON01979;LGTCON01985,reachable,
LGTNET00237,LGTFIT00067,,unclassified_fitting,LGTLT01324,LGTCON01987;LGTCON01984;LGTCON01983;LGTCON01982;LGTCON01981;LGTCON01980;LGTCON01979,reachable,
LGTNET00237,LGTFIT00067,,unclassified_fitting,LGTLT01325,LGTCON01987;LGTCON01984;LGTCON01983;LGTCON01982;LGTCON01981;LGTCON01980,reachable,
LGTNET00237,LGTFIT00067,,unclassified_fitting,LGTLT01326,LGTCON01987;LGTCON01984;LGTCON01983;LGTCON01982;LGTCON01981,reachable,
LGTNET00237,LGTFIT00067,,unclassified_fitting,LGTLT01327,LGTCON01987;LGTCON01984;LGTCON01983;LGTCON01982,reachable,
LGTNET00237,LGTFIT00067,,unclassified_fitting,LGTLT01328,LGTCON01987;LGTCON01984;LGTCON01983,reachable,
LGTNET00237,LGTFIT00067,,unclassified_fitting,LGTLT01329,LGTCON01987;LGTCON01984,reachable,
LGTNET00237,LGTFIT00067,,unclassified_fitting,LGTLT01330,LGTCON01987,reachable,
LGTNET00238,LGTFIT00074,,unclassified_fitting,LGTLT00262,LGTCON02807,reachable,
LGTNET00238,LGTFIT00074,,unclassified_fitting,LGTLT01056,LGTCON02807;LGTCON02806,reachable,
LGTNET00238,LGTFIT00074,,unclassified_fitting,LGTLT01057,LGTCON02807;LGTCON02806;LGTCON02805,reachable,
LGTNET00238,LGTFIT00074,,unclassified_fitting,LGTLT01058,LGTCON02807;LGTCON02806;LGTCON02805;LGTCON02804,reachable,
LGTNET00238,LGTFIT00074,,unclassified_fitting,LGTLT01059,LGTCON02807;LGTCON02806;LGTCON02805;LGTCON02804;LGTCON02803,reachable,
LGTNET00238,LGTFIT00074,,unclassified_fitting,LGTLT01060,LGTCON02807;LGTCON02806;LGTCON02805;LGTCON02804;LGTCON02803;LGTCON02802,reachable,
LGTNET00238,LGTFIT00074,,unclassified_fitting,LGTLT01061,LGTCON02807;LGTCON02806;LGTCON02805;LGTCON02804;LGTCON02803;LGTCON02802;LGTCON02801,reachable,
LGTNET00238,LGTFIT00074,,unclassified_fitting,LGTLT01062,LGTCON02807;LGTCON02806;LGTCON02805;LGTCON02804;LGTCON02803;LGTCON02802;LGTCON02801;LGTCON02808;LGTCON02809,reachable,
LGTNET00238,LGTFIT01085,,unclassified_fitting,LGTLT00262,LGTCON03813;LGTCON02803;LGTCON02804;LGTCON02805;LGTCON02806,reachable,
LGTNET00238,LGTFIT01085,,unclassified_fitting,LGTLT01056,LGTCON03813;LGTCON02803;LGTCON02804;LGTCON02805,reachable,
LGTNET00238,LGTFIT01085,,unclassified_fitting,LGTLT01057,LGTCON03813;LGTCON02803;LGTCON02804,reachable,
LGTNET00238,LGTFIT01085,,unclassified_fitting,LGTLT01058,LGTCON03813;LGTCON02803,reachable,
LGTNET00238,LGTFIT01085,,unclassified_fitting,LGTLT01059,LGTCON03813,reachable,
LGTNET00238,LGTFIT01085,,unclassified_fitting,LGTLT01060,LGTCON03813;LGTCON02802,reachable,
LGTNET00238,LGTFIT01085,,unclassified_fitting,LGTLT01061,LGTCON03813;LGTCON02802;LGTCON02801,reachable,
LGTNET00238,LGTFIT01085,,unclassified_fitting,LGTLT01062,LGTCON03813;LGTCON02802;LGTCON02801;LGTCON02808;LGTCON02809,reachable,
LGTNET00239,LGTFIT00377,,unclassified_fitting,LGTLT00408,LGTCON00553,reachable,
LGTNET00239,LGTFIT00377,,unclassified_fitting,LGTLT00409,LGTCON00552,reachable,
LGTNET00240,LGTFIT00638,,unclassified_fitting,LGTLT00401,LGTCON02159;LGTCON02160,reachable,
LGTNET00240,LGTFIT00638,,unclassified_fitting,LGTLT01455,LGTCON02159,reachable,
LGTNET00240,LGTFIT00638,,unclassified_fitting,LGTLT01456,LGTCON02157,reachable,
LGTNET00240,LGTFIT00638,,unclassified_fitting,LGTLT01457,LGTCON02158,reachable,
LGTNET00240,LGTFIT00638,,unclassified_fitting,LGTLT01458,LGTCON02158;LGTCON02156;LGTCON02155,reachable,
LGTNET00241,LGTFIT01214,service_box,assumed,LGTLT01072,LGTCON02800;LGTCON03708;LGTCON03707,reachable,
LGTNET00241,LGTFIT01214,service_box,assumed,LGTLT01073,LGTCON02800;LGTCON03708,reachable,
LGTNET00241,LGTFIT01214,service_box,assumed,LGTLT01074,LGTCON02800,reachable,
LGTNET00241,LGTFIT01214,service_box,assumed,LGTLT01075,LGTCON02800;LGTCON02799,reachable,
LGTNET00241,LGTFIT01214,service_box,assumed,LGTLT01076,LGTCON02800;LGTCON02799;LGTCON02798,reachable,
LGTNET00242,LGTFIT00847,,unclassified_fitting,LGTLT00445,LGTCON02762,reachable,
LGTNET00242,LGTFIT00847,,unclassified_fitting,LGTLT00446,LGTCON02763,reachable,
LGTNET00242,LGTFIT00847,,unclassified_fitting,LGTLT00447,LGTCON02764,reachable,
LGTNET00243,LGTFIT00061,,unclassified_fitting,LGTLT00448,LGTCON01921;LGTCON01919,reachable,
LGTNET00243,LGTFIT00061,,unclassified_fitting,LGTLT00449,LGTCON01921;LGTCON01919;LGTCON01916;LGTCON01918,reachable,
LGTNET00243,LGTFIT00061,,unclassified_fitting,LGTLT00450,LGTCON01921;LGTCON01919;LGTCON01916;LGTCON01918;LGTCON01915;LGTCON01909,reachable,
LGTNET00243,LGTFIT00061,,unclassified_fitting,LGTLT00451,LGTCON01921;LGTCON01919;LGTCON01916;LGTCON01918;LGTCON01915;LGTCON01910,reachable,
LGTNET00243,LGTFIT00061,,unclassified_fitting,LGTLT00452,LGTCON01921;LGTCON01919;LGTCON01916;LGTCON01918;LGTCON01915;LGTCON01910;LGTCON01911;LGTCON01912,reachable,
LGTNET00243,LGTFIT00061,,unclassified_fitting,LGTLT00453,LGTCON01921;LGTCON01919;LGTCON01916;LGTCON01918;LGTCON01915;LGTCON01910;LGTCON01911;LGTCON01914;LGTCON01913,reachable,
LGTNET00243,LGTFIT00061,,unclassified_fitting,LGTLT00454,LGTCON01921;LGTCON01919;LGTCON01916;LGTCON01918;LGTCON01915;LGTCON01910;LGTCON01911;LGTCON01914;LGTCON01913;LGTCON01908,reachable,
LGTNET00243,LGTFIT00061,,unclassified_fitting,LGTLT00455,LGTCON01921,reachable,
LGTNET00243,LGTFIT00061,,unclassified_fitting,LGTLT00456,LGTCON01921;LGTCON01926;LGTCON01925,reachable,
LGTNET00243,LGTFIT00061,,unclassified_fitting,LGTLT00457,LGTCON01921;LGTCON01926;LGTCON01924,reachable,
LGTNET00243,LGTFIT00061,,unclassified_fitting,LGTLT00458,LGTCON01921;LGTCON01926;LGTCON01924;LGTCON01923;LGTCON01922,reachable,
LGTNET00243,LGTFIT00061,,unclassified_fitting,LGTLT00459,LGTCON01921;LGTCON01926;LGTCON01924;LGTCON01923;LGTCON01927,reachable,
LGTNET00243,LGTFIT00061,,unclassified_fitting,LGTLT00460,LGTCON01921;LGTCON01926;LGTCON01924;LGTCON01923;LGTCON01927;LGTCON02627;LGTCON01929,reachable,
LGTNET00243,LGTFIT00061,,unclassified_fitting,LGTLT00461,LGTCON01921;LGTCON01926;LGTCON01924;LGTCON01923;LGTCON01927;LGTCON02627;LGTCON01930,reachable,
LGTNET00243,LGTFIT00602,,unclassified_fitting,LGTLT00448,LGTCON01917;LGTCON01916,reachable,
LGTNET00243,LGTFIT00602,,unclassified_fitting,LGTLT00449,LGTCON01917;LGTCON01918,reachable,
LGTNET00243,LGTFIT00602,,unclassified_fitting,LGTLT00450,LGTCON01917;LGTCON01918;LGTCON01915;LGTCON01909,reachable,
LGTNET00243,LGTFIT00602,,unclassified_fitting,LGTLT00451,LGTCON01917;LGTCON01918;LGTCON01915;LGTCON01910,reachable,
LGTNET00243,LGTFIT00602,,unclassified_fitting,LGTLT00452,LGTCON01917;LGTCON01918;LGTCON01915;LGTCON01910;LGTCON01911;LGTCON01912,reachable,
LGTNET00243,LGTFIT00602,,unclassified_fitting,LGTLT00453,LGTCON01917;LGTCON01918;LGTCON01915;LGTCON01910;LGTCON01911;LGTCON01914;LGTCON01913,reachable,
LGTNET00243,LGTFIT00602,,unclassified_fitting,LGTLT00454,LGTCON01917;LGTCON01918;LGTCON01915;LGTCON01910;LGTCON01911;LGTCON01914;LGTCON01913;LGTCON01908,reachable,
LGTNET00243,LGTFIT00602,,unclassified_fitting,LGTLT00455,LGTCON01917;LGTCON01916;LGTCON01919,reachable,
LGTNET00243,LGTFIT00602,,unclassified_fitting,LGTLT00456,LGTCON01917;LGTCON01916;LGTCON01919;LGTCON01926;LGTCON01925,reachable,
LGTNET00243,LGTFIT00602,,unclassified_fitting,LGTLT00457,LGTCON01917;LGTCON01916;LGTCON01919;LGTCON01926;LGTCON01924,reachable,
LGTNET00243,LGTFIT00602,,unclassified_fitting,LGTLT00458,LGTCON01917;LGTCON01916;LGTCON01919;LGTCON01926;LGTCON01924;LGTCON01923;LGTCON01922,reachable,
LGTNET00243,LGTFIT00602,,unclassified_fitting,LGTLT00459,LGTCON01917;LGTCON01916;LGTCON01919;LGTCON01926;LGTCON01924;LGTCON01923;LGTCON01927,reachable,
LGTNET00243,LGTFIT00602,,unclassified_fitting,LGTLT00460,LGTCON01917;LGTCON01916;LGTCON01919;LGTCON01926;LGTCON01924;LGTCON01923;LGTCON01927;LGTCON02627;LGTCON01929,reachable,
LGTNET00243,LGTFIT00602,,unclassified_fitting,LGTLT00461,LGTCON01917;LGTCON01916;LGTCON01919;LGTCON01926;LGTCON01924;LGTCON01923;LGTCON01927;LGTCON02627;LGTCON01930,reachable,
LGTNET00243,LGTFIT01065,service_box,assumed,LGTLT00448,LGTCON01920;LGTCON01919,reachable,
LGTNET00243,LGTFIT01065,service_box,assumed,LGTLT00449,LGTCON01920;LGTCON01919;LGTCON01916;LGTCON01918,reachable,
LGTNET00243,LGTFIT01065,service_box,assumed,LGTLT00450,LGTCON01920;LGTCON01919;LGTCON01916;LGTCON01918;LGTCON01915;LGTCON01909,reachable,
LGTNET00243,LGTFIT01065,service_box,assumed,LGTLT00451,LGTCON01920;LGTCON01919;LGTCON01916;LGTCON01918;LGTCON01915;LGTCON01910,reachable,
LGTNET00243,LGTFIT01065,service_box,assumed,LGTLT00452,LGTCON01920;LGTCON01919;LGTCON01916;LGTCON01918;LGTCON01915;LGTCON01910;LGTCON01911;LGTCON01912,reachable,
LGTNET00243,LGTFIT01065,service_box,assumed,LGTLT00453,LGTCON01920;LGTCON01919;LGTCON01916;LGTCON01918;LGTCON01915;LGTCON01910;LGTCON01911;LGTCON01914;LGTCON01913,reachable,
LGTNET00243,LGTFIT01065,service_box,assumed,LGTLT00454,LGTCON01920;LGTCON01919;LGTCON01916;LGTCON01918;LGTCON01915;LGTCON01910;LGTCON01911;LGTCON01914;LGTCON01913;LGTCON01908,reachable,
LGTNET00243,LGTFIT01065,service_box,assumed,LGTLT00455,LGTCON01920,reachable,
LGTNET00243,LGTFIT01065,service_box,assumed,LGTLT00456,LGTCON01920;LGTCON01926;LGTCON01925,reachable,
LGTNET00243,LGTFIT01065,service_box,assumed,LGTLT00457,LGTCON01920;LGTCON01926;LGTCON01924,reachable,
LGTNET00243,LGTFIT01065,service_box,assumed,LGTLT00458,LGTCON01920;LGTCON01926;LGTCON01924;LGTCON01923;LGTCON01922,reachable,
LGTNET00243,LGTFIT01065,service_box,assumed,LGTLT00459,LGTCON01920;LGTCON01926;LGTCON01924;LGTCON01923;LGTCON01927,reachable,
LGTNET00243,LGTFIT01065,service_box,assumed,LGTLT00460,LGTCON01920;LGTCON01926;LGTCON01924;LGTCON01923;LGTCON01927;LGTCON02627;LGTCON01929,reachable,
LGTNET00243,LGTFIT01065,service_box,assumed,LGTLT00461,LGTCON01920;LGTCON01926;LGTCON01924;LGTCON01923;LGTCON01927;LGTCON02627;LGTCON01930,reachable,
LGTNET00244,LGTFIT00060,,unclassified_fitting,LGTLT00462,LGTCON02718;LGTCON02717;LGTCON02716;LGTCON02715,reachable,
LGTNET00244,LGTFIT00060,,unclassified_fitting,LGTLT00463,LGTCON02718;LGTCON02717;LGTCON02716,reachable,
LGTNET00244,LGTFIT00060,,unclassified_fitting,LGTLT00464,LGTCON02718;LGTCON02717,reachable,
LGTNET00244,LGTFIT00060,,unclassified_fitting,LGTLT00465,LGTCON02718,reachable,
LGTNET00245,LGTFIT00062,,unclassified_fitting,LGTLT00466,LGTCON01934,reachable,
LGTNET00245,LGTFIT00062,,unclassified_fitting,LGTLT00467,LGTCON01934;LGTCON01933;LGTCON02240,reachable,
LGTNET00245,LGTFIT00062,,unclassified_fitting,LGTLT00468,LGTCON01934;LGTCON01933;LGTCON02240;LGTCON02241;LGTCON01935,reachable,
LGTNET00245,LGTFIT00062,,unclassified_fitting,LGTLT00469,LGTCON01934;LGTCON01933;LGTCON02240;LGTCON02241;LGTCON01937,reachable,
LGTNET00245,LGTFIT00062,,unclassified_fitting,LGTLT00470,LGTCON01934;LGTCON01933;LGTCON02240;LGTCON02241;LGTCON01937;LGTCON01951,reachable,
LGTNET00245,LGTFIT00062,,unclassified_fitting,LGTLT00471,LGTCON01934;LGTCON01933;LGTCON02240;LGTCON02241;LGTCON01937;LGTCON01951;LGTCON01952,reachable,
LGTNET00245,LGTFIT00062,,unclassified_fitting,LGTLT00472,LGTCON01934;LGTCON01933;LGTCON02240;LGTCON02241;LGTCON01937;LGTCON01951;LGTCON01952;LGTCON01953,reachable,
LGTNET00245,LGTFIT00062,,unclassified_fitting,LGTLT00473,LGTCON01934;LGTCON01933;LGTCON02240;LGTCON02241;LGTCON01937;LGTCON01951;LGTCON01952;LGTCON01953;LGTCON01954,reachable,
LGTNET00245,LGTFIT00062,,unclassified_fitting,LGTLT00474,LGTCON01934;LGTCON01933;LGTCON02240;LGTCON02241;LGTCON01937;LGTCON01939;LGTCON01938,reachable,
LGTNET00245,LGTFIT00062,,unclassified_fitting,LGTLT00475,LGTCON01934;LGTCON01933;LGTCON02240;LGTCON02241;LGTCON01937;LGTCON01939;LGTCON01940,reachable,
LGTNET00245,LGTFIT00062,,unclassified_fitting,LGTLT00476,LGTCON01934;LGTCON01933;LGTCON02240;LGTCON02241;LGTCON01937;LGTCON01939;LGTCON01940;LGTCON01942;LGTCON01941,reachable,
LGTNET00245,LGTFIT00062,,unclassified_fitting,LGTLT00477,LGTCON01934;LGTCON01933;LGTCON02240;LGTCON02241;LGTCON01937;LGTCON01939;LGTCON01940;LGTCON01942;LGTCON01943,reachable,
LGTNET00245,LGTFIT00062,,unclassified_fitting,LGTLT00478,LGTCON01934;LGTCON01933;LGTCON02240;LGTCON02241;LGTCON01937;LGTCON01939;LGTCON01940;LGTCON01942;LGTCON01943;LGTCON01945;LGTCON01944,reachable,
LGTNET00245,LGTFIT00062,,unclassified_fitting,LGTLT00479,LGTCON01934;LGTCON01933;LGTCON02240;LGTCON02241;LGTCON01937;LGTCON01939;LGTCON01940;LGTCON01942;LGTCON01943;LGTCON01945;LGTCON01946,reachable,
LGTNET00245,LGTFIT00062,,unclassified_fitting,LGTLT00480,LGTCON01934;LGTCON01933;LGTCON02240;LGTCON02241;LGTCON01937;LGTCON01939;LGTCON01940;LGTCON01942;LGTCON01943;LGTCON01945;LGTCON01946;LGTCON01948;LGTCON01947,reachable,
LGTNET00245,LGTFIT00062,,unclassified_fitting,LGTLT00481,LGTCON01934;LGTCON01933;LGTCON02240;LGTCON02241;LGTCON01937;LGTCON01939;LGTCON01940;LGTCON01942;LGTCON01943;LGTCON01945;LGTCON01946;LGTCON01948;LGTCON01950,reachable,
LGTNET00245,LGTFIT00063,,unclassified_fitting,LGTLT00466,LGTCON01949;LGTCON01950;LGTCON01948;LGTCON01946;LGTCON01945;LGTCON01943;LGTCON01942;LGTCON01940;LGTCON01939;LGTCON01937;LGTCON02241;LGTCON02240;LGTCON01933,reachable,
LGTNET00245,LGTFIT00063,,unclassified_fitting,LGTLT00467,LGTCON01949;LGTCON01950;LGTCON01948;LGTCON01946;LGTCON01945;LGTCON01943;LGTCON01942;LGTCON01940;LGTCON01939;LGTCON01937;LGTCON02241,reachable,
LGTNET00245,LGTFIT00063,,unclassified_fitting,LGTLT00468,LGTCON01949;LGTCON01950;LGTCON01948;LGTCON01946;LGTCON01945;LGTCON01943;LGTCON01942;LGTCON01940;LGTCON01939;LGTCON01937;LGTCON01935,reachable,
LGTNET00245,LGTFIT00063,,unclassified_fitting,LGTLT00469,LGTCON01949;LGTCON01950;LGTCON01948;LGTCON01946;LGTCON01945;LGTCON01943;LGTCON01942;LGTCON01940;LGTCON01939,reachable,
LGTNET00245,LGTFIT00063,,unclassified_fitting,LGTLT00470,LGTCON01949;LGTCON01950;LGTCON01948;LGTCON01946;LGTCON01945;LGTCON01943;LGTCON01942;LGTCON01940;LGTCON01939;LGTCON01951,reachable,
LGTNET00245,LGTFIT00063,,unclassified_fitting,LGTLT00471,LGTCON01949;LGTCON01950;LGTCON01948;LGTCON01946;LGTCON01945;LGTCON01943;LGTCON01942;LGTCON01940;LGTCON01939;LGTCON01951;LGTCON01952,reachable,
LGTNET00245,LGTFIT00063,,unclassified_fitting,LGTLT00472,LGTCON01949;LGTCON01950;LGTCON01948;LGTCON01946;LGTCON01945;LGTCON01943;LGTCON01942;LGTCON01940;LGTCON01939;LGTCON01951;LGTCON01952;LGTCON01953,reachable,
LGTNET00245,LGTFIT00063,,unclassified_fitting,LGTLT00473,LGTCON01949;LGTCON01950;LGTCON01948;LGTCON01946;LGTCON01945;LGTCON01943;LGTCON01942;LGTCON01940;LGTCON01939;LGTCON01951;LGTCON01952;LGTCON01953;LGTCON01954,reachable,
LGTNET00245,LGTFIT00063,,unclassified_fitting,LGTLT00474,LGTCON01949;LGTCON01950;LGTCON01948;LGTCON01946;LGTCON01945;LGTCON01943;LGTCON01942;LGTCON01940;LGTCON01938,reachable,
LGTNET00245,LGTFIT00063,,unclassified_fitting,LGTLT00475,LGTCON01949;LGTCON01950;LGTCON01948;LGTCON01946;LGTCON01945;LGTCON01943;LGTCON01942,reachable,
LGTNET00245,LGTFIT00063,,unclassified_fitting,LGTLT00476,LGTCON01949;LGTCON01950;LGTCON01948;LGTCON01946;LGTCON01945;LGTCON01943;LGTCON01941,reachable,
LGTNET00245,LGTFIT00063,,unclassified_fitting,LGTLT00477,LGTCON01949;LGTCON01950;LGTCON01948;LGTCON01946;LGTCON01945,reachable,
LGTNET00245,LGTFIT00063,,unclassified_fitting,LGTLT00478,LGTCON01949;LGTCON01950;LGTCON01948;LGTCON01946;LGTCON01944,reachable,
LGTNET00245,LGTFIT00063,,unclassified_fitting,LGTLT00479,LGTCON01949;LGTCON01950;LGTCON01948,reachable,
LGTNET00245,LGTFIT00063,,unclassified_fitting,LGTLT00480,LGTCON01949;LGTCON01950;LGTCON01947,reachable,
LGTNET00245,LGTFIT00063,,unclassified_fitting,LGTLT00481,LGTCON01949,reachable,
LGTNET00245,LGTFIT00606,,unclassified_fitting,LGTLT00466,LGTCON01931,reachable,
LGTNET00245,LGTFIT00606,,unclassified_fitting,LGTLT00467,LGTCON01931;LGTCON01933;LGTCON02240,reachable,
LGTNET00245,LGTFIT00606,,unclassified_fitting,LGTLT00468,LGTCON01931;LGTCON01933;LGTCON02240;LGTCON02241;LGTCON01935,reachable,
LGTNET00245,LGTFIT00606,,unclassified_fitting,LGTLT00469,LGTCON01931;LGTCON01933;LGTCON02240;LGTCON02241;LGTCON01937,reachable,
LGTNET00245,LGTFIT00606,,unclassified_fitting,LGTLT00470,LGTCON01931;LGTCON01933;LGTCON02240;LGTCON02241;LGTCON01937;LGTCON01951,reachable,
LGTNET00245,LGTFIT00606,,unclassified_fitting,LGTLT00471,LGTCON01931;LGTCON01933;LGTCON02240;LGTCON02241;LGTCON01937;LGTCON01951;LGTCON01952,reachable,
LGTNET00245,LGTFIT00606,,unclassified_fitting,LGTLT00472,LGTCON01931;LGTCON01933;LGTCON02240;LGTCON02241;LGTCON01937;LGTCON01951;LGTCON01952;LGTCON01953,reachable,
LGTNET00245,LGTFIT00606,,unclassified_fitting,LGTLT00473,LGTCON01931;LGTCON01933;LGTCON02240;LGTCON02241;LGTCON01937;LGTCON01951;LGTCON01952;LGTCON01953;LGTCON01954,reachable,
LGTNET00245,LGTFIT00606,,unclassified_fitting,LGTLT00474,LGTCON01931;LGTCON01933;LGTCON02240;LGTCON02241;LGTCON01937;LGTCON01939;LGTCON01938,reachable,
LGTNET00245,LGTFIT00606,,unclassified_fitting,LGTLT00475,LGTCON01931;LGTCON01933;LGTCON02240;LGTCON02241;LGTCON01937;LGTCON01939;LGTCON01940,reachable,
LGTNET00245,LGTFIT00606,,unclassified_fitting,LGTLT00476,LGTCON01931;LGTCON01933;LGTCON02240;LGTCON02241;LGTCON01937;LGTCON01939;LGTCON01940;LGTCON01942;LGTCON01941,reachable,
LGTNET00245,LGTFIT00606,,unclassified_fitting,LGTLT00477,LGTCON01931;LGTCON01933;LGTCON02240;LGTCON02241;LGTCON01937;LGTCON01939;LGTCON01940;LGTCON01942;LGTCON01943,reachable,
LGTNET00245,LGTFIT00606,,unclassified_fitting,LGTLT00478,LGTCON01931;LGTCON01933;LGTCON02240;LGTCON02241;LGTCON01937;LGTCON01939;LGTCON01940;LGTCON01942;LGTCON01943;LGTCON01945;LGTCON01944,reachable,
LGTNET00245,LGTFIT00606,,unclassified_fitting,LGTLT00479,LGTCON01931;LGTCON01933;LGTCON02240;LGTCON02241;LGTCON01937;LGTCON01939;LGTCON01940;LGTCON01942;LGTCON01943;LGTCON01945;LGTCON01946,reachable,
LGTNET00245,LGTFIT00606,,unclassified_fitting,LGTLT00480,LGTCON01931;LGTCON01933;LGTCON02240;LGTCON02241;LGTCON01937;LGTCON01939;LGTCON01940;LGTCON01942;LGTCON01943;LGTCON01945;LGTCON01946;LGTCON01948;LGTCON01947,reachable,
LGTNET00245,LGTFIT00606,,unclassified_fitting,LGTLT00481,LGTCON01931;LGTCON01933;LGTCON02240;LGTCON02241;LGTCON01937;LGTCON01939;LGTCON01940;LGTCON01942;LGTCON01943;LGTCON01945;LGTCON01946;LGTCON01948;LGTCON01950,reachable,
LGTNET00245,LGTFIT00607,,unclassified_fitting,LGTLT00466,LGTCON01932;LGTCON01933,reachable,
LGTNET00245,LGTFIT00607,,unclassified_fitting,LGTLT00467,LGTCON01932;LGTCON02240,reachable,
LGTNET00245,LGTFIT00607,,unclassified_fitting,LGTLT00468,LGTCON01932;LGTCON02240;LGTCON02241;LGTCON01935,reachable,
LGTNET00245,LGTFIT00607,,unclassified_fitting,LGTLT00469,LGTCON01932;LGTCON02240;LGTCON02241;LGTCON01937,reachable,
LGTNET00245,LGTFIT00607,,unclassified_fitting,LGTLT00470,LGTCON01932;LGTCON02240;LGTCON02241;LGTCON01937;LGTCON01951,reachable,
LGTNET00245,LGTFIT00607,,unclassified_fitting,LGTLT00471,LGTCON01932;LGTCON02240;LGTCON02241;LGTCON01937;LGTCON01951;LGTCON01952,reachable,
LGTNET00245,LGTFIT00607,,unclassified_fitting,LGTLT00472,LGTCON01932;LGTCON02240;LGTCON02241;LGTCON01937;LGTCON01951;LGTCON01952;LGTCON01953,reachable,
LGTNET00245,LGTFIT00607,,unclassified_fitting,LGTLT00473,LGTCON01932;LGTCON02240;LGTCON02241;LGTCON01937;LGTCON01951;LGTCON01952;LGTCON01953;LGTCON01954,reachable,
LGTNET00245,LGTFIT00607,,unclassified_fitting,LGTLT00474,LGTCON01932;LGTCON02240;LGTCON02241;LGTCON01937;LGTCON01939;LGTCON01938,reachable,
LGTNET00245,LGTFIT00607,,unclassified_fitting,LGTLT00475,LGTCON01932;LGTCON02240;LGTCON02241;LGTCON01937;LGTCON01939;LGTCON01940,reachable,
LGTNET00245,LGTFIT00607,,unclassified_fitting,LGTLT00476,LGTCON01932;LGTCON02240;LGTCON02241;LGTCON01937;LGTCON01939;LGTCON01940;LGTCON01942;LGTCON01941,reachable,
LGTNET00245,LGTFIT00607,,unclassified_fitting,LGTLT00477,LGTCON01932;LGTCON02240;LGTCON02241;LGTCON01937;LGTCON01939;LGTCON01940;LGTCON01942;LGTCON01943,reachable,
LGTNET00245,LGTFIT00607,,unclassified_fitting,LGTLT00478,LGTCON01932;LGTCON02240;LGTCON02241;LGTCON01937;LGTCON01939;LGTCON01940;LGTCON01942;LGTCON01943;LGTCON01945;LGTCON01944,reachable,
LGTNET00245,LGTFIT00607,,unclassified_fitting,LGTLT00479,LGTCON01932;LGTCON02240;LGTCON02241;LGTCON01937;LGTCON01939;LGTCON01940;LGTCON01942;LGTCON01943;LGTCON01945;LGTCON01946,reachable,
LGTNET00245,LGTFIT00607,,unclassified_fitting,LGTLT00480,LGTCON01932;LGTCON02240;LGTCON02241;LGTCON01937;LGTCON01939;LGTCON01940;LGTCON01942;LGTCON01943;LGTCON01945;LGTCON01946;LGTCON01948;LGTCON01947,reachable,
LGTNET00245,LGTFIT00607,,unclassified_fitting,LGTLT00481,LGTCON01932;LGTCON02240;LGTCON02241;LGTCON01937;LGTCON01939;LGTCON01940;LGTCON01942;LGTCON01943;LGTCON01945;LGTCON01946;LGTCON01948;LGTCON01950,reachable,
LGTNET00245,LGTFIT01066,service_box,assumed,LGTLT00466,LGTCON01936;LGTCON01937;LGTCON02241;LGTCON02240;LGTCON01933,reachable,
LGTNET00245,LGTFIT01066,service_box,assumed,LGTLT00467,LGTCON01936;LGTCON01937;LGTCON02241,reachable,
LGTNET00245,LGTFIT01066,service_box,assumed,LGTLT00468,LGTCON01936;LGTCON01937;LGTCON01935,reachable,
LGTNET00245,LGTFIT01066,service_box,assumed,LGTLT00469,LGTCON01936,reachable,
LGTNET00245,LGTFIT01066,service_box,assumed,LGTLT00470,LGTCON01936;LGTCON01951,reachable,
LGTNET00245,LGTFIT01066,service_box,assumed,LGTLT00471,LGTCON01936;LGTCON01951;LGTCON01952,reachable,
LGTNET00245,LGTFIT01066,service_box,assumed,LGTLT00472,LGTCON01936;LGTCON01951;LGTCON01952;LGTCON01953,reachable,
LGTNET00245,LGTFIT01066,service_box,assumed,LGTLT00473,LGTCON01936;LGTCON01951;LGTCON01952;LGTCON01953;LGTCON01954,reachable,
LGTNET00245,LGTFIT01066,service_box,assumed,LGTLT00474,LGTCON01936;LGTCON01939;LGTCON01938,reachable,
LGTNET00245,LGTFIT01066,service_box,assumed,LGTLT00475,LGTCON01936;LGTCON01939;LGTCON01940,reachable,
LGTNET00245,LGTFIT01066,service_box,assumed,LGTLT00476,LGTCON01936;LGTCON01939;LGTCON01940;LGTCON01942;LGTCON01941,reachable,
LGTNET00245,LGTFIT01066,service_box,assumed,LGTLT00477,LGTCON01936;LGTCON01939;LGTCON01940;LGTCON01942;LGTCON01943,reachable,
LGTNET00245,LGTFIT01066,service_box,assumed,LGTLT00478,LGTCON01936;LGTCON01939;LGTCON01940;LGTCON01942;LGTCON01943;LGTCON01945;LGTCON01944,reachable,
LGTNET00245,LGTFIT01066,service_box,assumed,LGTLT00479,LGTCON01936;LGTCON01939;LGTCON01940;LGTCON01942;LGTCON01943;LGTCON01945;LGTCON01946,reachable,
LGTNET00245,LGTFIT01066,service_box,assumed,LGTLT00480,LGTCON01936;LGTCON01939;LGTCON01940;LGTCON01942;LGTCON01943;LGTCON01945;LGTCON01946;LGTCON01948;LGTCON01947,reachable,
LGTNET00245,LGTFIT01066,service_box,assumed,LGTLT00481,LGTCON01936;LGTCON01939;LGTCON01940;LGTCON01942;LGTCON01943;LGTCON01945;LGTCON01946;LGTCON01948;LGTCON01950,reachable,
LGTNET00246,LGTFIT00047,,unclassified_fitting,LGTLT00259,LGTCON02737;LGTCON02738;LGTCON02736;LGTCON02741;LGTCON02742;LGTCON02744;LGTCON02745;LGTCON02746;LGTCON02747;LGTCON02748,reachable,
LGTNET00246,LGTFIT00047,,unclassified_fitting,LGTLT00260,LGTCON02737;LGTCON02738;LGTCON02736;LGTCON02741;LGTCON02742;LGTCON02744;LGTCON02745;LGTCON02746;LGTCON02747;LGTCON02748;LGTCON02749,reachable,
LGTNET00246,LGTFIT00047,,unclassified_fitting,LGTLT00261,LGTCON02737;LGTCON02738;LGTCON02736;LGTCON02741;LGTCON02742;LGTCON02744;LGTCON02745;LGTCON02746;LGTCON02747;LGTCON02748;LGTCON02749;LGTCON02750,reachable,
LGTNET00246,LGTFIT00047,,unclassified_fitting,LGTLT00385,LGTCON02737;LGTCON02738;LGTCON02736;LGTCON02741;LGTCON02742;LGTCON02744;LGTCON02745;LGTCON02746;LGTCON02747;LGTCON02755;LGTCON02756;LGTCON02757;LGTCON02758,reachable,
LGTNET00246,LGTFIT00047,,unclassified_fitting,LGTLT00386,LGTCON02737;LGTCON02738;LGTCON02736;LGTCON02741;LGTCON02742;LGTCON02744;LGTCON02745;LGTCON02746;LGTCON02747;LGTCON02755;LGTCON02756;LGTCON02757,reachable,
LGTNET00246,LGTFIT00047,,unclassified_fitting,LGTLT00387,LGTCON02737;LGTCON02738;LGTCON02736;LGTCON02741;LGTCON02742;LGTCON02744;LGTCON02745;LGTCON02746;LGTCON02747;LGTCON02755;LGTCON02756,reachable,
LGTNET00246,LGTFIT00047,,unclassified_fitting,LGTLT00388,LGTCON02737;LGTCON02738;LGTCON02736;LGTCON02741;LGTCON02742;LGTCON02744;LGTCON02745;LGTCON02746;LGTCON02747;LGTCON02755;LGTCON02754,reachable,
LGTNET00246,LGTFIT00047,,unclassified_fitting,LGTLT00389,LGTCON02737;LGTCON02738;LGTCON02736;LGTCON02741;LGTCON02742;LGTCON02744;LGTCON02745;LGTCON02746;LGTCON02747;LGTCON02755;LGTCON02754;LGTCON02753,reachable,
LGTNET00246,LGTFIT00047,,unclassified_fitting,LGTLT00390,LGTCON02737;LGTCON02738;LGTCON02736;LGTCON02741;LGTCON02742;LGTCON02744;LGTCON02745;LGTCON02746;LGTCON02747;LGTCON02755;LGTCON02754;LGTCON02753;LGTCON02752,reachable,
LGTNET00246,LGTFIT00047,,unclassified_fitting,LGTLT00391,LGTCON02737;LGTCON02738;LGTCON02736;LGTCON02741;LGTCON02742;LGTCON02744;LGTCON02745;LGTCON02746;LGTCON02747;LGTCON02755;LGTCON02754;LGTCON02753;LGTCON02752;LGTCON02751,reachable,
LGTNET00246,LGTFIT00047,,unclassified_fitting,LGTLT00392,LGTCON02737;LGTCON02738;LGTCON02736;LGTCON02741;LGTCON02742;LGTCON02744;LGTCON02745;LGTCON02746,reachable,
LGTNET00246,LGTFIT00047,,unclassified_fitting,LGTLT00393,LGTCON02737;LGTCON02738;LGTCON02736;LGTCON02741;LGTCON02742;LGTCON02744;LGTCON02745,reachable,
LGTNET00246,LGTFIT00047,,unclassified_fitting,LGTLT00394,LGTCON02737;LGTCON02738;LGTCON02736;LGTCON02741;LGTCON02742;LGTCON02744,reachable,
LGTNET00246,LGTFIT00047,,unclassified_fitting,LGTLT00395,LGTCON02737;LGTCON02738;LGTCON02736;LGTCON02741;LGTCON02742,reachable,
LGTNET00246,LGTFIT00047,,unclassified_fitting,LGTLT00396,LGTCON02737;LGTCON02738;LGTCON02736;LGTCON02741,reachable,
LGTNET00246,LGTFIT00047,,unclassified_fitting,LGTLT00397,LGTCON02737;LGTCON02738;LGTCON02740;LGTCON02739,reachable,
LGTNET00246,LGTFIT00047,,unclassified_fitting,LGTLT00398,LGTCON02737;LGTCON02738;LGTCON02740,reachable,
LGTNET00246,LGTFIT00047,,unclassified_fitting,LGTLT00399,LGTCON02737;LGTCON02738;LGTCON02736,reachable,
LGTNET00246,LGTFIT00047,,unclassified_fitting,LGTLT00400,LGTCON02737,reachable,
LGTNET00246,LGTFIT00047,,unclassified_fitting,LGTLT00402,LGTCON02737;LGTCON02738;LGTCON02736;LGTCON02735,reachable,
LGTNET00246,LGTFIT00047,,unclassified_fitting,LGTLT00403,LGTCON02737;LGTCON02738;LGTCON02736;LGTCON02735;LGTCON02734;LGTCON02733,reachable,
LGTNET00246,LGTFIT00047,,unclassified_fitting,LGTLT00404,LGTCON02737;LGTCON02738;LGTCON02736;LGTCON02735;LGTCON02734;LGTCON02732,reachable,
LGTNET00246,LGTFIT00047,,unclassified_fitting,LGTLT00405,LGTCON02737;LGTCON02738;LGTCON02736;LGTCON02735;LGTCON02734;LGTCON02733;LGTCON02730,reachable,
LGTNET00246,LGTFIT00047,,unclassified_fitting,LGTLT00406,LGTCON02737;LGTCON02738;LGTCON02736;LGTCON02735;LGTCON02734;LGTCON02733;LGTCON02730;LGTCON02729;LGTCON02727,reachable,
LGTNET00246,LGTFIT00047,,unclassified_fitting,LGTLT00407,LGTCON02737;LGTCON02738;LGTCON02736;LGTCON02735;LGTCON02734;LGTCON02733;LGTCON02730;LGTCON02729;LGTCON02727;LGTCON02728,reachable,
LGTNET00246,LGTFIT00047,,unclassified_fitting,LGTLT01071,LGTCON02737;LGTCON02738;LGTCON02736;LGTCON02735;LGTCON02734;LGTCON02732;LGTCON02731,reachable,
LGTNET00246,LGTFIT01237,service_box,assumed,LGTLT00259,LGTCON02743;LGTCON02744;LGTCON02745;LGTCON02746;LGTCON02747;LGTCON02748,reachable,
LGTNET00246,LGTFIT01237,service_box,assumed,LGTLT00260,LGTCON02743;LGTCON02744;LGTCON02745;LGTCON02746;LGTCON02747;LGTCON02748;LGTCON02749,reachable,
LGTNET00246,LGTFIT01237,service_box,assumed,LGTLT00261,LGTCON02743;LGTCON02744;LGTCON02745;LGTCON02746;LGTCON02747;LGTCON02748;LGTCON02749;LGTCON02750,reachable,
LGTNET00246,LGTFIT01237,service_box,assumed,LGTLT00385,LGTCON02743;LGTCON02744;LGTCON02745;LGTCON02746;LGTCON02747;LGTCON02755;LGTCON02756;LGTCON02757;LGTCON02758,reachable,
LGTNET00246,LGTFIT01237,service_box,assumed,LGTLT00386,LGTCON02743;LGTCON02744;LGTCON02745;LGTCON02746;LGTCON02747;LGTCON02755;LGTCON02756;LGTCON02757,reachable,
LGTNET00246,LGTFIT01237,service_box,assumed,LGTLT00387,LGTCON02743;LGTCON02744;LGTCON02745;LGTCON02746;LGTCON02747;LGTCON02755;LGTCON02756,reachable,
LGTNET00246,LGTFIT01237,service_box,assumed,LGTLT00388,LGTCON02743;LGTCON02744;LGTCON02745;LGTCON02746;LGTCON02747;LGTCON02755;LGTCON02754,reachable,
LGTNET00246,LGTFIT01237,service_box,assumed,LGTLT00389,LGTCON02743;LGTCON02744;LGTCON02745;LGTCON02746;LGTCON02747;LGTCON02755;LGTCON02754;LGTCON02753,reachable,
LGTNET00246,LGTFIT01237,service_box,assumed,LGTLT00390,LGTCON02743;LGTCON02744;LGTCON02745;LGTCON02746;LGTCON02747;LGTCON02755;LGTCON02754;LGTCON02753;LGTCON02752,reachable,
LGTNET00246,LGTFIT01237,service_box,assumed,LGTLT00391,LGTCON02743;LGTCON02744;LGTCON02745;LGTCON02746;LGTCON02747;LGTCON02755;LGTCON02754;LGTCON02753;LGTCON02752;LGTCON02751,reachable,
LGTNET00246,LGTFIT01237,service_box,assumed,LGTLT00392,LGTCON02743;LGTCON02744;LGTCON02745;LGTCON02746,reachable,
LGTNET00246,LGTFIT01237,service_box,assumed,LGTLT00393,LGTCON02743;LGTCON02744;LGTCON02745,reachable,
LGTNET00246,LGTFIT01237,service_box,assumed,LGTLT00394,LGTCON02743;LGTCON02744,reachable,
LGTNET00246,LGTFIT01237,service_box,assumed,LGTLT00395,LGTCON02743,reachable,
LGTNET00246,LGTFIT01237,service_box,assumed,LGTLT00396,LGTCON02743;LGTCON02742,reachable,
LGTNET00246,LGTFIT01237,service_box,assumed,LGTLT00397,LGTCON02743;LGTCON02742;LGTCON02741;LGTCON02736;LGTCON02740;LGTCON02739,reachable,
LGTNET00246,LGTFIT01237,service_box,assumed,LGTLT00398,LGTCON02743;LGTCON02742;LGTCON02741;LGTCON02736;LGTCON02740,reachable,
LGTNET00246,LGTFIT01237,service_box,assumed,LGTLT00399,LGTCON02743;LGTCON02742;LGTCON02741,reachable,
LGTNET00246,LGTFIT01237,service_box,assumed,LGTLT00400,LGTCON02743;LGTCON02742;LGTCON02741;LGTCON02736;LGTCON02738,reachable,
LGTNET00246,LGTFIT01237,service_box,assumed,LGTLT00402,LGTCON02743;LGTCON02742;LGTCON02741;LGTCON02735,reachable,
LGTNET00246,LGTFIT01237,service_box,assumed,LGTLT00403,LGTCON02743;LGTCON02742;LGTCON02741;LGTCON02735;LGTCON02734;LGTCON02733,reachable,
LGTNET00246,LGTFIT01237,service_box,assumed,LGTLT00404,LGTCON02743;LGTCON02742;LGTCON02741;LGTCON02735;LGTCON02734;LGTCON02732,reachable,
LGTNET00246,LGTFIT01237,service_box,assumed,LGTLT00405,LGTCON02743;LGTCON02742;LGTCON02741;LGTCON02735;LGTCON02734;LGTCON02733;LGTCON02730,reachable,
LGTNET00246,LGTFIT01237,service_box,assumed,LGTLT00406,LGTCON02743;LGTCON02742;LGTCON02741;LGTCON02735;LGTCON02734;LGTCON02733;LGTCON02730;LGTCON02729;LGTCON02727,reachable,
LGTNET00246,LGTFIT01237,service_box,assumed,LGTLT00407,LGTCON02743;LGTCON02742;LGTCON02741;LGTCON02735;LGTCON02734;LGTCON02733;LGTCON02730;LGTCON02729;LGTCON02727;LGTCON02728,reachable,
LGTNET00246,LGTFIT01237,service_box,assumed,LGTLT01071,LGTCON02743;LGTCON02742;LGTCON02741;LGTCON02735;LGTCON02734;LGTCON02732;LGTCON02731,reachable,
LGTNET00246,LGTFIT01238,service_box,explicit,LGTLT00259,LGTCON02759;LGTCON02758;LGTCON02757;LGTCON02756;LGTCON02755;LGTCON02748,reachable,
LGTNET00246,LGTFIT01238,service_box,explicit,LGTLT00260,LGTCON02759;LGTCON02758;LGTCON02757;LGTCON02756;LGTCON02755;LGTCON02748;LGTCON02749,reachable,
LGTNET00246,LGTFIT01238,service_box,explicit,LGTLT00261,LGTCON02759;LGTCON02758;LGTCON02757;LGTCON02756;LGTCON02755;LGTCON02748;LGTCON02749;LGTCON02750,reachable,
LGTNET00246,LGTFIT01238,service_box,explicit,LGTLT00385,LGTCON02759,reachable,
LGTNET00246,LGTFIT01238,service_box,explicit,LGTLT00386,LGTCON02759;LGTCON02758,reachable,
LGTNET00246,LGTFIT01238,service_box,explicit,LGTLT00387,LGTCON02759;LGTCON02758;LGTCON02757,reachable,
LGTNET00246,LGTFIT01238,service_box,explicit,LGTLT00388,LGTCON02759;LGTCON02758;LGTCON02757;LGTCON02756;LGTCON02754,reachable,
LGTNET00246,LGTFIT01238,service_box,explicit,LGTLT00389,LGTCON02759;LGTCON02758;LGTCON02757;LGTCON02756;LGTCON02754;LGTCON02753,reachable,
LGTNET00246,LGTFIT01238,service_box,explicit,LGTLT00390,LGTCON02759;LGTCON02758;LGTCON02757;LGTCON02756;LGTCON02754;LGTCON02753;LGTCON02752,reachable,
LGTNET00246,LGTFIT01238,service_box,explicit,LGTLT00391,LGTCON02759;LGTCON02758;LGTCON02757;LGTCON02756;LGTCON02754;LGTCON02753;LGTCON02752;LGTCON02751,reachable,
LGTNET00246,LGTFIT01238,service_box,explicit,LGTLT00392,LGTCON02759;LGTCON02758;LGTCON02757;LGTCON02756;LGTCON02755;LGTCON02747,reachable,
LGTNET00246,LGTFIT01238,service_box,explicit,LGTLT00393,LGTCON02759;LGTCON02758;LGTCON02757;LGTCON02756;LGTCON02755;LGTCON02747;LGTCON02746,reachable,
LGTNET00246,LGTFIT01238,service_box,explicit,LGTLT00394,LGTCON02759;LGTCON02758;LGTCON02757;LGTCON02756;LGTCON02755;LGTCON02747;LGTCON02746;LGTCON02745,reachable,
LGTNET00246,LGTFIT01238,service_box,explicit,LGTLT00395,LGTCON02759;LGTCON02758;LGTCON02757;LGTCON02756;LGTCON02755;LGTCON02747;LGTCON02746;LGTCON02745;LGTCON02744,reachable,
LGTNET00246,LGTFIT01238,service_box,explicit,LGTLT00396,LGTCON02759;LGTCON02758;LGTCON02757;LGTCON02756;LGTCON02755;LGTCON02747;LGTCON02746;LGTCON02745;LGTCON02744;LGTCON02742,reachable,
LGTNET00246,LGTFIT01238,service_box,explicit,LGTLT00397,LGTCON02759;LGTCON02758;LGTCON02757;LGTCON02756;LGTCON02755;LGTCON02747;LGTCON02746;LGTCON02745;LGTCON02744;LGTCON02742;LGTCON02741;LGTCON02736;LGTCON02740;LGTCON02739,reachable,
LGTNET00246,LGTFIT01238,service_box,explicit,LGTLT00398,LGTCON02759;LGTCON02758;LGTCON02757;LGTCON02756;LGTCON02755;LGTCON02747;LGTCON02746;LGTCON02745;LGTCON02744;LGTCON02742;LGTCON02741;LGTCON02736;LGTCON02740,reachable,
LGTNET00246,LGTFIT01238,service_box,explicit,LGTLT00399,LGTCON02759;LGTCON02758;LGTCON02757;LGTCON02756;LGTCON02755;LGTCON02747;LGTCON02746;LGTCON02745;LGTCON02744;LGTCON02742;LGTCON02741,reachable,
LGTNET00246,LGTFIT01238,service_box,explicit,LGTLT00400,LGTCON02759;LGTCON02758;LGTCON02757;LGTCON02756;LGTCON02755;LGTCON02747;LGTCON02746;LGTCON02745;LGTCON02744;LGTCON02742;LGTCON02741;LGTCON02736;LGTCON02738,reachable,
LGTNET00246,LGTFIT01238,service_box,explicit,LGTLT00402,LGTCON02759;LGTCON02758;LGTCON02757;LGTCON02756;LGTCON02755;LGTCON02747;LGTCON02746;LGTCON02745;LGTCON02744;LGTCON02742;LGTCON02741;LGTCON02735,reachable,
LGTNET00246,LGTFIT01238,service_box,explicit,LGTLT00403,LGTCON02759;LGTCON02758;LGTCON02757;LGTCON02756;LGTCON02755;LGTCON02747;LGTCON02746;LGTCON02745;LGTCON02744;LGTCON02742;LGTCON02741;LGTCON02735;LGTCON02734;LGTCON02733,reachable,
LGTNET00246,LGTFIT01238,service_box,explicit,LGTLT00404,LGTCON02759;LGTCON02758;LGTCON02757;LGTCON02756;LGTCON02755;LGTCON02747;LGTCON02746;LGTCON02745;LGTCON02744;LGTCON02742;LGTCON02741;LGTCON02735;LGTCON02734;LGTCON02732,reachable,
LGTNET00246,LGTFIT01238,service_box,explicit,LGTLT00405,LGTCON02759;LGTCON02758;LGTCON02757;LGTCON02756;LGTCON02755;LGTCON02747;LGTCON02746;LGTCON02745;LGTCON02744;LGTCON02742;LGTCON02741;LGTCON02735;LGTCON02734;LGTCON02733;LGTCON02730,reachable,
LGTNET00246,LGTFIT01238,service_box,explicit,LGTLT00406,LGTCON02759;LGTCON02758;LGTCON02757;LGTCON02756;LGTCON02755;LGTCON02747;LGTCON02746;LGTCON02745;LGTCON02744;LGTCON02742;LGTCON02741;LGTCON02735;LGTCON02734;LGTCON02733;LGTCON02730;LGTCON02729;LGTCON02727,reachable,
LGTNET00246,LGTFIT01238,service_box,explicit,LGTLT00407,LGTCON02759;LGTCON02758;LGTCON02757;LGTCON02756;LGTCON02755;LGTCON02747;LGTCON02746;LGTCON02745;LGTCON02744;LGTCON02742;LGTCON02741;LGTCON02735;LGTCON02734;LGTCON02733;LGTCON02730;LGTCON02729;LGTCON02727;LGTCON02728,reachable,
LGTNET00246,LGTFIT01238,service_box,explicit,LGTLT01071,LGTCON02759;LGTCON02758;LGTCON02757;LGTCON02756;LGTCON02755;LGTCON02747;LGTCON02746;LGTCON02745;LGTCON02744;LGTCON02742;LGTCON02741;LGTCON02735;LGTCON02734;LGTCON02732;LGTCON02731,reachable,
LGTNET00250,LGTFIT01131,service_box,explicit,LGTLT00880,LGTCON01024,reachable,
LGTNET00251,LGTFIT01145,service_box,explicit,LGTLT01562,LGTCON01345,reachable,
LGTNET00252,LGTFIT00193,,unclassified_fitting,LGTLT01523,LGTCON00782,reachable,
LGTNET00252,LGTFIT00193,,unclassified_fitting,LGTLT01524,LGTCON00782;LGTCON00713;LGTCON00783,reachable,
LGTNET00252,LGTFIT00193,,unclassified_fitting,LGTLT01525,LGTCON00782;LGTCON00713;LGTCON00783;LGTCON00712,reachable,
LGTNET00252,LGTFIT00193,,unclassified_fitting,LGTLT01526,LGTCON00782;LGTCON00713;LGTCON00783;LGTCON00712;LGTCON00710,reachable,
LGTNET00252,LGTFIT00193,,unclassified_fitting,LGTLT01527,LGTCON00782;LGTCON00713;LGTCON00783;LGTCON00712;LGTCON00710;LGTCON00709;LGTCON00693;LGTCON00692,reachable,
LGTNET00252,LGTFIT01096,service_box,explicit,LGTLT01523,LGTCON00711;LGTCON00712;LGTCON00783;LGTCON00713,reachable,
LGTNET00252,LGTFIT01096,service_box,explicit,LGTLT01524,LGTCON00711;LGTCON00712,reachable,
LGTNET00252,LGTFIT01096,service_box,explicit,LGTLT01525,LGTCON00711,reachable,
LGTNET00252,LGTFIT01096,service_box,explicit,LGTLT01526,LGTCON00711;LGTCON00710,reachable,
LGTNET00252,LGTFIT01096,service_box,explicit,LGTLT01527,LGTCON00711;LGTCON00710;LGTCON00709;LGTCON00693;LGTCON00692,reachable,
LGTNET00253,LGTFIT00117,,unclassified_fitting,LGTLT01518,LGTCON03156,reachable,
LGTNET00253,LGTFIT00117,,unclassified_fitting,LGTLT01519,LGTCON03156;LGTCON03155,reachable,
LGTNET00253,LGTFIT00117,,unclassified_fitting,LGTLT01520,LGTCON03156;LGTCON03155;LGTCON03154,reachable,
LGTNET00253,LGTFIT00117,,unclassified_fitting,LGTLT01521,LGTCON03156;LGTCON03155;LGTCON03154;LGTCON03149,reachable,
LGTNET00253,LGTFIT00117,,unclassified_fitting,LGTLT01522,LGTCON03156;LGTCON03155;LGTCON03154;LGTCON03149;LGTCON03148,reachable,
LGTNET00255,LGTFIT00540,,unclassified_fitting,LGTLT01558,LGTCON01342,reachable,
LGTNET00255,LGTFIT00540,,unclassified_fitting,LGTLT01559,LGTCON01341,reachable,
LGTNET00256,LGTFIT01176,service_box,explicit,LGTLT00881,LGTCON01169,reachable,
LGTNET00256,LGTFIT01176,service_box,explicit,LGTLT00882,LGTCON01169;LGTCON01168,reachable,
LGTNET00256,LGTFIT01176,service_box,explicit,LGTLT00883,LGTCON01169;LGTCON01167;LGTCON01166,reachable,
LGTNET00256,LGTFIT01176,service_box,explicit,LGTLT01563,LGTCON01169;LGTCON01167;LGTCON01170,reachable,
LGTNET00257,LGTFIT01094,service_pole,unclassified_fitting,LGTLT01913,LGTCON00028,reachable,
LGTNET00257,LGTFIT01094,service_pole,unclassified_fitting,LGTLT01914,LGTCON00028;LGTCON00027,reachable,
LGTNET00257,LGTFIT01094,service_pole,unclassified_fitting,LGTLT02627,,unreachable,
LGTNET00258,LGTFIT01011,,unclassified_fitting,LGTLT00498,LGTCON00017;LGTCON00016,reachable,
LGTNET00258,LGTFIT01011,,unclassified_fitting,LGTLT00499,LGTCON00017;LGTCON00016;LGTCON00015;LGTCON00014;LGTCON00013,reachable,
LGTNET00258,LGTFIT01011,,unclassified_fitting,LGTLT00500,LGTCON00017;LGTCON00016;LGTCON00015;LGTCON00018,reachable,
LGTNET00258,LGTFIT01011,,unclassified_fitting,LGTLT00501,LGTCON00017;LGTCON00016;LGTCON00015;LGTCON00018;LGTCON00019;LGTCON00020,reachable,
LGTNET00258,LGTFIT01011,,unclassified_fitting,LGTLT00511,LGTCON00017;LGTCON00016;LGTCON00015;LGTCON00018;LGTCON00019;LGTCON00020;LGTCON00022;LGTCON00023;LGTCON00025;LGTCON00026,reachable,
LGTNET00258,LGTFIT01011,,unclassified_fitting,LGTLT00516,LGTCON00017;LGTCON00016;LGTCON00015;LGTCON00014;LGTCON00013;LGTCON00012,reachable,
LGTNET00258,LGTFIT01011,,unclassified_fitting,LGTLT02821,LGTCON00017;LGTCON00016;LGTCON00015;LGTCON00014,reachable,
LGTNET00258,LGTFIT01011,,unclassified_fitting,LGTLT02871,LGTCON00017;LGTCON00016;LGTCON00015;LGTCON00018;LGTCON00019;LGTCON00021;LGTCON03885;LGTCON03887,reachable,
LGTNET00258,LGTFIT01011,,unclassified_fitting,LGTLT02872,LGTCON00017;LGTCON00016;LGTCON00015;LGTCON00018;LGTCON00019;LGTCON00021;LGTCON03885;LGTCON03886,reachable,
LGTNET00258,LGTFIT01011,,unclassified_fitting,LGTLT02894,LGTCON00017;LGTCON00016;LGTCON00015;LGTCON00018;LGTCON00019;LGTCON00021;LGTCON03884;LGTCON03891,reachable,
LGTNET00258,LGTFIT01011,,unclassified_fitting,LGTLT02895,LGTCON00017;LGTCON00016;LGTCON00015;LGTCON00018;LGTCON00019;LGTCON00021;LGTCON03885;LGTCON03887;LGTCON03888,reachable,
LGTNET00258,LGTFIT01011,,unclassified_fitting,LGTLT02896,LGTCON00017;LGTCON00016;LGTCON00015;LGTCON00018;LGTCON00019;LGTCON00021;LGTCON03885;LGTCON03887;LGTCON03888;LGTCON03889,reachable,
LGTNET00258,LGTFIT01011,,unclassified_fitting,LGTLT02897,LGTCON00017;LGTCON00016;LGTCON00015;LGTCON00018;LGTCON00019;LGTCON00021;LGTCON03884,reachable,
LGTNET00258,LGTFIT01011,,unclassified_fitting,LGTLT05226,LGTCON00017;LGTCON00016;LGTCON00015;LGTCON00018;LGTCON00019;LGTCON00020;LGTCON00022;LGTCON00023;LGTCON00025,reachable,
LGTNET00259,LGTFIT00088,,unclassified_fitting,LGTLT00339,LGTCON02983;LGTCON02697;LGTCON02696;LGTCON02695;LGTCON02694;LGTCON02693;LGTCON02692,reachable,
LGTNET00259,LGTFIT00088,,unclassified_fitting,LGTLT00340,LGTCON02983;LGTCON02697;LGTCON02696;LGTCON02695;LGTCON02694;LGTCON02693,reachable,
LGTNET00259,LGTFIT00088,,unclassified_fitting,LGTLT00341,LGTCON02983;LGTCON02697;LGTCON02696;LGTCON02695;LGTCON02694,reachable,
LGTNET00259,LGTFIT00088,,unclassified_fitting,LGTLT00342,LGTCON02983;LGTCON02697;LGTCON02696;LGTCON02695,reachable,
LGTNET00259,LGTFIT00088,,unclassified_fitting,LGTLT00343,LGTCON02983;LGTCON02697;LGTCON02696,reachable,
LGTNET00259,LGTFIT00088,,unclassified_fitting,LGTLT00344,LGTCON02983;LGTCON02697,reachable,
LGTNET00259,LGTFIT00088,,unclassified_fitting,LGTLT00345,LGTCON02983,reachable,
LGTNET00259,LGTFIT00088,,unclassified_fitting,LGTLT00346,LGTCON02983;LGTCON02691;LGTCON02690,reachable,
LGTNET00259,LGTFIT00088,,unclassified_fitting,LGTLT00347,LGTCON02983;LGTCON02691;LGTCON02690;LGTCON02689,reachable,
LGTNET00259,LGTFIT00088,,unclassified_fitting,LGTLT00348,LGTCON02983;LGTCON02691;LGTCON02690;LGTCON02689;LGTCON02688,reachable,
LGTNET00259,LGTFIT00088,,unclassified_fitting,LGTLT02587,LGTCON02983;LGTCON02691,reachable,
LGTNET00259,LGTFIT00088,,unclassified_fitting,LGTLT02642,LGTCON02983;LGTCON02691;LGTCON02690;LGTCON02689;LGTCON02688;LGTCON03091;LGTCON03092,reachable,
LGTNET00259,LGTFIT00088,,unclassified_fitting,LGTLT02643,LGTCON02983;LGTCON02691;LGTCON02690;LGTCON02689;LGTCON02688;LGTCON03091;LGTCON03092;LGTCON03093,reachable,
LGTNET00259,LGTFIT00088,,unclassified_fitting,LGTLT02644,LGTCON02983;LGTCON02691;LGTCON02690;LGTCON02689;LGTCON02688;LGTCON03091;LGTCON03092;LGTCON03093;LGTCON03094;LGTCON03095;LGTCON03096,reachable,
LGTNET00259,LGTFIT00088,,unclassified_fitting,LGTLT02645,LGTCON02983;LGTCON02691;LGTCON02690;LGTCON02689;LGTCON02688;LGTCON03091;LGTCON03092;LGTCON03093;LGTCON03094;LGTCON03095,reachable,
LGTNET00259,LGTFIT00088,,unclassified_fitting,LGTLT02646,LGTCON02983;LGTCON02691;LGTCON02690;LGTCON02689;LGTCON02688;LGTCON03091;LGTCON03092;LGTCON03093;LGTCON03094,reachable,
LGTNET00259,LGTFIT00089,,unclassified_fitting,LGTLT00339,LGTCON02984;LGTCON02697;LGTCON02696;LGTCON02695;LGTCON02694;LGTCON02693;LGTCON02692,reachable,
LGTNET00259,LGTFIT00089,,unclassified_fitting,LGTLT00340,LGTCON02984;LGTCON02697;LGTCON02696;LGTCON02695;LGTCON02694;LGTCON02693,reachable,
LGTNET00259,LGTFIT00089,,unclassified_fitting,LGTLT00341,LGTCON02984;LGTCON02697;LGTCON02696;LGTCON02695;LGTCON02694,reachable,
LGTNET00259,LGTFIT00089,,unclassified_fitting,LGTLT00342,LGTCON02984;LGTCON02697;LGTCON02696;LGTCON02695,reachable,
LGTNET00259,LGTFIT00089,,unclassified_fitting,LGTLT00343,LGTCON02984;LGTCON02697;LGTCON02696,reachable,
LGTNET00259,LGTFIT00089,,unclassified_fitting,LGTLT00344,LGTCON02984;LGTCON02697,reachable,
LGTNET00259,LGTFIT00089,,unclassified_fitting,LGTLT00345,LGTCON02984,reachable,
LGTNET00259,LGTFIT00089,,unclassified_fitting,LGTLT00346,LGTCON02984;LGTCON02691;LGTCON02690,reachable,
LGTNET00259,LGTFIT00089,,unclassified_fitting,LGTLT00347,LGTCON02984;LGTCON02691;LGTCON02690;LGTCON02689,reachable,
LGTNET00259,LGTFIT00089,,unclassified_fitting,LGTLT00348,LGTCON02984;LGTCON02691;LGTCON02690;LGTCON02689;LGTCON02688,reachable,
LGTNET00259,LGTFIT00089,,unclassified_fitting,LGTLT02587,LGTCON02984;LGTCON02691,reachable,
LGTNET00259,LGTFIT00089,,unclassified_fitting,LGTLT02642,LGTCON02984;LGTCON02691;LGTCON02690;LGTCON02689;LGTCON02688;LGTCON03091;LGTCON03092,reachable,
LGTNET00259,LGTFIT00089,,unclassified_fitting,LGTLT02643,LGTCON02984;LGTCON02691;LGTCON02690;LGTCON02689;LGTCON02688;LGTCON03091;LGTCON03092;LGTCON03093,reachable,
LGTNET00259,LGTFIT00089,,unclassified_fitting,LGTLT02644,LGTCON02984;LGTCON02691;LGTCON02690;LGTCON02689;LGTCON02688;LGTCON03091;LGTCON03092;LGTCON03093;LGTCON03094;LGTCON03095;LGTCON03096,reachable,
LGTNET00259,LGTFIT00089,,unclassified_fitting,LGTLT02645,LGTCON02984;LGTCON02691;LGTCON02690;LGTCON02689;LGTCON02688;LGTCON03091;LGTCON03092;LGTCON03093;LGTCON03094;LGTCON03095,reachable,
LGTNET00259,LGTFIT00089,,unclassified_fitting,LGTLT02646,LGTCON02984;LGTCON02691;LGTCON02690;LGTCON02689;LGTCON02688;LGTCON03091;LGTCON03092;LGTCON03093;LGTCON03094,reachable,
LGTNET00259,LGTFIT01236,service_box,explicit,LGTLT00339,LGTCON02698,reachable,
LGTNET00259,LGTFIT01236,service_box,explicit,LGTLT00340,LGTCON02698;LGTCON02692,reachable,
LGTNET00259,LGTFIT01236,service_box,explicit,LGTLT00341,LGTCON02698;LGTCON02692;LGTCON02693,reachable,
LGTNET00259,LGTFIT01236,service_box,explicit,LGTLT00342,LGTCON02698;LGTCON02692;LGTCON02693;LGTCON02694,reachable,
LGTNET00259,LGTFIT01236,service_box,explicit,LGTLT00343,LGTCON02698;LGTCON02692;LGTCON02693;LGTCON02694;LGTCON02695,reachable,
LGTNET00259,LGTFIT01236,service_box,explicit,LGTLT00344,LGTCON02698;LGTCON02692;LGTCON02693;LGTCON02694;LGTCON02695;LGTCON02696,reachable,
LGTNET00259,LGTFIT01236,service_box,explicit,LGTLT00345,LGTCON02698;LGTCON02692;LGTCON02693;LGTCON02694;LGTCON02695;LGTCON02696;LGTCON02697,reachable,
LGTNET00259,LGTFIT01236,service_box,explicit,LGTLT00346,LGTCON02698;LGTCON02692;LGTCON02693;LGTCON02694;LGTCON02695;LGTCON02696;LGTCON02697;LGTCON02691;LGTCON02690,reachable,
LGTNET00259,LGTFIT01236,service_box,explicit,LGTLT00347,LGTCON02698;LGTCON02692;LGTCON02693;LGTCON02694;LGTCON02695;LGTCON02696;LGTCON02697;LGTCON02691;LGTCON02690;LGTCON02689,reachable,
LGTNET00259,LGTFIT01236,service_box,explicit,LGTLT00348,LGTCON02698;LGTCON02692;LGTCON02693;LGTCON02694;LGTCON02695;LGTCON02696;LGTCON02697;LGTCON02691;LGTCON02690;LGTCON02689;LGTCON02688,reachable,
LGTNET00259,LGTFIT01236,service_box,explicit,LGTLT02587,LGTCON02698;LGTCON02692;LGTCON02693;LGTCON02694;LGTCON02695;LGTCON02696;LGTCON02697;LGTCON02691,reachable,
LGTNET00259,LGTFIT01236,service_box,explicit,LGTLT02642,LGTCON02698;LGTCON02692;LGTCON02693;LGTCON02694;LGTCON02695;LGTCON02696;LGTCON02697;LGTCON02691;LGTCON02690;LGTCON02689;LGTCON02688;LGTCON03091;LGTCON03092,reachable,
LGTNET00259,LGTFIT01236,service_box,explicit,LGTLT02643,LGTCON02698;LGTCON02692;LGTCON02693;LGTCON02694;LGTCON02695;LGTCON02696;LGTCON02697;LGTCON02691;LGTCON02690;LGTCON02689;LGTCON02688;LGTCON03091;LGTCON03092;LGTCON03093,reachable,
LGTNET00259,LGTFIT01236,service_box,explicit,LGTLT02644,LGTCON02698;LGTCON02692;LGTCON02693;LGTCON02694;LGTCON02695;LGTCON02696;LGTCON02697;LGTCON02691;LGTCON02690;LGTCON02689;LGTCON02688;LGTCON03091;LGTCON03092;LGTCON03093;LGTCON03094;LGTCON03095;LGTCON03096,reachable,
LGTNET00259,LGTFIT01236,service_box,explicit,LGTLT02645,LGTCON02698;LGTCON02692;LGTCON02693;LGTCON02694;LGTCON02695;LGTCON02696;LGTCON02697;LGTCON02691;LGTCON02690;LGTCON02689;LGTCON02688;LGTCON03091;LGTCON03092;LGTCON03093;LGTCON03094;LGTCON03095,reachable,
LGTNET00259,LGTFIT01236,service_box,explicit,LGTLT02646,LGTCON02698;LGTCON02692;LGTCON02693;LGTCON02694;LGTCON02695;LGTCON02696;LGTCON02697;LGTCON02691;LGTCON02690;LGTCON02689;LGTCON02688;LGTCON03091;LGTCON03092;LGTCON03093;LGTCON03094,reachable,
LGTNET00260,LGTFIT00131,,unclassified_fitting,LGTLT00135,,unreachable,
LGTNET00260,LGTFIT00131,,unclassified_fitting,LGTLT00299,,unreachable,
LGTNET00260,LGTFIT00131,,unclassified_fitting,LGTLT00300,LGTCON03873;LGTCON03872;LGTCON03476;LGTCON03475,reachable,
LGTNET00260,LGTFIT00131,,unclassified_fitting,LGTLT00301,LGTCON03873;LGTCON03872;LGTCON03476;LGTCON03475;LGTCON03355,reachable,
LGTNET00260,LGTFIT00131,,unclassified_fitting,LGTLT00302,LGTCON03873;LGTCON03872;LGTCON03476;LGTCON03475;LGTCON03355;LGTCON03356,reachable,
LGTNET00260,LGTFIT00131,,unclassified_fitting,LGTLT00303,LGTCON03873;LGTCON03872;LGTCON03476;LGTCON03475;LGTCON03355;LGTCON03356;LGTCON03357,reachable,
LGTNET00260,LGTFIT00131,,unclassified_fitting,LGTLT00304,LGTCON03873;LGTCON03872;LGTCON03476;LGTCON03475;LGTCON03355;LGTCON03356;LGTCON03357;LGTCON03358,reachable,
LGTNET00260,LGTFIT00131,,unclassified_fitting,LGTLT00305,,unreachable,
LGTNET00260,LGTFIT00131,,unclassified_fitting,LGTLT00306,,unreachable,
LGTNET00260,LGTFIT00131,,unclassified_fitting,LGTLT00307,LGTCON03873;LGTCON03872;LGTCON03871;LGTCON03467,reachable,
LGTNET00260,LGTFIT00131,,unclassified_fitting,LGTLT00308,,unreachable,
LGTNET00260,LGTFIT00131,,unclassified_fitting,LGTLT00309,LGTCON03873;LGTCON03872;LGTCON03871;LGTCON03467;LGTCON03468;LGTCON03470,reachable,
LGTNET00260,LGTFIT00131,,unclassified_fitting,LGTLT00310,LGTCON03873;LGTCON03872;LGTCON03871;LGTCON03467;LGTCON03468;LGTCON03470;LGTCON03469,reachable,
LGTNET00260,LGTFIT00131,,unclassified_fitting,LGTLT00311,,unreachable,
LGTNET00260,LGTFIT00131,,unclassified_fitting,LGTLT02841,,unreachable,
LGTNET00260,LGTFIT00131,,unclassified_fitting,LGTLT02844,,unreachable,
LGTNET00260,LGTFIT00131,,unclassified_fitting,LGTLT02845,,unreachable,
LGTNET00260,LGTFIT00131,,unclassified_fitting,LGTLT02846,,unreachable,
LGTNET00260,LGTFIT00131,,unclassified_fitting,LGTLT02887,LGTCON03873;LGTCON03872;LGTCON03835,reachable,
LGTNET00260,LGTFIT00131,,unclassified_fitting,LGTLT02888,LGTCON03873;LGTCON03872;LGTCON03835;LGTCON03912,reachable,
LGTNET00260,LGTFIT00132,,unclassified_fitting,LGTLT00135,,unreachable,
LGTNET00260,LGTFIT00132,,unclassified_fitting,LGTLT00299,,unreachable,
LGTNET00260,LGTFIT00132,,unclassified_fitting,LGTLT00300,LGTCON03874;LGTCON03475,reachable,
LGTNET00260,LGTFIT00132,,unclassified_fitting,LGTLT00301,LGTCON03874;LGTCON03475;LGTCON03355,reachable,
LGTNET00260,LGTFIT00132,,unclassified_fitting,LGTLT00302,LGTCON03874;LGTCON03475;LGTCON03355;LGTCON03356,reachable,
LGTNET00260,LGTFIT00132,,unclassified_fitting,LGTLT00303,LGTCON03874;LGTCON03475;LGTCON03355;LGTCON03356;LGTCON03357,reachable,
LGTNET00260,LGTFIT00132,,unclassified_fitting,LGTLT00304,LGTCON03874;LGTCON03475;LGTCON03355;LGTCON03356;LGTCON03357;LGTCON03358,reachable,
LGTNET00260,LGTFIT00132,,unclassified_fitting,LGTLT00305,,unreachable,
LGTNET00260,LGTFIT00132,,unclassified_fitting,LGTLT00306,,unreachable,
LGTNET00260,LGTFIT00132,,unclassified_fitting,LGTLT00307,LGTCON03874;LGTCON03476;LGTCON03871;LGTCON03467,reachable,
LGTNET00260,LGTFIT00132,,unclassified_fitting,LGTLT00308,,unreachable,
LGTNET00260,LGTFIT00132,,unclassified_fitting,LGTLT00309,LGTCON03874;LGTCON03476;LGTCON03871;LGTCON03467;LGTCON03468;LGTCON03470,reachable,
LGTNET00260,LGTFIT00132,,unclassified_fitting,LGTLT00310,LGTCON03874;LGTCON03476;LGTCON03871;LGTCON03467;LGTCON03468;LGTCON03470;LGTCON03469,reachable,
LGTNET00260,LGTFIT00132,,unclassified_fitting,LGTLT00311,,unreachable,
LGTNET00260,LGTFIT00132,,unclassified_fitting,LGTLT02841,,unreachable,
LGTNET00260,LGTFIT00132,,unclassified_fitting,LGTLT02844,,unreachable,
LGTNET00260,LGTFIT00132,,unclassified_fitting,LGTLT02845,,unreachable,
LGTNET00260,LGTFIT00132,,unclassified_fitting,LGTLT02846,,unreachable,
LGTNET00260,LGTFIT00132,,unclassified_fitting,LGTLT02887,LGTCON03874;LGTCON03476;LGTCON03835,reachable,
LGTNET00260,LGTFIT00132,,unclassified_fitting,LGTLT02888,LGTCON03874;LGTCON03476;LGTCON03835;LGTCON03912,reachable,
LGTNET00260,LGTFIT00133,,unclassified_fitting,LGTLT00135,,unreachable,
LGTNET00260,LGTFIT00133,,unclassified_fitting,LGTLT00299,LGTCON03875;LGTCON03866;LGTCON03870,reachable,
LGTNET00260,LGTFIT00133,,unclassified_fitting,LGTLT00300,,unreachable,
LGTNET00260,LGTFIT00133,,unclassified_fitting,LGTLT00301,,unreachable,
LGTNET00260,LGTFIT00133,,unclassified_fitting,LGTLT00302,,unreachable,
LGTNET00260,LGTFIT00133,,unclassified_fitting,LGTLT00303,,unreachable,
LGTNET00260,LGTFIT00133,,unclassified_fitting,LGTLT00304,,unreachable,
LGTNET00260,LGTFIT00133,,unclassified_fitting,LGTLT00305,,unreachable,
LGTNET00260,LGTFIT00133,,unclassified_fitting,LGTLT00306,,unreachable,
LGTNET00260,LGTFIT00133,,unclassified_fitting,LGTLT00307,,unreachable,
LGTNET00260,LGTFIT00133,,unclassified_fitting,LGTLT00308,,unreachable,
LGTNET00260,LGTFIT00133,,unclassified_fitting,LGTLT00309,,unreachable,
LGTNET00260,LGTFIT00133,,unclassified_fitting,LGTLT00310,,unreachable,
LGTNET00260,LGTFIT00133,,unclassified_fitting,LGTLT00311,,unreachable,
LGTNET00260,LGTFIT00133,,unclassified_fitting,LGTLT02841,LGTCON03875;LGTCON03867,reachable,
LGTNET00260,LGTFIT00133,,unclassified_fitting,LGTLT02844,LGTCON03875;LGTCON03866;LGTCON03870;LGTCON03480;LGTCON03878,reachable,
LGTNET00260,LGTFIT00133,,unclassified_fitting,LGTLT02845,LGTCON03875;LGTCON03866;LGTCON03870;LGTCON03480,reachable,
LGTNET00260,LGTFIT00133,,unclassified_fitting,LGTLT02846,,unreachable,
LGTNET00260,LGTFIT00133,,unclassified_fitting,LGTLT02887,,unreachable,
LGTNET00260,LGTFIT00133,,unclassified_fitting,LGTLT02888,,unreachable,
LGTNET00260,LGTFIT00219,,unclassified_fitting,LGTLT00135,,unreachable,
LGTNET00260,LGTFIT00219,,unclassified_fitting,LGTLT00299,LGTCON03880;LGTCON03877;LGTCON03878;LGTCON03480,reachable,
LGTNET00260,LGTFIT00219,,unclassified_fitting,LGTLT00300,,unreachable,
LGTNET00260,LGTFIT00219,,unclassified_fitting,LGTLT00301,,unreachable,
LGTNET00260,LGTFIT00219,,unclassified_fitting,LGTLT00302,,unreachable,
LGTNET00260,LGTFIT00219,,unclassified_fitting,LGTLT00303,,unreachable,
LGTNET00260,LGTFIT00219,,unclassified_fitting,LGTLT00304,,unreachable,
LGTNET00260,LGTFIT00219,,unclassified_fitting,LGTLT00305,,unreachable,
LGTNET00260,LGTFIT00219,,unclassified_fitting,LGTLT00306,,unreachable,
LGTNET00260,LGTFIT00219,,unclassified_fitting,LGTLT00307,,unreachable,
LGTNET00260,LGTFIT00219,,unclassified_fitting,LGTLT00308,,unreachable,
LGTNET00260,LGTFIT00219,,unclassified_fitting,LGTLT00309,,unreachable,
LGTNET00260,LGTFIT00219,,unclassified_fitting,LGTLT00310,,unreachable,
LGTNET00260,LGTFIT00219,,unclassified_fitting,LGTLT00311,,unreachable,
LGTNET00260,LGTFIT00219,,unclassified_fitting,LGTLT02841,LGTCON03880;LGTCON03877;LGTCON03878;LGTCON03480;LGTCON03870;LGTCON03866;LGTCON03867,reachable,
LGTNET00260,LGTFIT00219,,unclassified_fitting,LGTLT02844,LGTCON03880;LGTCON03877,reachable,
LGTNET00260,LGTFIT00219,,unclassified_fitting,LGTLT02845,LGTCON03880;LGTCON03877;LGTCON03878,reachable,
LGTNET00260,LGTFIT00219,,unclassified_fitting,LGTLT02846,,unreachable,
LGTNET00260,LGTFIT00219,,unclassified_fitting,LGTLT02887,,unreachable,
LGTNET00260,LGTFIT00219,,unclassified_fitting,LGTLT02888,,unreachable,
LGTNET00261,LGTFIT00011,,unclassified_fitting,LGTLT00515,LGTCON03039;LGTCON04058;LGTCON04059;LGTCON03036,reachable,
LGTNET00261,LGTFIT00011,,unclassified_fitting,LGTLT02607,LGTCON03039;LGTCON04058;LGTCON04059,reachable,
LGTNET00261,LGTFIT00440,,unclassified_fitting,LGTLT00515,LGTCON03035,reachable,
LGTNET00261,LGTFIT00440,,unclassified_fitting,LGTLT02607,LGTCON03035;LGTCON03036,reachable,
LGTNET00262,LGTFIT00101,,unclassified_fitting,LGTLT00617,LGTCON01320;LGTCON01319;LGTCON01318,reachable,
LGTNET00262,LGTFIT00101,,unclassified_fitting,LGTLT00618,LGTCON01320;LGTCON01321;LGTCON01323;LGTCON01324,reachable,
LGTNET00262,LGTFIT00101,,unclassified_fitting,LGTLT00619,LGTCON01320;LGTCON01321;LGTCON01323;LGTCON01324;LGTCON01325,reachable,
LGTNET00262,LGTFIT00101,,unclassified_fitting,LGTLT00620,LGTCON01320;LGTCON01321;LGTCON01323,reachable,
LGTNET00262,LGTFIT00101,,unclassified_fitting,LGTLT00621,LGTCON01320;LGTCON01319,reachable,
LGTNET00262,LGTFIT00101,,unclassified_fitting,LGTLT00622,LGTCON01320;LGTCON01319;LGTCON01318;LGTCON01315;LGTCON01316,reachable,
LGTNET00262,LGTFIT00101,,unclassified_fitting,LGTLT00623,LGTCON01320;LGTCON01321,reachable,
LGTNET00262,LGTFIT00101,,unclassified_fitting,LGTLT00627,LGTCON01320;LGTCON01321;LGTCON01323;LGTCON01324;LGTCON01325;LGTCON01326,reachable,
LGTNET00262,LGTFIT00101,,unclassified_fitting,LGTLT00628,LGTCON01320;LGTCON01321;LGTCON01323;LGTCON01324;LGTCON01325;LGTCON01326;LGTCON01327;LGTCON01328,reachable,
LGTNET00262,LGTFIT00101,,unclassified_fitting,LGTLT00629,LGTCON01320;LGTCON01321;LGTCON01323;LGTCON01324;LGTCON01325;LGTCON01326;LGTCON01327;LGTCON01328;LGTCON01329,reachable,
LGTNET00262,LGTFIT00101,,unclassified_fitting,LGTLT00630,LGTCON01320;LGTCON01321;LGTCON01323;LGTCON01324;LGTCON01325;LGTCON01326;LGTCON01327,reachable,
LGTNET00262,LGTFIT01141,service_box,explicit,LGTLT00617,LGTCON01322;LGTCON01321;LGTCON01319;LGTCON01318,reachable,
LGTNET00262,LGTFIT01141,service_box,explicit,LGTLT00618,LGTCON01322;LGTCON01323;LGTCON01324,reachable,
LGTNET00262,LGTFIT01141,service_box,explicit,LGTLT00619,LGTCON01322;LGTCON01323;LGTCON01324;LGTCON01325,reachable,
LGTNET00262,LGTFIT01141,service_box,explicit,LGTLT00620,LGTCON01322;LGTCON01323,reachable,
LGTNET00262,LGTFIT01141,service_box,explicit,LGTLT00621,LGTCON01322;LGTCON01321;LGTCON01319,reachable,
LGTNET00262,LGTFIT01141,service_box,explicit,LGTLT00622,LGTCON01322;LGTCON01321;LGTCON01319;LGTCON01318;LGTCON01315;LGTCON01316,reachable,
LGTNET00262,LGTFIT01141,service_box,explicit,LGTLT00623,LGTCON01322,reachable,
LGTNET00262,LGTFIT01141,service_box,explicit,LGTLT00627,LGTCON01322;LGTCON01323;LGTCON01324;LGTCON01325;LGTCON01326,reachable,
LGTNET00262,LGTFIT01141,service_box,explicit,LGTLT00628,LGTCON01322;LGTCON01323;LGTCON01324;LGTCON01325;LGTCON01326;LGTCON01327;LGTCON01328,reachable,
LGTNET00262,LGTFIT01141,service_box,explicit,LGTLT00629,LGTCON01322;LGTCON01323;LGTCON01324;LGTCON01325;LGTCON01326;LGTCON01327;LGTCON01328;LGTCON01329,reachable,
LGTNET00262,LGTFIT01141,service_box,explicit,LGTLT00630,LGTCON01322;LGTCON01323;LGTCON01324;LGTCON01325;LGTCON01326;LGTCON01327,reachable,
LGTNET00263,LGTFIT00015,,unclassified_fitting,LGTLT02679,LGTCON03058,reachable,
LGTNET00264,LGTFIT00056,,unclassified_fitting,LGTLT02378,LGTCON00183;LGTCON00185;LGTCON00186;LGTCON00188;LGTCON00187,reachable,
LGTNET00264,LGTFIT00056,,unclassified_fitting,LGTLT02379,LGTCON00183;LGTCON00185,reachable,
LGTNET00264,LGTFIT00056,,unclassified_fitting,LGTLT02380,LGTCON00183;LGTCON00184,reachable,
LGTNET00264,LGTFIT00057,,unclassified_fitting,LGTLT02378,LGTCON00189;LGTCON00188;LGTCON00187,reachable,
LGTNET00264,LGTFIT00057,,unclassified_fitting,LGTLT02379,LGTCON00189;LGTCON00186,reachable,
LGTNET00264,LGTFIT00057,,unclassified_fitting,LGTLT02380,LGTCON00189;LGTCON00186;LGTCON00185;LGTCON00184,reachable,
LGTNET00264,LGTFIT01130,service_box,explicit,LGTLT02378,LGTCON00190;LGTCON00186;LGTCON00188;LGTCON00187,reachable,
LGTNET00264,LGTFIT01130,service_box,explicit,LGTLT02379,LGTCON00190,reachable,
LGTNET00264,LGTFIT01130,service_box,explicit,LGTLT02380,LGTCON00190;LGTCON00185;LGTCON00184,reachable,
LGTNET00265,LGTFIT01084,,unclassified_fitting,LGTLT00312,LGTCON03812;LGTCON01228;LGTCON01229;LGTCON01230;LGTCON01231;LGTCON01232;LGTCON01233;LGTCON01234;LGTCON01235;LGTCON01236;LGTCON03090;LGTCON03517;LGTCON04055;LGTCON03518;LGTCON03345;LGTCON03346;LGTCON03347;LGTCON03348;LGTCON03349;LGTCON03514;LGTCON03515;LGTCON03516;LGTCON03513;LGTCON03511;LGTCON03510;LGTCON03509;LGTCON03508;LGTCON03529,reachable,
LGTNET00265,LGTFIT01084,,unclassified_fitting,LGTLT00313,LGTCON03812;LGTCON01228;LGTCON01229;LGTCON01230;LGTCON01231;LGTCON01232;LGTCON01233;LGTCON01234;LGTCON01235;LGTCON01236;LGTCON03090;LGTCON03517;LGTCON04055;LGTCON03518;LGTCON03345;LGTCON03346;LGTCON03347;LGTCON03348;LGTCON03349;LGTCON03514;LGTCON03515;LGTCON03516;LGTCON03513;LGTCON03511;LGTCON03510,reachable,
LGTNET00265,LGTFIT01084,,unclassified_fitting,LGTLT00314,LGTCON03812;LGTCON01228;LGTCON01229;LGTCON01230;LGTCON01231;LGTCON01232;LGTCON01233;LGTCON01234;LGTCON01235;LGTCON01236;LGTCON03090;LGTCON03517;LGTCON04055;LGTCON03518;LGTCON03345;LGTCON03346;LGTCON03347;LGTCON03348;LGTCON03349;LGTCON03514;LGTCON03515;LGTCON03516;LGTCON03513;LGTCON03511,reachable,
LGTNET00265,LGTFIT01084,,unclassified_fitting,LGTLT00315,LGTCON03812;LGTCON01228;LGTCON01229;LGTCON01230;LGTCON01231;LGTCON01232;LGTCON01233;LGTCON01234;LGTCON01235;LGTCON01236;LGTCON03090;LGTCON03517;LGTCON04055;LGTCON03518;LGTCON03345;LGTCON03346;LGTCON03347;LGTCON03348;LGTCON03349;LGTCON03514;LGTCON03515;LGTCON03516;LGTCON03513,reachable,
LGTNET00265,LGTFIT01084,,unclassified_fitting,LGTLT00316,LGTCON03812;LGTCON01228;LGTCON01229;LGTCON01230;LGTCON01231;LGTCON01232;LGTCON01233;LGTCON01234;LGTCON01235;LGTCON01236;LGTCON03090;LGTCON03517;LGTCON04055;LGTCON03518;LGTCON03345;LGTCON03346;LGTCON03347;LGTCON03348;LGTCON03349;LGTCON03514;LGTCON03515,reachable,
LGTNET00265,LGTFIT01084,,unclassified_fitting,LGTLT00318,LGTCON03812;LGTCON01228;LGTCON01229;LGTCON01230;LGTCON01231;LGTCON01232;LGTCON01233;LGTCON01234;LGTCON01235;LGTCON01236;LGTCON03090;LGTCON03517;LGTCON04055;LGTCON03518;LGTCON03345;LGTCON03346;LGTCON03347;LGTCON03348;LGTCON03349,reachable,
LGTNET00265,LGTFIT01084,,unclassified_fitting,LGTLT00319,LGTCON03812;LGTCON01228;LGTCON01229;LGTCON01230;LGTCON01231;LGTCON01232;LGTCON01233;LGTCON01234;LGTCON01235;LGTCON01236;LGTCON03090;LGTCON03517;LGTCON04055;LGTCON03518;LGTCON03345;LGTCON03346;LGTCON03347;LGTCON03348,reachable,
LGTNET00265,LGTFIT01084,,unclassified_fitting,LGTLT00320,LGTCON03812;LGTCON01228;LGTCON01229;LGTCON01230;LGTCON01231;LGTCON01232;LGTCON01233;LGTCON01234;LGTCON01235;LGTCON01236;LGTCON03090;LGTCON03517;LGTCON04055;LGTCON03518;LGTCON03345;LGTCON03346,reachable,
LGTNET00265,LGTFIT01084,,unclassified_fitting,LGTLT00321,LGTCON03812;LGTCON01228;LGTCON01229;LGTCON01230;LGTCON01231;LGTCON01232;LGTCON01233;LGTCON01234;LGTCON01235;LGTCON01236;LGTCON03090;LGTCON03517;LGTCON04055;LGTCON03518;LGTCON03345,reachable,
LGTNET00265,LGTFIT01084,,unclassified_fitting,LGTLT00322,LGTCON03812;LGTCON01228;LGTCON01229;LGTCON01230;LGTCON01231;LGTCON01232;LGTCON01233;LGTCON01234;LGTCON01235;LGTCON01236;LGTCON03090,reachable,
LGTNET00265,LGTFIT01084,,unclassified_fitting,LGTLT00323,LGTCON03812;LGTCON01228;LGTCON01229;LGTCON01230;LGTCON01231;LGTCON01232;LGTCON01233;LGTCON01234;LGTCON01235;LGTCON01236,reachable,
LGTNET00265,LGTFIT01084,,unclassified_fitting,LGTLT00324,LGTCON03812;LGTCON01228;LGTCON01229;LGTCON01230;LGTCON01231;LGTCON01232;LGTCON01233;LGTCON01234;LGTCON01235,reachable,
LGTNET00265,LGTFIT01084,,unclassified_fitting,LGTLT00325,LGTCON03812;LGTCON01228;LGTCON01229;LGTCON01230;LGTCON01231;LGTCON01232;LGTCON01233;LGTCON01234,reachable,
LGTNET00265,LGTFIT01084,,unclassified_fitting,LGTLT00326,LGTCON03812;LGTCON01228;LGTCON01229;LGTCON01230;LGTCON01231;LGTCON01232;LGTCON01233,reachable,
LGTNET00265,LGTFIT01084,,unclassified_fitting,LGTLT00327,LGTCON03812;LGTCON01228;LGTCON01229;LGTCON01230;LGTCON01231;LGTCON01232,reachable,
LGTNET00265,LGTFIT01084,,unclassified_fitting,LGTLT00328,LGTCON03812;LGTCON01228;LGTCON01229;LGTCON01230;LGTCON01231,reachable,
LGTNET00265,LGTFIT01084,,unclassified_fitting,LGTLT00926,LGTCON03812;LGTCON01228;LGTCON01229,reachable,
LGTNET00265,LGTFIT01084,,unclassified_fitting,LGTLT00927,LGTCON03812;LGTCON01228,reachable,
LGTNET00265,LGTFIT01084,,unclassified_fitting,LGTLT00928,LGTCON03812;LGTCON01227,reachable,
LGTNET00265,LGTFIT01084,,unclassified_fitting,LGTLT00929,LGTCON03812;LGTCON01227;LGTCON01226,reachable,
LGTNET00265,LGTFIT01084,,unclassified_fitting,LGTLT00930,,unreachable,
LGTNET00265,LGTFIT01084,,unclassified_fitting,LGTLT00931,LGTCON03812;LGTCON01227;LGTCON01226;LGTCON01225,reachable,
LGTNET00265,LGTFIT01084,,unclassified_fitting,LGTLT00932,LGTCON03812;LGTCON01227;LGTCON01226;LGTCON01225;LGTCON01224,reachable,
LGTNET00265,LGTFIT01084,,unclassified_fitting,LGTLT00933,LGTCON03812;LGTCON01227;LGTCON01226;LGTCON01225;LGTCON01224;LGTCON01223,reachable,
LGTNET00265,LGTFIT01084,,unclassified_fitting,LGTLT00934,LGTCON03812;LGTCON01227;LGTCON01226;LGTCON01225;LGTCON01224;LGTCON01223;LGTCON01222,reachable,
LGTNET00265,LGTFIT01084,,unclassified_fitting,LGTLT00936,LGTCON03812;LGTCON01227;LGTCON01226;LGTCON01225;LGTCON01224;LGTCON01223;LGTCON01222;LGTCON01221;LGTCON03286,reachable,
LGTNET00265,LGTFIT01084,,unclassified_fitting,LGTLT00937,LGTCON03812;LGTCON01227;LGTCON01226;LGTCON01225;LGTCON01224;LGTCON01223;LGTCON01222;LGTCON01221;LGTCON03286;LGTCON03285,reachable,
LGTNET00265,LGTFIT01084,,unclassified_fitting,LGTLT00941,,unreachable,
LGTNET00265,LGTFIT01084,,unclassified_fitting,LGTLT02605,,unreachable,
LGTNET00265,LGTFIT01084,,unclassified_fitting,LGTLT02606,,unreachable,
LGTNET00265,LGTFIT01084,,unclassified_fitting,LGTLT02636,LGTCON03812;LGTCON01228;LGTCON01229;LGTCON01230;LGTCON01231;LGTCON01232;LGTCON01233;LGTCON01234;LGTCON01235;LGTCON01236;LGTCON03090;LGTCON03517;LGTCON04055;LGTCON03518;LGTCON03345;LGTCON03346;LGTCON03347;LGTCON03348;LGTCON03349;LGTCON03680;LGTCON03681,reachable,
LGTNET00265,LGTFIT01084,,unclassified_fitting,LGTLT02637,LGTCON03812;LGTCON01228;LGTCON01229;LGTCON01230;LGTCON01231;LGTCON01232;LGTCON01233;LGTCON01234;LGTCON01235;LGTCON01236;LGTCON03090;LGTCON03517;LGTCON04055;LGTCON03518;LGTCON03345;LGTCON03346;LGTCON03347;LGTCON03348;LGTCON03349;LGTCON03680,reachable,
LGTNET00265,LGTFIT01084,,unclassified_fitting,LGTLT02811,LGTCON03812;LGTCON01228;LGTCON01229;LGTCON01230,reachable,
LGTNET00265,LGTFIT01084,,unclassified_fitting,LGTLT02813,LGTCON03812;LGTCON01228;LGTCON01229;LGTCON01230;LGTCON01231;LGTCON01232;LGTCON01233;LGTCON01234;LGTCON01235;LGTCON01236;LGTCON03090;LGTCON03517,reachable,
LGTNET00265,LGTFIT01084,,unclassified_fitting,LGTLT02814,,unreachable,
LGTNET00265,LGTFIT01084,,unclassified_fitting,LGTLT02815,LGTCON03812,reachable,
LGTNET00265,LGTFIT01084,,unclassified_fitting,LGTLT05055,LGTCON03812;LGTCON01228;LGTCON01229;LGTCON01230;LGTCON01231;LGTCON01232;LGTCON01233;LGTCON01234;LGTCON01235;LGTCON01236;LGTCON03090;LGTCON03517;LGTCON04055;LGTCON03518;LGTCON04061,reachable,
LGTNET00265,LGTFIT01084,,unclassified_fitting,LGTLT05180,,unreachable,
LGTNET00265,LGTFIT01116,service_box,explicit,LGTLT00312,,unreachable,
LGTNET00265,LGTFIT01116,service_box,explicit,LGTLT00313,,unreachable,
LGTNET00265,LGTFIT01116,service_box,explicit,LGTLT00314,,unreachable,
LGTNET00265,LGTFIT01116,service_box,explicit,LGTLT00315,,unreachable,
LGTNET00265,LGTFIT01116,service_box,explicit,LGTLT00316,,unreachable,
LGTNET00265,LGTFIT01116,service_box,explicit,LGTLT00318,,unreachable,
LGTNET00265,LGTFIT01116,service_box,explicit,LGTLT00319,,unreachable,
LGTNET00265,LGTFIT01116,service_box,explicit,LGTLT00320,,unreachable,
LGTNET00265,LGTFIT01116,service_box,explicit,LGTLT00321,,unreachable,
LGTNET00265,LGTFIT01116,service_box,explicit,LGTLT00322,,unreachable,
LGTNET00265,LGTFIT01116,service_box,explicit,LGTLT00323,,unreachable,
LGTNET00265,LGTFIT01116,service_box,explicit,LGTLT00324,,unreachable,
LGTNET00265,LGTFIT01116,service_box,explicit,LGTLT00325,,unreachable,
LGTNET00265,LGTFIT01116,service_box,explicit,LGTLT00326,,unreachable,
LGTNET00265,LGTFIT01116,service_box,explicit,LGTLT00327,,unreachable,
LGTNET00265,LGTFIT01116,service_box,explicit,LGTLT00328,,unreachable,
LGTNET00265,LGTFIT01116,service_box,explicit,LGTLT00926,,unreachable,
LGTNET00265,LGTFIT01116,service_box,explicit,LGTLT00927,,unreachable,
LGTNET00265,LGTFIT01116,service_box,explicit,LGTLT00928,,unreachable,
LGTNET00265,LGTFIT01116,service_box,explicit,LGTLT00929,,unreachable,
LGTNET00265,LGTFIT01116,service_box,explicit,LGTLT00930,,unreachable,
LGTNET00265,LGTFIT01116,service_box,explicit,LGTLT00931,,unreachable,
LGTNET00265,LGTFIT01116,service_box,explicit,LGTLT00932,,unreachable,
LGTNET00265,LGTFIT01116,service_box,explicit,LGTLT00933,,unreachable,
LGTNET00265,LGTFIT01116,service_box,explicit,LGTLT00934,,unreachable,
LGTNET00265,LGTFIT01116,service_box,explicit,LGTLT00936,,unreachable,
LGTNET00265,LGTFIT01116,service_box,explicit,LGTLT00937,,unreachable,
LGTNET00265,LGTFIT01116,service_box,explicit,LGTLT00941,,unreachable,
LGTNET00265,LGTFIT01116,service_box,explicit,LGTLT02605,LGTCON01220;LGTCON01210;LGTCON01209,reachable,
LGTNET00265,LGTFIT01116,service_box,explicit,LGTLT02606,LGTCON01220;LGTCON01210,reachable,
LGTNET00265,LGTFIT01116,service_box,explicit,LGTLT02636,,unreachable,
LGTNET00265,LGTFIT01116,service_box,explicit,LGTLT02637,,unreachable,
LGTNET00265,LGTFIT01116,service_box,explicit,LGTLT02811,,unreachable,
LGTNET00265,LGTFIT01116,service_box,explicit,LGTLT02813,,unreachable,
LGTNET00265,LGTFIT01116,service_box,explicit,LGTLT02814,,unreachable,
LGTNET00265,LGTFIT01116,service_box,explicit,LGTLT02815,,unreachable,
LGTNET00265,LGTFIT01116,service_box,explicit,LGTLT05055,,unreachable,
LGTNET00265,LGTFIT01116,service_box,explicit,LGTLT05180,,unreachable,
LGTNET00265,LGTFIT01192,service_box,explicit,LGTLT00312,LGTCON03512;LGTCON03511;LGTCON03510;LGTCON03509;LGTCON03508;LGTCON03529,reachable,
LGTNET00265,LGTFIT01192,service_box,explicit,LGTLT00313,LGTCON03512;LGTCON03511;LGTCON03510,reachable,
LGTNET00265,LGTFIT01192,service_box,explicit,LGTLT00314,LGTCON03512;LGTCON03511,reachable,
LGTNET00265,LGTFIT01192,service_box,explicit,LGTLT00315,LGTCON03512,reachable,
LGTNET00265,LGTFIT01192,service_box,explicit,LGTLT00316,LGTCON03512;LGTCON03513;LGTCON03516,reachable,
LGTNET00265,LGTFIT01192,service_box,explicit,LGTLT00318,LGTCON03512;LGTCON03513;LGTCON03516;LGTCON03515;LGTCON03514,reachable,
LGTNET00265,LGTFIT01192,service_box,explicit,LGTLT00319,LGTCON03512;LGTCON03513;LGTCON03516;LGTCON03515;LGTCON03514;LGTCON03349,reachable,
LGTNET00265,LGTFIT01192,service_box,explicit,LGTLT00320,LGTCON03512;LGTCON03513;LGTCON03516;LGTCON03515;LGTCON03514;LGTCON03349;LGTCON03348;LGTCON03347,reachable,
LGTNET00265,LGTFIT01192,service_box,explicit,LGTLT00321,LGTCON03512;LGTCON03513;LGTCON03516;LGTCON03515;LGTCON03514;LGTCON03349;LGTCON03348;LGTCON03347;LGTCON03346,reachable,
LGTNET00265,LGTFIT01192,service_box,explicit,LGTLT00322,LGTCON03512;LGTCON03513;LGTCON03516;LGTCON03515;LGTCON03514;LGTCON03349;LGTCON03348;LGTCON03347;LGTCON03346;LGTCON03345;LGTCON03518;LGTCON04055;LGTCON03517,reachable,
LGTNET00265,LGTFIT01192,service_box,explicit,LGTLT00323,LGTCON03512;LGTCON03513;LGTCON03516;LGTCON03515;LGTCON03514;LGTCON03349;LGTCON03348;LGTCON03347;LGTCON03346;LGTCON03345;LGTCON03518;LGTCON04055;LGTCON03517;LGTCON03090,reachable,
LGTNET00265,LGTFIT01192,service_box,explicit,LGTLT00324,LGTCON03512;LGTCON03513;LGTCON03516;LGTCON03515;LGTCON03514;LGTCON03349;LGTCON03348;LGTCON03347;LGTCON03346;LGTCON03345;LGTCON03518;LGTCON04055;LGTCON03517;LGTCON03090;LGTCON01236,reachable,
LGTNET00265,LGTFIT01192,service_box,explicit,LGTLT00325,LGTCON03512;LGTCON03513;LGTCON03516;LGTCON03515;LGTCON03514;LGTCON03349;LGTCON03348;LGTCON03347;LGTCON03346;LGTCON03345;LGTCON03518;LGTCON04055;LGTCON03517;LGTCON03090;LGTCON01236;LGTCON01235,reachable,
LGTNET00265,LGTFIT01192,service_box,explicit,LGTLT00326,LGTCON03512;LGTCON03513;LGTCON03516;LGTCON03515;LGTCON03514;LGTCON03349;LGTCON03348;LGTCON03347;LGTCON03346;LGTCON03345;LGTCON03518;LGTCON04055;LGTCON03517;LGTCON03090;LGTCON01236;LGTCON01235;LGTCON01234,reachable,
LGTNET00265,LGTFIT01192,service_box,explicit,LGTLT00327,LGTCON03512;LGTCON03513;LGTCON03516;LGTCON03515;LGTCON03514;LGTCON03349;LGTCON03348;LGTCON03347;LGTCON03346;LGTCON03345;LGTCON03518;LGTCON04055;LGTCON03517;LGTCON03090;LGTCON01236;LGTCON01235;LGTCON01234;LGTCON01233,reachable,
LGTNET00265,LGTFIT01192,service_box,explicit,LGTLT00328,LGTCON03512;LGTCON03513;LGTCON03516;LGTCON03515;LGTCON03514;LGTCON03349;LGTCON03348;LGTCON03347;LGTCON03346;LGTCON03345;LGTCON03518;LGTCON04055;LGTCON03517;LGTCON03090;LGTCON01236;LGTCON01235;LGTCON01234;LGTCON01233;LGTCON01232,reachable,
LGTNET00265,LGTFIT01192,service_box,explicit,LGTLT00926,LGTCON03512;LGTCON03513;LGTCON03516;LGTCON03515;LGTCON03514;LGTCON03349;LGTCON03348;LGTCON03347;LGTCON03346;LGTCON03345;LGTCON03518;LGTCON04055;LGTCON03517;LGTCON03090;LGTCON01236;LGTCON01235;LGTCON01234;LGTCON01233;LGTCON01232;LGTCON01231;LGTCON01230,reachable,
LGTNET00265,LGTFIT01192,service_box,explicit,LGTLT00927,LGTCON03512;LGTCON03513;LGTCON03516;LGTCON03515;LGTCON03514;LGTCON03349;LGTCON03348;LGTCON03347;LGTCON03346;LGTCON03345;LGTCON03518;LGTCON04055;LGTCON03517;LGTCON03090;LGTCON01236;LGTCON01235;LGTCON01234;LGTCON01233;LGTCON01232;LGTCON01231;LGTCON01230;LGTCON01229,reachable,
LGTNET00265,LGTFIT01192,service_box,explicit,LGTLT00928,LGTCON03512;LGTCON03513;LGTCON03516;LGTCON03515;LGTCON03514;LGTCON03349;LGTCON03348;LGTCON03347;LGTCON03346;LGTCON03345;LGTCON03518;LGTCON04055;LGTCON03517;LGTCON03090;LGTCON01236;LGTCON01235;LGTCON01234;LGTCON01233;LGTCON01232;LGTCON01231;LGTCON01230;LGTCON01229;LGTCON01228;LGTCON01227,reachable,
LGTNET00265,LGTFIT01192,service_box,explicit,LGTLT00929,LGTCON03512;LGTCON03513;LGTCON03516;LGTCON03515;LGTCON03514;LGTCON03349;LGTCON03348;LGTCON03347;LGTCON03346;LGTCON03345;LGTCON03518;LGTCON04055;LGTCON03517;LGTCON03090;LGTCON01236;LGTCON01235;LGTCON01234;LGTCON01233;LGTCON01232;LGTCON01231;LGTCON01230;LGTCON01229;LGTCON01228;LGTCON01227;LGTCON01226,reachable,
LGTNET00265,LGTFIT01192,service_box,explicit,LGTLT00930,,unreachable,
LGTNET00265,LGTFIT01192,service_box,explicit,LGTLT00931,LGTCON03512;LGTCON03513;LGTCON03516;LGTCON03515;LGTCON03514;LGTCON03349;LGTCON03348;LGTCON03347;LGTCON03346;LGTCON03345;LGTCON03518;LGTCON04055;LGTCON03517;LGTCON03090;LGTCON01236;LGTCON01235;LGTCON01234;LGTCON01233;LGTCON01232;LGTCON01231;LGTCON01230;LGTCON01229;LGTCON01228;LGTCON01227;LGTCON01226;LGTCON01225,reachable,
LGTNET00265,LGTFIT01192,service_box,explicit,LGTLT00932,LGTCON03512;LGTCON03513;LGTCON03516;LGTCON03515;LGTCON03514;LGTCON03349;LGTCON03348;LGTCON03347;LGTCON03346;LGTCON03345;LGTCON03518;LGTCON04055;LGTCON03517;LGTCON03090;LGTCON01236;LGTCON01235;LGTCON01234;LGTCON01233;LGTCON01232;LGTCON01231;LGTCON01230;LGTCON01229;LGTCON01228;LGTCON01227;LGTCON01226;LGTCON01225;LGTCON01224,reachable,
LGTNET00265,LGTFIT01192,service_box,explicit,LGTLT00933,LGTCON03512;LGTCON03513;LGTCON03516;LGTCON03515;LGTCON03514;LGTCON03349;LGTCON03348;LGTCON03347;LGTCON03346;LGTCON03345;LGTCON03518;LGTCON04055;LGTCON03517;LGTCON03090;LGTCON01236;LGTCON01235;LGTCON01234;LGTCON01233;LGTCON01232;LGTCON01231;LGTCON01230;LGTCON01229;LGTCON01228;LGTCON01227;LGTCON01226;LGTCON01225;LGTCON01224;LGTCON01223,reachable,
LGTNET00265,LGTFIT01192,service_box,explicit,LGTLT00934,LGTCON03512;LGTCON03513;LGTCON03516;LGTCON03515;LGTCON03514;LGTCON03349;LGTCON03348;LGTCON03347;LGTCON03346;LGTCON03345;LGTCON03518;LGTCON04055;LGTCON03517;LGTCON03090;LGTCON01236;LGTCON01235;LGTCON01234;LGTCON01233;LGTCON01232;LGTCON01231;LGTCON01230;LGTCON01229;LGTCON01228;LGTCON01227;LGTCON01226;LGTCON01225;LGTCON01224;LGTCON01223;LGTCON01222,reachable,
LGTNET00265,LGTFIT01192,service_box,explicit,LGTLT00936,LGTCON03512;LGTCON03513;LGTCON03516;LGTCON03515;LGTCON03514;LGTCON03349;LGTCON03348;LGTCON03347;LGTCON03346;LGTCON03345;LGTCON03518;LGTCON04055;LGTCON03517;LGTCON03090;LGTCON01236;LGTCON01235;LGTCON01234;LGTCON01233;LGTCON01232;LGTCON01231;LGTCON01230;LGTCON01229;LGTCON01228;LGTCON01227;LGTCON01226;LGTCON01225;LGTCON01224;LGTCON01223;LGTCON01222;LGTCON01221;LGTCON03286,reachable,
LGTNET00265,LGTFIT01192,service_box,explicit,LGTLT00937,LGTCON03512;LGTCON03513;LGTCON03516;LGTCON03515;LGTCON03514;LGTCON03349;LGTCON03348;LGTCON03347;LGTCON03346;LGTCON03345;LGTCON03518;LGTCON04055;LGTCON03517;LGTCON03090;LGTCON01236;LGTCON01235;LGTCON01234;LGTCON01233;LGTCON01232;LGTCON01231;LGTCON01230;LGTCON01229;LGTCON01228;LGTCON01227;LGTCON01226;LGTCON01225;LGTCON01224;LGTCON01223;LGTCON01222;LGTCON01221;LGTCON03286;LGTCON03285,reachable,
LGTNET00265,LGTFIT01192,service_box,explicit,LGTLT00941,,unreachable,
LGTNET00265,LGTFIT01192,service_box,explicit,LGTLT02605,,unreachable,
LGTNET00265,LGTFIT01192,service_box,explicit,LGTLT02606,,unreachable,
LGTNET00265,LGTFIT01192,service_box,explicit,LGTLT02636,LGTCON03512;LGTCON03513;LGTCON03516;LGTCON03515;LGTCON03514;LGTCON03680;LGTCON03681,reachable,
LGTNET00265,LGTFIT01192,service_box,explicit,LGTLT02637,LGTCON03512;LGTCON03513;LGTCON03516;LGTCON03515;LGTCON03514;LGTCON03680,reachable,
LGTNET00265,LGTFIT01192,service_box,explicit,LGTLT02811,LGTCON03512;LGTCON03513;LGTCON03516;LGTCON03515;LGTCON03514;LGTCON03349;LGTCON03348;LGTCON03347;LGTCON03346;LGTCON03345;LGTCON03518;LGTCON04055;LGTCON03517;LGTCON03090;LGTCON01236;LGTCON01235;LGTCON01234;LGTCON01233;LGTCON01232;LGTCON01231,reachable,
LGTNET00265,LGTFIT01192,service_box,explicit,LGTLT02813,LGTCON03512;LGTCON03513;LGTCON03516;LGTCON03515;LGTCON03514;LGTCON03349;LGTCON03348;LGTCON03347;LGTCON03346;LGTCON03345;LGTCON03518;LGTCON04055,reachable,
LGTNET00265,LGTFIT01192,service_box,explicit,LGTLT02814,,unreachable,
LGTNET00265,LGTFIT01192,service_box,explicit,LGTLT02815,LGTCON03512;LGTCON03513;LGTCON03516;LGTCON03515;LGTCON03514;LGTCON03349;LGTCON03348;LGTCON03347;LGTCON03346;LGTCON03345;LGTCON03518;LGTCON04055;LGTCON03517;LGTCON03090;LGTCON01236;LGTCON01235;LGTCON01234;LGTCON01233;LGTCON01232;LGTCON01231;LGTCON01230;LGTCON01229;LGTCON01228,reachable,
LGTNET00265,LGTFIT01192,service_box,explicit,LGTLT05055,LGTCON03512;LGTCON03513;LGTCON03516;LGTCON03515;LGTCON03514;LGTCON03349;LGTCON03348;LGTCON03347;LGTCON03346;LGTCON03345;LGTCON04061,reachable,
LGTNET00265,LGTFIT01192,service_box,explicit,LGTLT05180,,unreachable,
LGTNET00266,LGTFIT00443,,unclassified_fitting,LGTLT00512,LGTCON00763,reachable,
LGTNET00266,LGTFIT00443,,unclassified_fitting,LGTLT00513,LGTCON00763;LGTCON00762,reachable,
LGTNET00266,LGTFIT00443,,unclassified_fitting,LGTLT00514,LGTCON00763;LGTCON00762;LGTCON00761,reachable,
LGTNET00267,LGTFIT00395,,unclassified_fitting,LGTLT00142,LGTCON00620;LGTCON00619;LGTCON00618;LGTCON00617;LGTCON00622,reachable,
LGTNET00267,LGTFIT00395,,unclassified_fitting,LGTLT00143,LGTCON00620;LGTCON00619;LGTCON00618;LGTCON00617;LGTCON00616,reachable,
LGTNET00267,LGTFIT00395,,unclassified_fitting,LGTLT00144,LGTCON00620;LGTCON00619;LGTCON00618;LGTCON00617;LGTCON00616;LGTCON00614;LGTCON00612;LGTCON00611,reachable,
LGTNET00267,LGTFIT00395,,unclassified_fitting,LGTLT00517,LGTCON00620;LGTCON00619;LGTCON00618;LGTCON00617;LGTCON00616;LGTCON00614,reachable,
LGTNET00267,LGTFIT00395,,unclassified_fitting,LGTLT00518,LGTCON00620;LGTCON00619;LGTCON00618,reachable,
LGTNET00267,LGTFIT00395,,unclassified_fitting,LGTLT00519,LGTCON00620,reachable,
LGTNET00267,LGTFIT00395,,unclassified_fitting,LGTLT00520,LGTCON00620;LGTCON00619;LGTCON00618;LGTCON00617;LGTCON00622;LGTCON00623,reachable,
LGTNET00267,LGTFIT00395,,unclassified_fitting,LGTLT02740,LGTCON00620;LGTCON00619;LGTCON00618;LGTCON00617;LGTCON00616;LGTCON00614;LGTCON00612;LGTCON00613,reachable,
LGTNET00268,LGTFIT00429,,unclassified_fitting,LGTLT00136,LGTCON03497;LGTCON03495,reachable,
LGTNET00268,LGTFIT00429,,unclassified_fitting,LGTLT00138,LGTCON03497;LGTCON03496;LGTCON03494,reachable,
LGTNET00268,LGTFIT00429,,unclassified_fitting,LGTLT00523,LGTCON03497;LGTCON03496,reachable,
LGTNET00268,LGTFIT00429,,unclassified_fitting,LGTLT00524,LGTCON03491,reachable,
LGTNET00269,LGTFIT00145,,unclassified_fitting,LGTLT00139,,unreachable,
LGTNET00269,LGTFIT00145,,unclassified_fitting,LGTLT00140,LGTCON03013;LGTCON03014;LGTCON03484;LGTCON03486,reachable,
LGTNET00269,LGTFIT00145,,unclassified_fitting,LGTLT00141,LGTCON03013;LGTCON03014;LGTCON03484;LGTCON03483,reachable,
LGTNET00269,LGTFIT00145,,unclassified_fitting,LGTLT00521,LGTCON03013;LGTCON03014;LGTCON03484;LGTCON03486;LGTCON03487,reachable,
LGTNET00269,LGTFIT00145,,unclassified_fitting,LGTLT00522,,unreachable,
LGTNET00269,LGTFIT00427,,unclassified_fitting,LGTLT00139,LGTCON03489,reachable,
LGTNET00269,LGTFIT00427,,unclassified_fitting,LGTLT00140,,unreachable,
LGTNET00269,LGTFIT00427,,unclassified_fitting,LGTLT00141,,unreachable,
LGTNET00269,LGTFIT00427,,unclassified_fitting,LGTLT00521,,unreachable,
LGTNET00269,LGTFIT00427,,unclassified_fitting,LGTLT00522,LGTCON03489;LGTCON03492,reachable,
LGTNET00269,LGTFIT00431,,unclassified_fitting,LGTLT00139,,unreachable,
LGTNET00269,LGTFIT00431,,unclassified_fitting,LGTLT00140,LGTCON03498;LGTCON03485;LGTCON03484;LGTCON03486,reachable,
LGTNET00269,LGTFIT00431,,unclassified_fitting,LGTLT00141,LGTCON03498;LGTCON03485;LGTCON03484;LGTCON03483,reachable,
LGTNET00269,LGTFIT00431,,unclassified_fitting,LGTLT00521,LGTCON03498;LGTCON03485;LGTCON03484;LGTCON03486;LGTCON03487,reachable,
LGTNET00269,LGTFIT00431,,unclassified_fitting,LGTLT00522,,unreachable,
LGTNET00270,LGTFIT00148,,unclassified_fitting,LGTLT02347,LGTCON00258;LGTCON00257;LGTCON00256;LGTCON00255,reachable,
LGTNET00270,LGTFIT00148,,unclassified_fitting,LGTLT02348,LGTCON00258;LGTCON00257;LGTCON00256,reachable,
LGTNET00270,LGTFIT00148,,unclassified_fitting,LGTLT02349,LGTCON00258,reachable,
LGTNET00270,LGTFIT00148,,unclassified_fitting,LGTLT02350,,unreachable,
LGTNET00270,LGTFIT00148,,unclassified_fitting,LGTLT02351,,unreachable,
LGTNET00270,LGTFIT00148,,unclassified_fitting,LGTLT02352,,unreachable,
LGTNET00270,LGTFIT00306,,unclassified_fitting,LGTLT02347,,unreachable,
LGTNET00270,LGTFIT00306,,unclassified_fitting,LGTLT02348,,unreachable,
LGTNET00270,LGTFIT00306,,unclassified_fitting,LGTLT02349,,unreachable,
LGTNET00270,LGTFIT00306,,unclassified_fitting,LGTLT02350,LGTCON00262,reachable,
LGTNET00270,LGTFIT00306,,unclassified_fitting,LGTLT02351,LGTCON00262;LGTCON00261;LGTCON00260,reachable,
LGTNET00270,LGTFIT00306,,unclassified_fitting,LGTLT02352,LGTCON00262;LGTCON00261,reachable,
LGTNET00270,LGTFIT01247,service_box,explicit,LGTLT02347,,unreachable,
LGTNET00270,LGTFIT01247,service_box,explicit,LGTLT02348,,unreachable,
LGTNET00270,LGTFIT01247,service_box,explicit,LGTLT02349,,unreachable,
LGTNET00270,LGTFIT01247,service_box,explicit,LGTLT02350,LGTCON00295;LGTCON00260;LGTCON00261,reachable,
LGTNET00270,LGTFIT01247,service_box,explicit,LGTLT02351,LGTCON00295,reachable,
LGTNET00270,LGTFIT01247,service_box,explicit,LGTLT02352,LGTCON00295;LGTCON00260,reachable,
LGTNET00271,LGTFIT00013,,unclassified_fitting,LGTLT00163,LGTCON03044;LGTCON03042;LGTCON03043;LGTCON03053;LGTCON03050;LGTCON03049;LGTCON03048;LGTCON03047;LGTCON03045;LGTCON02839;LGTCON02838;LGTCON02832;LGTCON02831;LGTCON02830,reachable,
LGTNET00271,LGTFIT00013,,unclassified_fitting,LGTLT00164,LGTCON03044;LGTCON03042;LGTCON03043;LGTCON03053;LGTCON03050;LGTCON03049;LGTCON03048;LGTCON03047;LGTCON03045;LGTCON02839;LGTCON02838;LGTCON02833;LGTCON02834;LGTCON02835,reachable,
LGTNET00271,LGTFIT00013,,unclassified_fitting,LGTLT00165,LGTCON03044;LGTCON03042;LGTCON03043;LGTCON03053;LGTCON03050;LGTCON03049;LGTCON03048;LGTCON03047;LGTCON03045;LGTCON02839;LGTCON02838;LGTCON02832;LGTCON02831,reachable,
LGTNET00271,LGTFIT00013,,unclassified_fitting,LGTLT00166,LGTCON03044;LGTCON03042;LGTCON03043;LGTCON03053;LGTCON03050;LGTCON03049;LGTCON03048;LGTCON03047;LGTCON03045;LGTCON02839;LGTCON02838;LGTCON02833,reachable,
LGTNET00271,LGTFIT00013,,unclassified_fitting,LGTLT00167,LGTCON03044;LGTCON03042;LGTCON03043;LGTCON03053;LGTCON03050;LGTCON03049;LGTCON03048;LGTCON03047;LGTCON03045;LGTCON02839;LGTCON02838;LGTCON02832,reachable,
LGTNET00271,LGTFIT00013,,unclassified_fitting,LGTLT00168,LGTCON03044;LGTCON03042;LGTCON03043;LGTCON03053;LGTCON03050;LGTCON03049;LGTCON03048;LGTCON03047;LGTCON03045,reachable,
LGTNET00271,LGTFIT00013,,unclassified_fitting,LGTLT00169,LGTCON03044;LGTCON03042;LGTCON03043;LGTCON03053;LGTCON03050;LGTCON03049;LGTCON03048;LGTCON03047;LGTCON03045;LGTCON02839;LGTCON02842,reachable,
LGTNET00271,LGTFIT00013,,unclassified_fitting,LGTLT00170,LGTCON03044;LGTCON03042;LGTCON03043;LGTCON03053;LGTCON03050;LGTCON03049;LGTCON03048;LGTCON03047;LGTCON02841;LGTCON03046,reachable,
LGTNET00271,LGTFIT00013,,unclassified_fitting,LGTLT00171,LGTCON03044;LGTCON03042;LGTCON03043;LGTCON03053;LGTCON03050;LGTCON03049;LGTCON03048;LGTCON03047;LGTCON03045;LGTCON02839;LGTCON02842;LGTCON02843,reachable,
LGTNET00271,LGTFIT00013,,unclassified_fitting,LGTLT01894,LGTCON03044;LGTCON03042;LGTCON03043;LGTCON03053;LGTCON03050;LGTCON03049;LGTCON03048;LGTCON03047;LGTCON02841;LGTCON03046;LGTCON02853,reachable,
LGTNET00271,LGTFIT00013,,unclassified_fitting,LGTLT01895,LGTCON03044;LGTCON03042;LGTCON03043;LGTCON03053;LGTCON03050;LGTCON03049;LGTCON03048;LGTCON03047;LGTCON02841;LGTCON03046;LGTCON02853;LGTCON02852,reachable,
LGTNET00271,LGTFIT00013,,unclassified_fitting,LGTLT01896,LGTCON03044;LGTCON03042;LGTCON03043;LGTCON03053;LGTCON03050;LGTCON03049;LGTCON03048;LGTCON03047;LGTCON02841;LGTCON03046;LGTCON02853;LGTCON02852;LGTCON02851,reachable,
LGTNET00271,LGTFIT00013,,unclassified_fitting,LGTLT01897,LGTCON03044;LGTCON03042;LGTCON03043;LGTCON03053;LGTCON03050;LGTCON03049;LGTCON03048;LGTCON03047;LGTCON02841;LGTCON03046;LGTCON02853;LGTCON02852;LGTCON02851;LGTCON02850,reachable,
LGTNET00271,LGTFIT00013,,unclassified_fitting,LGTLT01898,,unreachable,
LGTNET00271,LGTFIT00013,,unclassified_fitting,LGTLT01899,,unreachable,
LGTNET00271,LGTFIT00013,,unclassified_fitting,LGTLT01900,LGTCON03044;LGTCON03042;LGTCON03043;LGTCON03053;LGTCON03050;LGTCON03049;LGTCON03048;LGTCON03047;LGTCON03045;LGTCON02839;LGTCON02842;LGTCON02843;LGTCON02844;LGTCON02845;LGTCON02846;LGTCON02847,reachable,
LGTNET00271,LGTFIT00013,,unclassified_fitting,LGTLT01901,LGTCON03044;LGTCON03042;LGTCON03043;LGTCON03053;LGTCON03050;LGTCON03049;LGTCON03048;LGTCON03047;LGTCON03045;LGTCON02839;LGTCON02842;LGTCON02843;LGTCON02844;LGTCON02845;LGTCON02846,reachable,
LGTNET00271,LGTFIT00013,,unclassified_fitting,LGTLT01902,LGTCON03044;LGTCON03042;LGTCON03043;LGTCON03053;LGTCON03050;LGTCON03049;LGTCON03048;LGTCON03047;LGTCON03045;LGTCON02839;LGTCON02842;LGTCON02843;LGTCON02844;LGTCON02845,reachable,
LGTNET00271,LGTFIT00013,,unclassified_fitting,LGTLT01903,LGTCON03044;LGTCON03042;LGTCON03043;LGTCON03053;LGTCON03050;LGTCON03049;LGTCON03048;LGTCON03047;LGTCON03045;LGTCON02839;LGTCON02842;LGTCON02843;LGTCON02844,reachable,
LGTNET00271,LGTFIT00013,,unclassified_fitting,LGTLT02517,LGTCON03044;LGTCON03042;LGTCON03043;LGTCON03053;LGTCON03050;LGTCON03049,reachable,
LGTNET00271,LGTFIT00013,,unclassified_fitting,LGTLT02518,LGTCON03044;LGTCON03042;LGTCON03043;LGTCON03053;LGTCON03050,reachable,
LGTNET00271,LGTFIT00013,,unclassified_fitting,LGTLT02519,LGTCON03044;LGTCON03042;LGTCON03043;LGTCON03053;LGTCON03051,reachable,
LGTNET00271,LGTFIT00013,,unclassified_fitting,LGTLT02520,LGTCON03044;LGTCON03042;LGTCON03043;LGTCON03053;LGTCON03051;LGTCON03052,reachable,
LGTNET00271,LGTFIT00013,,unclassified_fitting,LGTLT02521,LGTCON03044;LGTCON03042;LGTCON03043,reachable,
LGTNET00271,LGTFIT00013,,unclassified_fitting,LGTLT02522,LGTCON03044;LGTCON03042,reachable,
LGTNET00271,LGTFIT00013,,unclassified_fitting,LGTLT02523,LGTCON03044,reachable,
LGTNET00271,LGTFIT00013,,unclassified_fitting,LGTLT02524,LGTCON03044;LGTCON03042;LGTCON03043;LGTCON03053;LGTCON03050;LGTCON03049;LGTCON03048,reachable,
LGTNET00271,LGTFIT00013,,unclassified_fitting,LGTLT02947,LGTCON03044;LGTCON03042;LGTCON03043;LGTCON03053;LGTCON03050;LGTCON03049;LGTCON03048;LGTCON03047;LGTCON03045;LGTCON02839;LGTCON02838;LGTCON02833;LGTCON02834;LGTCON02835;LGTCON02836;LGTCON02837,reachable,
LGTNET00271,LGTFIT00013,,unclassified_fitting,LGTLT02948,LGTCON03044;LGTCON03042;LGTCON03043;LGTCON03053;LGTCON03050;LGTCON03049;LGTCON03048;LGTCON03047;LGTCON03045;LGTCON02839;LGTCON02838;LGTCON02832;LGTCON02831;LGTCON02830;LGTCON02829;LGTCON02828,reachable,
LGTNET00271,LGTFIT00078,,unclassified_fitting,LGTLT00163,,unreachable,
LGTNET00271,LGTFIT00078,,unclassified_fitting,LGTLT00164,,unreachable,
LGTNET00271,LGTFIT00078,,unclassified_fitting,LGTLT00165,,unreachable,
LGTNET00271,LGTFIT00078,,unclassified_fitting,LGTLT00166,,unreachable,
LGTNET00271,LGTFIT00078,,unclassified_fitting,LGTLT00167,,unreachable,
LGTNET00271,LGTFIT00078,,unclassified_fitting,LGTLT00168,,unreachable,
LGTNET00271,LGTFIT00078,,unclassified_fitting,LGTLT00169,,unreachable,
LGTNET00271,LGTFIT00078,,unclassified_fitting,LGTLT00170,,unreachable,
LGTNET00271,LGTFIT00078,,unclassified_fitting,LGTLT00171,,unreachable,
LGTNET00271,LGTFIT00078,,unclassified_fitting,LGTLT01894,,unreachable,
LGTNET00271,LGTFIT00078,,unclassified_fitting,LGTLT01895,,unreachable,
LGTNET00271,LGTFIT00078,,unclassified_fitting,LGTLT01896,,unreachable,
LGTNET00271,LGTFIT00078,,unclassified_fitting,LGTLT01897,,unreachable,
LGTNET00271,LGTFIT00078,,unclassified_fitting,LGTLT01898,LGTCON02854;LGTCON02848,reachable,
LGTNET00271,LGTFIT00078,,unclassified_fitting,LGTLT01899,LGTCON02854,reachable,
LGTNET00271,LGTFIT00078,,unclassified_fitting,LGTLT01900,,unreachable,
LGTNET00271,LGTFIT00078,,unclassified_fitting,LGTLT01901,,unreachable,
LGTNET00271,LGTFIT00078,,unclassified_fitting,LGTLT01902,,unreachable,
LGTNET00271,LGTFIT00078,,unclassified_fitting,LGTLT01903,,unreachable,
LGTNET00271,LGTFIT00078,,unclassified_fitting,LGTLT02517,,unreachable,
LGTNET00271,LGTFIT00078,,unclassified_fitting,LGTLT02518,,unreachable,
LGTNET00271,LGTFIT00078,,unclassified_fitting,LGTLT02519,,unreachable,
LGTNET00271,LGTFIT00078,,unclassified_fitting,LGTLT02520,,unreachable,
LGTNET00271,LGTFIT00078,,unclassified_fitting,LGTLT02521,,unreachable,
LGTNET00271,LGTFIT00078,,unclassified_fitting,LGTLT02522,,unreachable,
LGTNET00271,LGTFIT00078,,unclassified_fitting,LGTLT02523,,unreachable,
LGTNET00271,LGTFIT00078,,unclassified_fitting,LGTLT02524,,unreachable,
LGTNET00271,LGTFIT00078,,unclassified_fitting,LGTLT02947,,unreachable,
LGTNET00271,LGTFIT00078,,unclassified_fitting,LGTLT02948,,unreachable,
LGTNET00271,LGTFIT01215,service_box,explicit,LGTLT00163,LGTCON02840;LGTCON02839;LGTCON02838;LGTCON02832;LGTCON02831;LGTCON02830,reachable,
LGTNET00271,LGTFIT01215,service_box,explicit,LGTLT00164,LGTCON02840;LGTCON02839;LGTCON02838;LGTCON02833;LGTCON02834;LGTCON02835,reachable,
LGTNET00271,LGTFIT01215,service_box,explicit,LGTLT00165,LGTCON02840;LGTCON02839;LGTCON02838;LGTCON02832;LGTCON02831,reachable,
LGTNET00271,LGTFIT01215,service_box,explicit,LGTLT00166,LGTCON02840;LGTCON02839;LGTCON02838;LGTCON02833,reachable,
LGTNET00271,LGTFIT01215,service_box,explicit,LGTLT00167,LGTCON02840;LGTCON02839;LGTCON02838;LGTCON02832,reachable,
LGTNET00271,LGTFIT01215,service_box,explicit,LGTLT00168,LGTCON02840,reachable,
LGTNET00271,LGTFIT01215,service_box,explicit,LGTLT00169,LGTCON02840;LGTCON02839;LGTCON02842,reachable,
LGTNET00271,LGTFIT01215,service_box,explicit,LGTLT00170,LGTCON02840;LGTCON03045;LGTCON02841;LGTCON03046,reachable,
LGTNET00271,LGTFIT01215,service_box,explicit,LGTLT00171,LGTCON02840;LGTCON02839;LGTCON02842;LGTCON02843,reachable,
LGTNET00271,LGTFIT01215,service_box,explicit,LGTLT01894,LGTCON02840;LGTCON03045;LGTCON02841;LGTCON03046;LGTCON02853,reachable,
LGTNET00271,LGTFIT01215,service_box,explicit,LGTLT01895,LGTCON02840;LGTCON03045;LGTCON02841;LGTCON03046;LGTCON02853;LGTCON02852,reachable,
LGTNET00271,LGTFIT01215,service_box,explicit,LGTLT01896,LGTCON02840;LGTCON03045;LGTCON02841;LGTCON03046;LGTCON02853;LGTCON02852;LGTCON02851,reachable,
LGTNET00271,LGTFIT01215,service_box,explicit,LGTLT01897,LGTCON02840;LGTCON03045;LGTCON02841;LGTCON03046;LGTCON02853;LGTCON02852;LGTCON02851;LGTCON02850,reachable,
LGTNET00271,LGTFIT01215,service_box,explicit,LGTLT01898,,unreachable,
LGTNET00271,LGTFIT01215,service_box,explicit,LGTLT01899,,unreachable,
LGTNET00271,LGTFIT01215,service_box,explicit,LGTLT01900,LGTCON02840;LGTCON02839;LGTCON02842;LGTCON02843;LGTCON02844;LGTCON02845;LGTCON02846;LGTCON02847,reachable,
LGTNET00271,LGTFIT01215,service_box,explicit,LGTLT01901,LGTCON02840;LGTCON02839;LGTCON02842;LGTCON02843;LGTCON02844;LGTCON02845;LGTCON02846,reachable,
LGTNET00271,LGTFIT01215,service_box,explicit,LGTLT01902,LGTCON02840;LGTCON02839;LGTCON02842;LGTCON02843;LGTCON02844;LGTCON02845,reachable,
LGTNET00271,LGTFIT01215,service_box,explicit,LGTLT01903,LGTCON02840;LGTCON02839;LGTCON02842;LGTCON02843;LGTCON02844,reachable,
LGTNET00271,LGTFIT01215,service_box,explicit,LGTLT02517,LGTCON02840;LGTCON03045;LGTCON03047;LGTCON03048,reachable,
LGTNET00271,LGTFIT01215,service_box,explicit,LGTLT02518,LGTCON02840;LGTCON03045;LGTCON03047;LGTCON03048;LGTCON03049,reachable,
LGTNET00271,LGTFIT01215,service_box,explicit,LGTLT02519,LGTCON02840;LGTCON03045;LGTCON03047;LGTCON03048;LGTCON03049;LGTCON03050;LGTCON03051,reachable,
LGTNET00271,LGTFIT01215,service_box,explicit,LGTLT02520,LGTCON02840;LGTCON03045;LGTCON03047;LGTCON03048;LGTCON03049;LGTCON03050;LGTCON03051;LGTCON03052,reachable,
LGTNET00271,LGTFIT01215,service_box,explicit,LGTLT02521,LGTCON02840;LGTCON03045;LGTCON03047;LGTCON03048;LGTCON03049;LGTCON03050;LGTCON03053,reachable,
LGTNET00271,LGTFIT01215,service_box,explicit,LGTLT02522,LGTCON02840;LGTCON03045;LGTCON03047;LGTCON03048;LGTCON03049;LGTCON03050;LGTCON03053;LGTCON03043,reachable,
LGTNET00271,LGTFIT01215,service_box,explicit,LGTLT02523,LGTCON02840;LGTCON03045;LGTCON03047;LGTCON03048;LGTCON03049;LGTCON03050;LGTCON03053;LGTCON03043;LGTCON03042,reachable,
LGTNET00271,LGTFIT01215,service_box,explicit,LGTLT02524,LGTCON02840;LGTCON03045;LGTCON03047,reachable,
LGTNET00271,LGTFIT01215,service_box,explicit,LGTLT02947,LGTCON02840;LGTCON02839;LGTCON02838;LGTCON02833;LGTCON02834;LGTCON02835;LGTCON02836;LGTCON02837,reachable,
LGTNET00271,LGTFIT01215,service_box,explicit,LGTLT02948,LGTCON02840;LGTCON02839;LGTCON02838;LGTCON02832;LGTCON02831;LGTCON02830;LGTCON02829;LGTCON02828,reachable,
LGTNET00272,LGTFIT00544,,unclassified_fitting,LGTLT02316,LGTCON01394,reachable,
LGTNET00272,LGTFIT00544,,unclassified_fitting,LGTLT02317,LGTCON01392,reachable,
LGTNET00272,LGTFIT00544,,unclassified_fitting,LGTLT02318,LGTCON01393,reachable,
LGTNET00273,LGTFIT01144,service_box,explicit,LGTLT02333,LGTCON01334;LGTCON01335,reachable,
LGTNET00273,LGTFIT01144,service_box,explicit,LGTLT02334,,unreachable,
LGTNET00273,LGTFIT01144,service_box,explicit,LGTLT02335,LGTCON01334;LGTCON01336,reachable,
LGTNET00273,LGTFIT01144,service_box,explicit,LGTLT02336,LGTCON01334,reachable,
LGTNET00273,LGTFIT01144,service_box,explicit,LGTLT02337,,unreachable,
LGTNET00273,LGTFIT01144,service_box,explicit,LGTLT02338,,unreachable,
LGTNET00274,LGTFIT01164,service_box,explicit,LGTLT02160,LGTCON00346;LGTCON00345;LGTCON00344,reachable,
LGTNET00274,LGTFIT01164,service_box,explicit,LGTLT02161,LGTCON00346;LGTCON00345,reachable,
LGTNET00274,LGTFIT01164,service_box,explicit,LGTLT02162,LGTCON00346,reachable,
LGTNET00275,LGTFIT01010,,unclassified_fitting,LGTLT01535,LGTCON03815,reachable,
LGTNET00275,LGTFIT01010,,unclassified_fitting,LGTLT02934,LGTCON03815;LGTCON03624,reachable,
LGTNET00276,LGTFIT00238,,unclassified_fitting,LGTLT00611,LGTCON00056,reachable,
LGTNET00276,LGTFIT00238,,unclassified_fitting,LGTLT00612,LGTCON00055,reachable,
LGTNET00276,LGTFIT00238,,unclassified_fitting,LGTLT01531,LGTCON00054,reachable,
LGTNET00277,LGTFIT01023,,unclassified_fitting,LGTLT01343,LGTCON00099,reachable,
LGTNET00278,LGTFIT00251,,unclassified_fitting,LGTLT01340,LGTCON00098;LGTCON00096;LGTCON00095,reachable,
LGTNET00278,LGTFIT00251,,unclassified_fitting,LGTLT01341,LGTCON00098;LGTCON00097,reachable,
LGTNET00278,LGTFIT00251,,unclassified_fitting,LGTLT01342,LGTCON00093;LGTCON00092,reachable,
LGTNET00278,LGTFIT00251,,unclassified_fitting,LGTLT01351,LGTCON00094,reachable,
LGTNET00279,LGTFIT00258,,unclassified_fitting,LGTLT01345,LGTCON00110;LGTCON00109,reachable,
LGTNET00279,LGTFIT00258,,unclassified_fitting,LGTLT01346,LGTCON00107,reachable,
LGTNET00279,LGTFIT00258,,unclassified_fitting,LGTLT01347,LGTCON00108,reachable,
LGTNET00280,LGTFIT00255,,unclassified_fitting,LGTLT01344,LGTCON00106;LGTCON00101,reachable,
LGTNET00280,LGTFIT00255,,unclassified_fitting,LGTLT01348,LGTCON00106;LGTCON00104;LGTCON00103;LGTCON00102,reachable,
LGTNET00280,LGTFIT00255,,unclassified_fitting,LGTLT01349,LGTCON00106;LGTCON00101;LGTCON00100,reachable,
LGTNET00280,LGTFIT00255,,unclassified_fitting,LGTLT01350,LGTCON00105,reachable,
LGTNET00281,LGTFIT01108,service_box,explicit,LGTLT02138,LGTCON00307,reachable,
LGTNET00281,LGTFIT01108,service_box,explicit,LGTLT02139,LGTCON00307;LGTCON00306;LGTCON00305,reachable,
LGTNET00281,LGTFIT01108,service_box,explicit,LGTLT02140,LGTCON00307;LGTCON00306;LGTCON00304,reachable,
LGTNET00282,LGTFIT00246,,unclassified_fitting,LGTLT01339,LGTCON00083;LGTCON00085,reachable,
LGTNET00282,LGTFIT00246,,unclassified_fitting,LGTLT01691,LGTCON00083;LGTCON00082;LGTCON00081;LGTCON00079;LGTCON00078,reachable,
LGTNET00282,LGTFIT00246,,unclassified_fitting,LGTLT01692,LGTCON00084,reachable,
LGTNET00282,LGTFIT00246,,unclassified_fitting,LGTLT01693,LGTCON00086,reachable,
LGTNET00282,LGTFIT00246,,unclassified_fitting,LGTLT01694,LGTCON00083;LGTCON00082;LGTCON00081;LGTCON00080,reachable,
LGTNET00283,LGTFIT00250,,unclassified_fitting,LGTLT01695,LGTCON00088;LGTCON00090,reachable,
LGTNET00283,LGTFIT00250,,unclassified_fitting,LGTLT01696,LGTCON00087,reachable,
LGTNET00283,LGTFIT00250,,unclassified_fitting,LGTLT02798,,unreachable,
LGTNET00284,LGTFIT00185,,unclassified_fitting,LGTLT02022,LGTCON01008;LGTCON01009;LGTCON01010;LGTCON01014;LGTCON01012;LGTCON01013,reachable,
LGTNET00284,LGTFIT00185,,unclassified_fitting,LGTLT02023,LGTCON01008;LGTCON01009;LGTCON01010;LGTCON01015,reachable,
LGTNET00284,LGTFIT00185,,unclassified_fitting,LGTLT02024,LGTCON01008;LGTCON01009;LGTCON01017;LGTCON01016,reachable,
LGTNET00284,LGTFIT00185,,unclassified_fitting,LGTLT02025,LGTCON01008;LGTCON01009;LGTCON01017;LGTCON01018;LGTCON01020;LGTCON01019,reachable,
LGTNET00284,LGTFIT00185,,unclassified_fitting,LGTLT02026,LGTCON01008;LGTCON01009;LGTCON01017;LGTCON01018;LGTCON01020;LGTCON01021,reachable,
LGTNET00284,LGTFIT00185,,unclassified_fitting,LGTLT02027,LGTCON01008;LGTCON01009;LGTCON01010;LGTCON01014;LGTCON01011,reachable,
LGTNET00284,LGTFIT00185,,unclassified_fitting,LGTLT02028,LGTCON01008;LGTCON01009;LGTCON01017;LGTCON01018,reachable,
LGTNET00284,LGTFIT00185,,unclassified_fitting,LGTLT02029,LGTCON01008,reachable,
LGTNET00286,LGTFIT01098,service_box,assumed,LGTLT01652,LGTCON01554,reachable,
LGTNET00286,LGTFIT01098,service_box,assumed,LGTLT01653,LGTCON01554;LGTCON01555,reachable,
LGTNET00287,LGTFIT00542,,unclassified_fitting,LGTLT01569,LGTCON01380;LGTCON01384;LGTCON01381;LGTCON01382,reachable,
LGTNET00287,LGTFIT00542,,unclassified_fitting,LGTLT01570,LGTCON01380;LGTCON01384;LGTCON01381;LGTCON01382;LGTCON01383,reachable,
LGTNET00287,LGTFIT00542,,unclassified_fitting,LGTLT01571,LGTCON01380;LGTCON01384;LGTCON01381;LGTCON01385,reachable,
LGTNET00287,LGTFIT00542,,unclassified_fitting,LGTLT01572,LGTCON01380;LGTCON01384;LGTCON01381;LGTCON01385;LGTCON01386,reachable,
LGTNET00287,LGTFIT00542,,unclassified_fitting,LGTLT01573,LGTCON01380;LGTCON01384;LGTCON01381;LGTCON01385;LGTCON01386;LGTCON01387,reachable,
LGTNET00287,LGTFIT00542,,unclassified_fitting,LGTLT01574,LGTCON01380;LGTCON01384;LGTCON01381;LGTCON01385;LGTCON01386;LGTCON01387;LGTCON01388,reachable,
LGTNET00287,LGTFIT00542,,unclassified_fitting,LGTLT01575,LGTCON01380;LGTCON01384;LGTCON01381;LGTCON01385;LGTCON01386;LGTCON01387;LGTCON01388;LGTCON01389,reachable,
LGTNET00287,LGTFIT00542,,unclassified_fitting,LGTLT01576,LGTCON01380;LGTCON01384,reachable,
LGTNET00287,LGTFIT00542,,unclassified_fitting,LGTLT01577,LGTCON01380,reachable,
LGTNET00287,LGTFIT00542,,unclassified_fitting,LGTLT01578,LGTCON01379,reachable,
LGTNET00287,LGTFIT00542,,unclassified_fitting,LGTLT01579,LGTCON01379;LGTCON01378,reachable,
LGTNET00288,LGTFIT00100,,unclassified_fitting,LGTLT02360,LGTCON01121;LGTCON01120;LGTCON01119;LGTCON01118,reachable,
LGTNET00288,LGTFIT00100,,unclassified_fitting,LGTLT02361,LGTCON01121;LGTCON01120;LGTCON01119;LGTCON01117,reachable,
LGTNET00288,LGTFIT00100,,unclassified_fitting,LGTLT02362,LGTCON01121;LGTCON01120,reachable,
LGTNET00288,LGTFIT00100,,unclassified_fitting,LGTLT02363,LGTCON01121;LGTCON01122;LGTCON01124;LGTCON01125,reachable,
LGTNET00288,LGTFIT00100,,unclassified_fitting,LGTLT02364,LGTCON01121;LGTCON01122;LGTCON01124;LGTCON01126;LGTCON01127;LGTCON01131;LGTCON01130,reachable,
LGTNET00288,LGTFIT00100,,unclassified_fitting,LGTLT02365,LGTCON01121;LGTCON01122;LGTCON01124;LGTCON01126;LGTCON01127;LGTCON01131;LGTCON01129,reachable,
LGTNET00288,LGTFIT00100,,unclassified_fitting,LGTLT02366,LGTCON01121;LGTCON01122;LGTCON01124;LGTCON01126;LGTCON01127;LGTCON01128,reachable,
LGTNET00288,LGTFIT00100,,unclassified_fitting,LGTLT02367,LGTCON01121;LGTCON01122;LGTCON01124;LGTCON01126,reachable,
LGTNET00288,LGTFIT00100,,unclassified_fitting,LGTLT02368,LGTCON01121;LGTCON01122,reachable,
LGTNET00288,LGTFIT00100,,unclassified_fitting,LGTLT02369,,unreachable,
LGTNET00288,LGTFIT00100,,unclassified_fitting,LGTLT02626,LGTCON01121;LGTCON01120;LGTCON01119;LGTCON01118;LGTCON03766,reachable,
LGTNET00288,LGTFIT01172,service_box,explicit,LGTLT02360,LGTCON01123;LGTCON01122;LGTCON01120;LGTCON01119;LGTCON01118,reachable,
LGTNET00288,LGTFIT01172,service_box,explicit,LGTLT02361,LGTCON01123;LGTCON01122;LGTCON01120;LGTCON01119;LGTCON01117,reachable,
LGTNET00288,LGTFIT01172,service_box,explicit,LGTLT02362,LGTCON01123;LGTCON01122;LGTCON01120,reachable,
LGTNET00288,LGTFIT01172,service_box,explicit,LGTLT02363,LGTCON01123;LGTCON01124;LGTCON01125,reachable,
LGTNET00288,LGTFIT01172,service_box,explicit,LGTLT02364,LGTCON01123;LGTCON01124;LGTCON01126;LGTCON01127;LGTCON01131;LGTCON01130,reachable,
LGTNET00288,LGTFIT01172,service_box,explicit,LGTLT02365,LGTCON01123;LGTCON01124;LGTCON01126;LGTCON01127;LGTCON01131;LGTCON01129,reachable,
LGTNET00288,LGTFIT01172,service_box,explicit,LGTLT02366,LGTCON01123;LGTCON01124;LGTCON01126;LGTCON01127;LGTCON01128,reachable,
LGTNET00288,LGTFIT01172,service_box,explicit,LGTLT02367,LGTCON01123;LGTCON01124;LGTCON01126,reachable,
LGTNET00288,LGTFIT01172,service_box,explicit,LGTLT02368,LGTCON01123,reachable,
LGTNET00288,LGTFIT01172,service_box,explicit,LGTLT02369,,unreachable,
LGTNET00288,LGTFIT01172,service_box,explicit,LGTLT02626,LGTCON01123;LGTCON01122;LGTCON01120;LGTCON01119;LGTCON01118;LGTCON03766,reachable,
LGTNET00289,LGTFIT01134,service_box,explicit,LGTLT01915,LGTCON01078,reachable,
LGTNET00289,LGTFIT01134,service_box,explicit,LGTLT02746,LGTCON01078;LGTCON01079;LGTCON03794,reachable,
LGTNET00289,LGTFIT01134,service_box,explicit,LGTLT02747,LGTCON01078;LGTCON01079;LGTCON03581,reachable,
LGTNET00290,LGTFIT01171,service_box,explicit,LGTLT00145,LGTCON01098;LGTCON01099;LGTCON01102;LGTCON01103;LGTCON01104,reachable,
LGTNET00290,LGTFIT01171,service_box,explicit,LGTLT00146,LGTCON01098;LGTCON01099;LGTCON01102;LGTCON01103;LGTCON01104;LGTCON01105;LGTCON01106,reachable,
LGTNET00290,LGTFIT01171,service_box,explicit,LGTLT00147,LGTCON01098;LGTCON01099;LGTCON01102;LGTCON01103;LGTCON01104;LGTCON01105;LGTCON01107,reachable,
LGTNET00290,LGTFIT01171,service_box,explicit,LGTLT00148,LGTCON01098;LGTCON01099;LGTCON01102;LGTCON01103;LGTCON01104;LGTCON01105;LGTCON01107;LGTCON01108,reachable,
LGTNET00290,LGTFIT01171,service_box,explicit,LGTLT01536,LGTCON01098;LGTCON01099;LGTCON01097,reachable,
LGTNET00290,LGTFIT01171,service_box,explicit,LGTLT01537,LGTCON01098,reachable,
LGTNET00290,LGTFIT01171,service_box,explicit,LGTLT01538,,unreachable,
LGTNET00290,LGTFIT01171,service_box,explicit,LGTLT01539,LGTCON01098;LGTCON01100,reachable,
LGTNET00290,LGTFIT01171,service_box,explicit,LGTLT01540,,unreachable,
LGTNET00290,LGTFIT01171,service_box,explicit,LGTLT01541,LGTCON01098;LGTCON01099;LGTCON01102,reachable,
LGTNET00290,LGTFIT01171,service_box,explicit,LGTLT01542,LGTCON01098;LGTCON01099;LGTCON01102;LGTCON01103;LGTCON01116;LGTCON01115,reachable,
LGTNET00290,LGTFIT01171,service_box,explicit,LGTLT01543,LGTCON01098;LGTCON01099;LGTCON01102;LGTCON01103;LGTCON01116;LGTCON01114,reachable,
LGTNET00290,LGTFIT01171,service_box,explicit,LGTLT01544,LGTCON01098;LGTCON01099;LGTCON01102;LGTCON01103;LGTCON01116;LGTCON01114;LGTCON01113;LGTCON01112,reachable,
LGTNET00290,LGTFIT01171,service_box,explicit,LGTLT01545,LGTCON01098;LGTCON01099;LGTCON01102;LGTCON01103;LGTCON01116;LGTCON01114;LGTCON01113;LGTCON01111,reachable,
LGTNET00290,LGTFIT01171,service_box,explicit,LGTLT01546,LGTCON01098;LGTCON01099;LGTCON01102;LGTCON01103;LGTCON01116;LGTCON01114;LGTCON01113;LGTCON01111;LGTCON01110,reachable,
LGTNET00291,LGTFIT00125,,unclassified_fitting,LGTLT02949,LGTCON03643,reachable,
LGTNET00291,LGTFIT00970,,unclassified_fitting,LGTLT02949,LGTCON03637,reachable,
LGTNET00292,LGTFIT01111,service_box,explicit,LGTLT00218,LGTCON02019;LGTCON02020,reachable,
LGTNET00292,LGTFIT01111,service_box,explicit,LGTLT00219,LGTCON02019,reachable,
LGTNET00292,LGTFIT01111,service_box,explicit,LGTLT02357,LGTCON02019;LGTCON02021,reachable,
LGTNET00292,LGTFIT01111,service_box,explicit,LGTLT02358,LGTCON02019;LGTCON02021;LGTCON00948,reachable,
LGTNET00292,LGTFIT01111,service_box,explicit,LGTLT02359,LGTCON02019;LGTCON02021;LGTCON00948;LGTCON01444,reachable,
LGTNET00293,LGTFIT01122,service_box,explicit,LGTLT02490,LGTCON01280,reachable,
LGTNET00293,LGTFIT01122,service_box,explicit,LGTLT02491,LGTCON01280;LGTCON01281,reachable,
LGTNET00294,LGTFIT01246,service_box,explicit,LGTLT02095,LGTCON00353,reachable,
LGTNET00294,LGTFIT01246,service_box,explicit,LGTLT02096,LGTCON00353;LGTCON00248;LGTCON00249,reachable,
LGTNET00294,LGTFIT01246,service_box,explicit,LGTLT02097,LGTCON00353;LGTCON00248;LGTCON00250;LGTCON00251,reachable,
LGTNET00294,LGTFIT01246,service_box,explicit,LGTLT02098,LGTCON00353;LGTCON00248;LGTCON00250;LGTCON00251;LGTCON00253;LGTCON03783,reachable,
LGTNET00294,LGTFIT01246,service_box,explicit,LGTLT02099,LGTCON00353;LGTCON00248;LGTCON00250;LGTCON00251;LGTCON00253;LGTCON00254,reachable,
LGTNET00294,LGTFIT01246,service_box,explicit,LGTLT02952,LGTCON00353;LGTCON00248;LGTCON00250,reachable,
LGTNET00295,LGTFIT01179,service_box,explicit,LGTLT02149,LGTCON01183,reachable,
LGTNET00297,LGTFIT01249,service_box,explicit,LGTLT01547,LGTCON00264;LGTCON00265;LGTCON00266;LGTCON00267;LGTCON00269;LGTCON00271;LGTCON03784;LGTCON00272;LGTCON00275;LGTCON00273,reachable,
LGTNET00297,LGTFIT01249,service_box,explicit,LGTLT01548,LGTCON00264;LGTCON00265;LGTCON00266;LGTCON00267;LGTCON00269;LGTCON00271;LGTCON03784;LGTCON00272;LGTCON00275;LGTCON00274,reachable,
LGTNET00297,LGTFIT01249,service_box,explicit,LGTLT01549,LGTCON00264;LGTCON00265;LGTCON00266;LGTCON00267;LGTCON00269;LGTCON00271;LGTCON03784;LGTCON00272,reachable,
LGTNET00297,LGTFIT01249,service_box,explicit,LGTLT01550,LGTCON00264;LGTCON00265;LGTCON00266;LGTCON00267;LGTCON00269;LGTCON00271;LGTCON00270,reachable,
LGTNET00297,LGTFIT01249,service_box,explicit,LGTLT01551,LGTCON00264;LGTCON00265;LGTCON00266;LGTCON00267;LGTCON00269,reachable,
LGTNET00297,LGTFIT01249,service_box,explicit,LGTLT01552,LGTCON00264;LGTCON00265;LGTCON00266;LGTCON00267;LGTCON00268,reachable,
LGTNET00297,LGTFIT01249,service_box,explicit,LGTLT01553,LGTCON00264;LGTCON00265;LGTCON00266,reachable,
LGTNET00297,LGTFIT01249,service_box,explicit,LGTLT02100,LGTCON00264,reachable,
LGTNET00297,LGTFIT01249,service_box,explicit,LGTLT02101,LGTCON00264;LGTCON00265;LGTCON03533,reachable,
LGTNET00298,LGTFIT01245,service_box,explicit,LGTLT02088,LGTCON00240;LGTCON00247;LGTCON00245;LGTCON00246;LGTCON00243,reachable,
LGTNET00298,LGTFIT01245,service_box,explicit,LGTLT02089,LGTCON00240;LGTCON00247;LGTCON00244,reachable,
LGTNET00298,LGTFIT01245,service_box,explicit,LGTLT02090,LGTCON00240;LGTCON00241,reachable,
LGTNET00298,LGTFIT01245,service_box,explicit,LGTLT02091,LGTCON00240;LGTCON00239,reachable,
LGTNET00298,LGTFIT01245,service_box,explicit,LGTLT02092,LGTCON00240,reachable,
LGTNET00298,LGTFIT01245,service_box,explicit,LGTLT02093,LGTCON00240;LGTCON00247;LGTCON00245,reachable,
LGTNET00298,LGTFIT01245,service_box,explicit,LGTLT02094,LGTCON00240;LGTCON00247;LGTCON00245;LGTCON00246;LGTCON00242,reachable,
LGTNET00299,LGTFIT00159,,unclassified_fitting,LGTLT01139,LGTCON02667;LGTCON02666;LGTCON02665;LGTCON02664;LGTCON02663,reachable,
LGTNET00299,LGTFIT00159,,unclassified_fitting,LGTLT01140,LGTCON02667;LGTCON02666;LGTCON02665;LGTCON02664,reachable,
LGTNET00299,LGTFIT00159,,unclassified_fitting,LGTLT01141,LGTCON02667;LGTCON02666;LGTCON02665,reachable,
LGTNET00299,LGTFIT00159,,unclassified_fitting,LGTLT01142,LGTCON02667;LGTCON02666,reachable,
LGTNET00299,LGTFIT00159,,unclassified_fitting,LGTLT01143,LGTCON02667,reachable,
LGTNET00300,LGTFIT00203,,unclassified_fitting,LGTLT01101,LGTCON02178;LGTCON02177;LGTCON02175;LGTCON02173;LGTCON02172;LGTCON02170;LGTCON02169;LGTCON02167;LGTCON02616;LGTCON02617;LGTCON03620,reachable,
LGTNET00300,LGTFIT00203,,unclassified_fitting,LGTLT01102,LGTCON02178;LGTCON02177;LGTCON02175;LGTCON02173;LGTCON02172;LGTCON02170;LGTCON02169;LGTCON02167;LGTCON02616,reachable,
LGTNET00300,LGTFIT00203,,unclassified_fitting,LGTLT01166,LGTCON02178;LGTCON02177,reachable,
LGTNET00300,LGTFIT00203,,unclassified_fitting,LGTLT01167,LGTCON02178;LGTCON02177;LGTCON02175;LGTCON02174,reachable,
LGTNET00300,LGTFIT00203,,unclassified_fitting,LGTLT01168,LGTCON02178;LGTCON02177;LGTCON02175;LGTCON02173;LGTCON02172;LGTCON02171,reachable,
LGTNET00300,LGTFIT00203,,unclassified_fitting,LGTLT01169,LGTCON02178;LGTCON02177;LGTCON02175;LGTCON02173;LGTCON02172;LGTCON02170;LGTCON02169;LGTCON02168,reachable,
LGTNET00300,LGTFIT00203,,unclassified_fitting,LGTLT01170,LGTCON02178;LGTCON02177;LGTCON02175;LGTCON02173;LGTCON02172;LGTCON02170,reachable,
LGTNET00300,LGTFIT00203,,unclassified_fitting,LGTLT01171,LGTCON02178;LGTCON02177;LGTCON02175;LGTCON02173,reachable,
LGTNET00300,LGTFIT01074,service_box,assumed,LGTLT01101,LGTCON02176;LGTCON02172;LGTCON02170;LGTCON02169;LGTCON02167;LGTCON02616;LGTCON02617;LGTCON03620,reachable,
LGTNET00300,LGTFIT01074,service_box,assumed,LGTLT01102,LGTCON02176;LGTCON02172;LGTCON02170;LGTCON02169;LGTCON02167;LGTCON02616,reachable,
LGTNET00300,LGTFIT01074,service_box,assumed,LGTLT01166,LGTCON02176;LGTCON02173;LGTCON02175,reachable,
LGTNET00300,LGTFIT01074,service_box,assumed,LGTLT01167,LGTCON02176;LGTCON02173;LGTCON02174,reachable,
LGTNET00300,LGTFIT01074,service_box,assumed,LGTLT01168,LGTCON02176;LGTCON02172;LGTCON02171,reachable,
LGTNET00300,LGTFIT01074,service_box,assumed,LGTLT01169,LGTCON02176;LGTCON02172;LGTCON02170;LGTCON02169;LGTCON02168,reachable,
LGTNET00300,LGTFIT01074,service_box,assumed,LGTLT01170,LGTCON02176;LGTCON02172;LGTCON02170,reachable,
LGTNET00300,LGTFIT01074,service_box,assumed,LGTLT01171,LGTCON02176,reachable,
LGTNET00301,LGTFIT00620,,unclassified_fitting,LGTLT01088,LGTCON03459,reachable,
LGTNET00301,LGTFIT00620,,unclassified_fitting,LGTLT01089,LGTCON03459;LGTCON03458,reachable,
LGTNET00301,LGTFIT00620,,unclassified_fitting,LGTLT01090,LGTCON03459;LGTCON03458;LGTCON03457;LGTCON02626;LGTCON02628;LGTCON02629,reachable,
LGTNET00301,LGTFIT00620,,unclassified_fitting,LGTLT01091,LGTCON03459;LGTCON03458;LGTCON03457;LGTCON02626;LGTCON02628,reachable,
LGTNET00301,LGTFIT00620,,unclassified_fitting,LGTLT01092,LGTCON03456;LGTCON03455;LGTCON03454;LGTCON03453,reachable,
LGTNET00301,LGTFIT00620,,unclassified_fitting,LGTLT01093,LGTCON03456;LGTCON03455;LGTCON03454;LGTCON03453;LGTCON02625,reachable,
LGTNET00301,LGTFIT00620,,unclassified_fitting,LGTLT01094,LGTCON03459;LGTCON03458;LGTCON03457;LGTCON02626;LGTCON02623,reachable,
LGTNET00301,LGTFIT00620,,unclassified_fitting,LGTLT01095,LGTCON03459;LGTCON03458;LGTCON03457,reachable,
LGTNET00301,LGTFIT00620,,unclassified_fitting,LGTLT01096,LGTCON03459;LGTCON03458;LGTCON03457;LGTCON02626;LGTCON02622,reachable,
LGTNET00301,LGTFIT00620,,unclassified_fitting,LGTLT01097,LGTCON03459;LGTCON03458;LGTCON03457;LGTCON02626;LGTCON02622;LGTCON02620,reachable,
LGTNET00301,LGTFIT00620,,unclassified_fitting,LGTLT01098,LGTCON03459;LGTCON03458;LGTCON03457;LGTCON02626;LGTCON02622;LGTCON02620;LGTCON02619,reachable,
LGTNET00301,LGTFIT00620,,unclassified_fitting,LGTLT01099,LGTCON03459;LGTCON03458;LGTCON03457;LGTCON02626;LGTCON02622;LGTCON02620;LGTCON02619;LGTCON02618,reachable,
LGTNET00301,LGTFIT00620,,unclassified_fitting,LGTLT01100,LGTCON03459;LGTCON03458;LGTCON03457;LGTCON02626;LGTCON02622;LGTCON02620;LGTCON02619;LGTCON02618;LGTCON02615,reachable,
LGTNET00301,LGTFIT00620,,unclassified_fitting,LGTLT02552,LGTCON03456,reachable,
LGTNET00301,LGTFIT00620,,unclassified_fitting,LGTLT02553,LGTCON03456;LGTCON03455,reachable,
LGTNET00301,LGTFIT00620,,unclassified_fitting,LGTLT02554,LGTCON03456;LGTCON03455;LGTCON03454,reachable,
LGTNET00301,LGTFIT01235,service_box,assumed,LGTLT01088,LGTCON02621;LGTCON02622;LGTCON02626;LGTCON03457;LGTCON03458,reachable,
LGTNET00301,LGTFIT01235,service_box,assumed,LGTLT01089,LGTCON02621;LGTCON02622;LGTCON02626;LGTCON03457,reachable,
LGTNET00301,LGTFIT01235,service_box,assumed,LGTLT01090,LGTCON02621;LGTCON02622;LGTCON02628;LGTCON02629,reachable,
LGTNET00301,LGTFIT01235,service_box,assumed,LGTLT01091,LGTCON02621;LGTCON02622;LGTCON02628,reachable,
LGTNET00301,LGTFIT01235,service_box,assumed,LGTLT01092,LGTCON02621;LGTCON02622;LGTCON02623;LGTCON02624;LGTCON02625,reachable,
LGTNET00301,LGTFIT01235,service_box,assumed,LGTLT01093,LGTCON02621;LGTCON02622;LGTCON02623;LGTCON02624,reachable,
LGTNET00301,LGTFIT01235,service_box,assumed,LGTLT01094,LGTCON02621;LGTCON02622;LGTCON02623,reachable,
LGTNET00301,LGTFIT01235,service_box,assumed,LGTLT01095,LGTCON02621;LGTCON02622;LGTCON02626,reachable,
LGTNET00301,LGTFIT01235,service_box,assumed,LGTLT01096,LGTCON02621,reachable,
LGTNET00301,LGTFIT01235,service_box,assumed,LGTLT01097,LGTCON02621;LGTCON02620,reachable,
LGTNET00301,LGTFIT01235,service_box,assumed,LGTLT01098,LGTCON02621;LGTCON02620;LGTCON02619,reachable,
LGTNET00301,LGTFIT01235,service_box,assumed,LGTLT01099,LGTCON02621;LGTCON02620;LGTCON02619;LGTCON02618,reachable,
LGTNET00301,LGTFIT01235,service_box,assumed,LGTLT01100,LGTCON02621;LGTCON02620;LGTCON02619;LGTCON02618;LGTCON02615,reachable,
LGTNET00301,LGTFIT01235,service_box,assumed,LGTLT02552,LGTCON02621;LGTCON02622;LGTCON02626;LGTCON03457;LGTCON03458;LGTCON03459;LGTCON03456,reachable,
LGTNET00301,LGTFIT01235,service_box,assumed,LGTLT02553,LGTCON02621;LGTCON02622;LGTCON02623;LGTCON02624;LGTCON02625;LGTCON03453;LGTCON03454,reachable,
LGTNET00301,LGTFIT01235,service_box,assumed,LGTLT02554,LGTCON02621;LGTCON02622;LGTCON02623;LGTCON02624;LGTCON02625;LGTCON03453,reachable,
LGTNET00303,LGTFIT00178,,unclassified_fitting,LGTLT02388,LGTCON00881;LGTCON00882,reachable,
LGTNET00303,LGTFIT00178,,unclassified_fitting,LGTLT02389,LGTCON00881;LGTCON00880,reachable,
LGTNET00303,LGTFIT00178,,unclassified_fitting,LGTLT02390,LGTCON00881;LGTCON00884;LGTCON00885;LGTCON00887;LGTCON00888,reachable,
LGTNET00303,LGTFIT00178,,unclassified_fitting,LGTLT02391,LGTCON00881;LGTCON00884;LGTCON00885;LGTCON00887;LGTCON00886,reachable,
LGTNET00303,LGTFIT00178,,unclassified_fitting,LGTLT02392,LGTCON00881;LGTCON00884;LGTCON00885;LGTCON00883,reachable,
LGTNET00303,LGTFIT00178,,unclassified_fitting,LGTLT02937,LGTCON00881;LGTCON00884,reachable,
LGTNET00303,LGTFIT00179,,unclassified_fitting,LGTLT02388,LGTCON00901;LGTCON00887;LGTCON00885;LGTCON00884;LGTCON00882,reachable,
LGTNET00303,LGTFIT00179,,unclassified_fitting,LGTLT02389,LGTCON00901;LGTCON00887;LGTCON00885;LGTCON00884;LGTCON00880,reachable,
LGTNET00303,LGTFIT00179,,unclassified_fitting,LGTLT02390,LGTCON00901;LGTCON00888,reachable,
LGTNET00303,LGTFIT00179,,unclassified_fitting,LGTLT02391,LGTCON00901;LGTCON00886,reachable,
LGTNET00303,LGTFIT00179,,unclassified_fitting,LGTLT02392,LGTCON00901;LGTCON00887;LGTCON00883,reachable,
LGTNET00303,LGTFIT00179,,unclassified_fitting,LGTLT02937,LGTCON00901;LGTCON00887;LGTCON00885,reachable,
LGTNET00304,LGTFIT00458,,unclassified_fitting,LGTLT00201,LGTCON00939,reachable,
LGTNET00304,LGTFIT00458,,unclassified_fitting,LGTLT00202,,unreachable,
LGTNET00304,LGTFIT00458,,unclassified_fitting,LGTLT00203,,unreachable,
LGTNET00304,LGTFIT00458,,unclassified_fitting,LGTLT00204,LGTCON00938;LGTCON00937;LGTCON00936,reachable,
LGTNET00304,LGTFIT00458,,unclassified_fitting,LGTLT00205,LGTCON00938;LGTCON00937;LGTCON00935,reachable,
LGTNET00304,LGTFIT00458,,unclassified_fitting,LGTLT00206,LGTCON00938;LGTCON00944;LGTCON00929;LGTCON00934;LGTCON00933,reachable,
LGTNET00304,LGTFIT00458,,unclassified_fitting,LGTLT00207,LGTCON00938;LGTCON00944,reachable,
LGTNET00304,LGTFIT01046,,unclassified_fitting,LGTLT00201,,unreachable,
LGTNET00304,LGTFIT01046,,unclassified_fitting,LGTLT00202,LGTCON00947;LGTCON00942;LGTCON00941;LGTCON00940,reachable,
LGTNET00304,LGTFIT01046,,unclassified_fitting,LGTLT00203,LGTCON00947,reachable,
LGTNET00304,LGTFIT01046,,unclassified_fitting,LGTLT00204,,unreachable,
LGTNET00304,LGTFIT01046,,unclassified_fitting,LGTLT00205,,unreachable,
LGTNET00304,LGTFIT01046,,unclassified_fitting,LGTLT00206,,unreachable,
LGTNET00304,LGTFIT01046,,unclassified_fitting,LGTLT00207,,unreachable,
LGTNET00305,LGTFIT00199,,unclassified_fitting,LGTLT00208,LGTCON01556,reachable,
LGTNET00305,LGTFIT00199,,unclassified_fitting,LGTLT00209,LGTCON01556;LGTCON00928;LGTCON00932;LGTCON00926,reachable,
LGTNET00305,LGTFIT00199,,unclassified_fitting,LGTLT00210,LGTCON01556;LGTCON00928;LGTCON00932;LGTCON00927;LGTCON00930,reachable,
LGTNET00305,LGTFIT00199,,unclassified_fitting,LGTLT00211,LGTCON01556;LGTCON00928;LGTCON00932;LGTCON00927;LGTCON00925;LGTCON00924,reachable,
LGTNET00305,LGTFIT00199,,unclassified_fitting,LGTLT00212,LGTCON01556;LGTCON00928;LGTCON00932;LGTCON00927;LGTCON00930;LGTCON00931,reachable,
LGTNET00305,LGTFIT00199,,unclassified_fitting,LGTLT00213,LGTCON01556;LGTCON00928;LGTCON00932;LGTCON00927;LGTCON00930;LGTCON00931;LGTCON00923;LGTCON00922,reachable,
LGTNET00306,LGTFIT00104,,unclassified_fitting,LGTLT01186,LGTCON02713;LGTCON02710;LGTCON02711,reachable,
LGTNET00306,LGTFIT00104,,unclassified_fitting,LGTLT01187,LGTCON02713;LGTCON02710,reachable,
LGTNET00306,LGTFIT00104,,unclassified_fitting,LGTLT01188,LGTCON02713,reachable,
LGTNET00307,LGTFIT00108,,unclassified_fitting,LGTLT01176,LGTCON02121;LGTCON02114;LGTCON02661;LGTCON02113,reachable,
LGTNET00307,LGTFIT00108,,unclassified_fitting,LGTLT01177,LGTCON02121;LGTCON02114;LGTCON02661,reachable,
LGTNET00307,LGTFIT00108,,unclassified_fitting,LGTLT01178,LGTCON02121,reachable,
LGTNET00307,LGTFIT00108,,unclassified_fitting,LGTLT01179,LGTCON02121;LGTCON02115,reachable,
LGTNET00307,LGTFIT00108,,unclassified_fitting,LGTLT01180,LGTCON02121;LGTCON02115;LGTCON02116,reachable,
LGTNET00307,LGTFIT00108,,unclassified_fitting,LGTLT01181,LGTCON02121;LGTCON02115;LGTCON02116;LGTCON02117,reachable,
LGTNET00307,LGTFIT00108,,unclassified_fitting,LGTLT01182,LGTCON02121;LGTCON02115;LGTCON02116;LGTCON02117;LGTCON02118,reachable,
LGTNET00307,LGTFIT00108,,unclassified_fitting,LGTLT01183,LGTCON02121;LGTCON02115;LGTCON02116;LGTCON02117;LGTCON02118;LGTCON02119,reachable,
LGTNET00307,LGTFIT00108,,unclassified_fitting,LGTLT01184,LGTCON02121;LGTCON02115;LGTCON02116;LGTCON02117;LGTCON02118;LGTCON02119;LGTCON02122,reachable,
LGTNET00307,LGTFIT00108,,unclassified_fitting,LGTLT01185,LGTCON02121;LGTCON02115;LGTCON02116;LGTCON02117;LGTCON02118;LGTCON02119;LGTCON02122;LGTCON02123,reachable,
LGTNET00307,LGTFIT00108,,unclassified_fitting,LGTLT02547,LGTCON02121;LGTCON02115;LGTCON02116;LGTCON02117;LGTCON02118;LGTCON02119;LGTCON02122;LGTCON02124;LGTCON03744;LGTCON03745;LGTCON03746,reachable,
LGTNET00307,LGTFIT00108,,unclassified_fitting,LGTLT02548,LGTCON02121;LGTCON02115;LGTCON02116;LGTCON02117;LGTCON02118;LGTCON02119;LGTCON02122;LGTCON02124;LGTCON03744,reachable,
LGTNET00307,LGTFIT00108,,unclassified_fitting,LGTLT02549,LGTCON02121;LGTCON02115;LGTCON02116;LGTCON02117;LGTCON02118;LGTCON02119;LGTCON02122;LGTCON02124,reachable,
LGTNET00307,LGTFIT00108,,unclassified_fitting,LGTLT02550,LGTCON02121;LGTCON02115;LGTCON02116;LGTCON02117;LGTCON02118;LGTCON02119;LGTCON02122;LGTCON02124;LGTCON03744;LGTCON03745,reachable,
LGTNET00307,LGTFIT00108,,unclassified_fitting,LGTLT02551,LGTCON02121;LGTCON02115;LGTCON02116;LGTCON02117;LGTCON02118;LGTCON02119;LGTCON02122;LGTCON02124;LGTCON03744;LGTCON03745;LGTCON03746;LGTCON03747,reachable,
LGTNET00307,LGTFIT01073,service_box,assumed,LGTLT01176,LGTCON02120;LGTCON02117;LGTCON02116;LGTCON02115;LGTCON02114;LGTCON02661;LGTCON02113,reachable,
LGTNET00307,LGTFIT01073,service_box,assumed,LGTLT01177,LGTCON02120;LGTCON02117;LGTCON02116;LGTCON02115;LGTCON02114;LGTCON02661,reachable,
LGTNET00307,LGTFIT01073,service_box,assumed,LGTLT01178,LGTCON02120;LGTCON02117;LGTCON02116;LGTCON02115,reachable,
LGTNET00307,LGTFIT01073,service_box,assumed,LGTLT01179,LGTCON02120;LGTCON02117;LGTCON02116,reachable,
LGTNET00307,LGTFIT01073,service_box,assumed,LGTLT01180,LGTCON02120;LGTCON02117,reachable,
LGTNET00307,LGTFIT01073,service_box,assumed,LGTLT01181,LGTCON02120,reachable,
LGTNET00307,LGTFIT01073,service_box,assumed,LGTLT01182,LGTCON02120;LGTCON02118,reachable,
LGTNET00307,LGTFIT01073,service_box,assumed,LGTLT01183,LGTCON02120;LGTCON02118;LGTCON02119,reachable,
LGTNET00307,LGTFIT01073,service_box,assumed,LGTLT01184,LGTCON02120;LGTCON02118;LGTCON02119;LGTCON02122,reachable,
LGTNET00307,LGTFIT01073,service_box,assumed,LGTLT01185,LGTCON02120;LGTCON02118;LGTCON02119;LGTCON02122;LGTCON02123,reachable,
LGTNET00307,LGTFIT01073,service_box,assumed,LGTLT02547,LGTCON02120;LGTCON02118;LGTCON02119;LGTCON02122;LGTCON02124;LGTCON03744;LGTCON03745;LGTCON03746,reachable,
LGTNET00307,LGTFIT01073,service_box,assumed,LGTLT02548,LGTCON02120;LGTCON02118;LGTCON02119;LGTCON02122;LGTCON02124;LGTCON03744,reachable,
LGTNET00307,LGTFIT01073,service_box,assumed,LGTLT02549,LGTCON02120;LGTCON02118;LGTCON02119;LGTCON02122;LGTCON02124,reachable,
LGTNET00307,LGTFIT01073,service_box,assumed,LGTLT02550,LGTCON02120;LGTCON02118;LGTCON02119;LGTCON02122;LGTCON02124;LGTCON03744;LGTCON03745,reachable,
LGTNET00307,LGTFIT01073,service_box,assumed,LGTLT02551,LGTCON02120;LGTCON02118;LGTCON02119;LGTCON02122;LGTCON02124;LGTCON03744;LGTCON03745;LGTCON03746;LGTCON03747,reachable,
LGTNET00308,LGTFIT00181,,unclassified_fitting,LGTLT02353,LGTCON00914;LGTCON00916;LGTCON00918,reachable,
LGTNET00308,LGTFIT00181,,unclassified_fitting,LGTLT02354,LGTCON00914;LGTCON00916;LGTCON00919;LGTCON00920;LGTCON00921,reachable,
LGTNET00308,LGTFIT00181,,unclassified_fitting,LGTLT02355,LGTCON00914;LGTCON00916;LGTCON00917,reachable,
LGTNET00308,LGTFIT00181,,unclassified_fitting,LGTLT02356,LGTCON00914;LGTCON00915,reachable,
LGTNET00308,LGTFIT00182,,unclassified_fitting,LGTLT02353,LGTCON00912;LGTCON00918,reachable,
LGTNET00308,LGTFIT00182,,unclassified_fitting,LGTLT02354,LGTCON00912;LGTCON00919;LGTCON00920;LGTCON00921,reachable,
LGTNET00308,LGTFIT00182,,unclassified_fitting,LGTLT02355,LGTCON00912;LGTCON00917,reachable,
LGTNET00308,LGTFIT00182,,unclassified_fitting,LGTLT02356,LGTCON00912;LGTCON00916;LGTCON00915,reachable,
LGTNET00308,LGTFIT00536,,unclassified_fitting,LGTLT02353,LGTCON00913;LGTCON00918,reachable,
LGTNET00308,LGTFIT00536,,unclassified_fitting,LGTLT02354,LGTCON00913;LGTCON00919;LGTCON00920;LGTCON00921,reachable,
LGTNET00308,LGTFIT00536,,unclassified_fitting,LGTLT02355,LGTCON00913;LGTCON00917,reachable,
LGTNET00308,LGTFIT00536,,unclassified_fitting,LGTLT02356,LGTCON00913;LGTCON00916;LGTCON00915,reachable,
LGTNET00309,LGTFIT00069,,unclassified_fitting,LGTLT00214,LGTCON02027;LGTCON02024;LGTCON02023;LGTCON02022,reachable,
LGTNET00309,LGTFIT00069,,unclassified_fitting,LGTLT00215,LGTCON02027;LGTCON02024,reachable,
LGTNET00309,LGTFIT00069,,unclassified_fitting,LGTLT00216,LGTCON02027;LGTCON02026,reachable,
LGTNET00309,LGTFIT00069,,unclassified_fitting,LGTLT00217,LGTCON02027;LGTCON02026;LGTCON02025,reachable,
LGTNET00309,LGTFIT00069,,unclassified_fitting,LGTLT00220,LGTCON02027;LGTCON02024;LGTCON02023;LGTCON01279,reachable,
LGTNET00311,LGTFIT00581,,unclassified_fitting,LGTLT02457,LGTCON01698,reachable,
LGTNET00311,LGTFIT00581,,unclassified_fitting,LGTLT02458,LGTCON01697;LGTCON01696;LGTCON01695,reachable,
LGTNET00311,LGTFIT00581,,unclassified_fitting,LGTLT02459,LGTCON01697;LGTCON01696;LGTCON01694,reachable,
LGTNET00311,LGTFIT00581,,unclassified_fitting,LGTLT02460,LGTCON01697;LGTCON01696;LGTCON01694;LGTCON01699,reachable,
LGTNET00311,LGTFIT00581,,unclassified_fitting,LGTLT02461,LGTCON01697;LGTCON01696;LGTCON01694;LGTCON01699;LGTCON01700,reachable,
LGTNET00311,LGTFIT00581,,unclassified_fitting,LGTLT02462,LGTCON01697;LGTCON01696;LGTCON01694;LGTCON01699;LGTCON01700;LGTCON01701,reachable,
LGTNET00311,LGTFIT00581,,unclassified_fitting,LGTLT02463,LGTCON01697,reachable,
LGTNET00312,LGTFIT00012,,unclassified_fitting,LGTLT01077,LGTCON03041;LGTCON00627;LGTCON00628;LGTCON00630;LGTCON00629,reachable,
LGTNET00312,LGTFIT00012,,unclassified_fitting,LGTLT01078,LGTCON03041;LGTCON00627,reachable,
LGTNET00312,LGTFIT00012,,unclassified_fitting,LGTLT02575,LGTCON03041;LGTCON00627;LGTCON00628,reachable,
LGTNET00312,LGTFIT00012,,unclassified_fitting,LGTLT02576,LGTCON03041;LGTCON00627;LGTCON00628;LGTCON00634,reachable,
LGTNET00312,LGTFIT00012,,unclassified_fitting,LGTLT02577,LGTCON03041;LGTCON00627;LGTCON00628;LGTCON00634;LGTCON00633,reachable,
LGTNET00313,LGTFIT00162,,unclassified_fitting,LGTLT02578,LGTCON00632,reachable,
LGTNET00313,LGTFIT00162,,unclassified_fitting,LGTLT02810,LGTCON00632;LGTCON00631,reachable,
LGTNET00314,LGTFIT00160,,unclassified_fitting,LGTLT00274,LGTCON00609,reachable,
LGTNET00314,LGTFIT00160,,unclassified_fitting,LGTLT00275,LGTCON00609;LGTCON00607;LGTCON00604;LGTCON00608,reachable,
LGTNET00314,LGTFIT00160,,unclassified_fitting,LGTLT00276,LGTCON00609;LGTCON00607,reachable,
LGTNET00314,LGTFIT00160,,unclassified_fitting,LGTLT00277,LGTCON00609;LGTCON00607;LGTCON00604;LGTCON00605,reachable,
LGTNET00314,LGTFIT00160,,unclassified_fitting,LGTLT00278,LGTCON00609;LGTCON00607;LGTCON00603,reachable,
LGTNET00314,LGTFIT00160,,unclassified_fitting,LGTLT00279,LGTCON00609;LGTCON00607;LGTCON00604;LGTCON00605;LGTCON00606,reachable,
LGTNET00314,LGTFIT00160,,unclassified_fitting,LGTLT00280,LGTCON00609;LGTCON00607;LGTCON00603;LGTCON00602,reachable,
LGTNET00314,LGTFIT00161,,unclassified_fitting,LGTLT00274,LGTCON00610;LGTCON00608;LGTCON00604;LGTCON00607,reachable,
LGTNET00314,LGTFIT00161,,unclassified_fitting,LGTLT00275,LGTCON00610,reachable,
LGTNET00314,LGTFIT00161,,unclassified_fitting,LGTLT00276,LGTCON00610;LGTCON00608;LGTCON00604,reachable,
LGTNET00314,LGTFIT00161,,unclassified_fitting,LGTLT00277,LGTCON00610;LGTCON00608;LGTCON00605,reachable,
LGTNET00314,LGTFIT00161,,unclassified_fitting,LGTLT00278,LGTCON00610;LGTCON00608;LGTCON00604;LGTCON00603,reachable,
LGTNET00314,LGTFIT00161,,unclassified_fitting,LGTLT00279,LGTCON00610;LGTCON00608;LGTCON00605;LGTCON00606,reachable,
LGTNET00314,LGTFIT00161,,unclassified_fitting,LGTLT00280,LGTCON00610;LGTCON00608;LGTCON00604;LGTCON00603;LGTCON00602,reachable,
LGTNET00317,LGTFIT00166,,unclassified_fitting,LGTLT00034,LGTCON00675;LGTCON00673,reachable,
LGTNET00317,LGTFIT00337,,unclassified_fitting,LGTLT00034,LGTCON00672;LGTCON00674,reachable,
LGTNET00318,LGTFIT00330,,unclassified_fitting,LGTLT00027,,unreachable,
LGTNET00318,LGTFIT00330,,unclassified_fitting,LGTLT00028,LGTCON00663,reachable,
LGTNET00318,LGTFIT00330,,unclassified_fitting,LGTLT02778,LGTCON00663;LGTCON00664;LGTCON00661,reachable,
LGTNET00318,LGTFIT00331,,unclassified_fitting,LGTLT00027,LGTCON00665;LGTCON00662,reachable,
LGTNET00318,LGTFIT00331,,unclassified_fitting,LGTLT00028,,unreachable,
LGTNET00318,LGTFIT00331,,unclassified_fitting,LGTLT02778,,unreachable,
LGTNET00319,LGTFIT00926,,unclassified_fitting,LGTLT02639,LGTCON03361;LGTCON03362;LGTCON03363;LGTCON03364;LGTCON03365;LGTCON03366;LGTCON03367;LGTCON03368;LGTCON03369,reachable,
LGTNET00319,LGTFIT00926,,unclassified_fitting,LGTLT02694,LGTCON03361;LGTCON03362;LGTCON03363;LGTCON03364;LGTCON03365;LGTCON03366;LGTCON03367,reachable,
LGTNET00319,LGTFIT00926,,unclassified_fitting,LGTLT02715,LGTCON03361,reachable,
LGTNET00319,LGTFIT00926,,unclassified_fitting,LGTLT02716,LGTCON03361;LGTCON03362;LGTCON03363,reachable,
LGTNET00319,LGTFIT00926,,unclassified_fitting,LGTLT02726,LGTCON03361;LGTCON03362;LGTCON03363;LGTCON03364;LGTCON03365;LGTCON03366;LGTCON03367;LGTCON03368;LGTCON03369;LGTCON03370;LGTCON03371,reachable,
LGTNET00319,LGTFIT00926,,unclassified_fitting,LGTLT02902,LGTCON03361;LGTCON03362;LGTCON03363;LGTCON03364;LGTCON03365;LGTCON03366;LGTCON03367;LGTCON03368,reachable,
LGTNET00319,LGTFIT00926,,unclassified_fitting,LGTLT02903,LGTCON03361;LGTCON03362;LGTCON03363;LGTCON03364;LGTCON03365;LGTCON03366,reachable,
LGTNET00319,LGTFIT00926,,unclassified_fitting,LGTLT02904,LGTCON03361;LGTCON03362;LGTCON03363;LGTCON03364,reachable,
LGTNET00320,LGTFIT00165,,unclassified_fitting,LGTLT00029,LGTCON00666;LGTCON00667,reachable,
LGTNET00320,LGTFIT00165,,unclassified_fitting,LGTLT00030,LGTCON00666;LGTCON00667;LGTCON00668;LGTCON00669,reachable,
LGTNET00320,LGTFIT00165,,unclassified_fitting,LGTLT00031,LGTCON00666;LGTCON00667;LGTCON00668;LGTCON00669;LGTCON00670,reachable,
LGTNET00320,LGTFIT00165,,unclassified_fitting,LGTLT00066,LGTCON00666,reachable,
LGTNET00320,LGTFIT00165,,unclassified_fitting,LGTLT02640,LGTCON00666;LGTCON00667;LGTCON00668;LGTCON00669;LGTCON00670;LGTCON00671;LGTCON03793;LGTCON03792;LGTCON03791;LGTCON03790,reachable,
LGTNET00320,LGTFIT00165,,unclassified_fitting,LGTLT02641,LGTCON00666;LGTCON00667;LGTCON00668;LGTCON00669;LGTCON00670;LGTCON00671,reachable,
LGTNET00320,LGTFIT00165,,unclassified_fitting,LGTLT02899,LGTCON00666;LGTCON00667;LGTCON00668;LGTCON00669;LGTCON00670;LGTCON00671;LGTCON03793;LGTCON03792;LGTCON03791,reachable,
LGTNET00320,LGTFIT00165,,unclassified_fitting,LGTLT02900,LGTCON00666;LGTCON00667;LGTCON00668;LGTCON00669;LGTCON00670;LGTCON00671;LGTCON03793;LGTCON03792,reachable,
LGTNET00320,LGTFIT00165,,unclassified_fitting,LGTLT02901,LGTCON00666;LGTCON00667;LGTCON00668;LGTCON00669;LGTCON00670;LGTCON00671;LGTCON03793,reachable,
LGTNET00321,LGTFIT00409,,unclassified_fitting,LGTLT00004,LGTCON00827;LGTCON00717;LGTCON00718;LGTCON00719;LGTCON00720;LGTCON00721;LGTCON00722;LGTCON00724,reachable,
LGTNET00321,LGTFIT00409,,unclassified_fitting,LGTLT00041,LGTCON00827;LGTCON00717;LGTCON00718,reachable,
LGTNET00321,LGTFIT00409,,unclassified_fitting,LGTLT00042,LGTCON00827;LGTCON00717;LGTCON00718;LGTCON00719,reachable,
LGTNET00321,LGTFIT00409,,unclassified_fitting,LGTLT00043,LGTCON00827;LGTCON00717;LGTCON00718;LGTCON00719;LGTCON00720,reachable,
LGTNET00321,LGTFIT00409,,unclassified_fitting,LGTLT02774,LGTCON00827;LGTCON00717;LGTCON00718;LGTCON00719;LGTCON00720;LGTCON00721;LGTCON00722;LGTCON00723,reachable,
LGTNET00321,LGTFIT00409,,unclassified_fitting,LGTLT04962,LGTCON00827;LGTCON00717;LGTCON00718;LGTCON00719;LGTCON00720;LGTCON00721;LGTCON00722;LGTCON00724;LGTCON00725,reachable,
LGTNET00321,LGTFIT00409,,unclassified_fitting,LGTLT04963,LGTCON00827;LGTCON00717;LGTCON00718;LGTCON00719;LGTCON00720;LGTCON00721;LGTCON00722;LGTCON00724;LGTCON00725;LGTCON03958,reachable,
LGTNET00321,LGTFIT01268,,unclassified_fitting,LGTLT00004,LGTCON03957;LGTCON03958;LGTCON00725,reachable,
LGTNET00321,LGTFIT01268,,unclassified_fitting,LGTLT00041,LGTCON03957;LGTCON03958;LGTCON00725;LGTCON00724;LGTCON00722;LGTCON00721;LGTCON00720;LGTCON00719,reachable,
LGTNET00321,LGTFIT01268,,unclassified_fitting,LGTLT00042,LGTCON03957;LGTCON03958;LGTCON00725;LGTCON00724;LGTCON00722;LGTCON00721;LGTCON00720,reachable,
LGTNET00321,LGTFIT01268,,unclassified_fitting,LGTLT00043,LGTCON03957;LGTCON03958;LGTCON00725;LGTCON00724;LGTCON00722;LGTCON00721,reachable,
LGTNET00321,LGTFIT01268,,unclassified_fitting,LGTLT02774,LGTCON03957;LGTCON03958;LGTCON00725;LGTCON00724;LGTCON00723,reachable,
LGTNET00321,LGTFIT01268,,unclassified_fitting,LGTLT04962,LGTCON03957;LGTCON03958,reachable,
LGTNET00321,LGTFIT01268,,unclassified_fitting,LGTLT04963,LGTCON03957,reachable,
LGTNET00322,LGTFIT00354,,unclassified_fitting,LGTLT00005,,unreachable,
LGTNET00322,LGTFIT00354,,unclassified_fitting,LGTLT00006,,unreachable,
LGTNET00322,LGTFIT00354,,unclassified_fitting,LGTLT00007,,unreachable,
LGTNET00322,LGTFIT00354,,unclassified_fitting,LGTLT00008,,unreachable,
LGTNET00322,LGTFIT00354,,unclassified_fitting,LGTLT00009,,unreachable,
LGTNET00322,LGTFIT00354,,unclassified_fitting,LGTLT00010,LGTCON00732;LGTCON00738;LGTCON00733,reachable,
LGTNET00322,LGTFIT00354,,unclassified_fitting,LGTLT00011,LGTCON00732;LGTCON00738,reachable,
LGTNET00322,LGTFIT00354,,unclassified_fitting,LGTLT00012,LGTCON00732;LGTCON00737,reachable,
LGTNET00322,LGTFIT00354,,unclassified_fitting,LGTLT02775,,unreachable,
LGTNET00322,LGTFIT00413,,unclassified_fitting,LGTLT00005,,unreachable,
LGTNET00322,LGTFIT00413,,unclassified_fitting,LGTLT00006,,unreachable,
LGTNET00322,LGTFIT00413,,unclassified_fitting,LGTLT00007,,unreachable,
LGTNET00322,LGTFIT00413,,unclassified_fitting,LGTLT00008,,unreachable,
LGTNET00322,LGTFIT00413,,unclassified_fitting,LGTLT00009,,unreachable,
LGTNET00322,LGTFIT00413,,unclassified_fitting,LGTLT00010,LGTCON00735;LGTCON00736;LGTCON00737;LGTCON00738;LGTCON00733,reachable,
LGTNET00322,LGTFIT00413,,unclassified_fitting,LGTLT00011,LGTCON00735;LGTCON00736;LGTCON00737;LGTCON00738,reachable,
LGTNET00322,LGTFIT00413,,unclassified_fitting,LGTLT00012,LGTCON00735;LGTCON00736,reachable,
LGTNET00322,LGTFIT00413,,unclassified_fitting,LGTLT02775,,unreachable,
LGTNET00322,LGTFIT00415,,unclassified_fitting,LGTLT00005,LGTCON00726,reachable,
LGTNET00322,LGTFIT00415,,unclassified_fitting,LGTLT00006,LGTCON00726;LGTCON00727,reachable,
LGTNET00322,LGTFIT00415,,unclassified_fitting,LGTLT00007,LGTCON00726;LGTCON00727;LGTCON00728,reachable,
LGTNET00322,LGTFIT00415,,unclassified_fitting,LGTLT00008,LGTCON00726;LGTCON00727;LGTCON00728;LGTCON00729,reachable,
LGTNET00322,LGTFIT00415,,unclassified_fitting,LGTLT00009,LGTCON00726;LGTCON00727;LGTCON00728;LGTCON00729;LGTCON00730;LGTCON00731,reachable,
LGTNET00322,LGTFIT00415,,unclassified_fitting,LGTLT00010,,unreachable,
LGTNET00322,LGTFIT00415,,unclassified_fitting,LGTLT00011,,unreachable,
LGTNET00322,LGTFIT00415,,unclassified_fitting,LGTLT00012,,unreachable,
LGTNET00322,LGTFIT00415,,unclassified_fitting,LGTLT02775,LGTCON03667;LGTCON03666,reachable,
LGTNET00323,LGTFIT00164,,unclassified_fitting,LGTLT00013,LGTCON00660;LGTCON00659;LGTCON00658,reachable,
LGTNET00323,LGTFIT00164,,unclassified_fitting,LGTLT00014,LGTCON00660;LGTCON00659,reachable,
LGTNET00323,LGTFIT00164,,unclassified_fitting,LGTLT00015,LGTCON00660,reachable,
LGTNET00324,LGTFIT00163,,unclassified_fitting,LGTLT00016,LGTCON00635;LGTCON00636;LGTCON03785;LGTCON00637;LGTCON00638;LGTCON00639;LGTCON00640;LGTCON00642;LGTCON00643;LGTCON00644;LGTCON00646;LGTCON00647;LGTCON00648;LGTCON00649,reachable,
LGTNET00324,LGTFIT00163,,unclassified_fitting,LGTLT00017,LGTCON00635;LGTCON00636;LGTCON03785;LGTCON00637;LGTCON00638;LGTCON00639;LGTCON00640;LGTCON00642;LGTCON00643;LGTCON00644;LGTCON00646;LGTCON00647;LGTCON00648,reachable,
LGTNET00324,LGTFIT00163,,unclassified_fitting,LGTLT00018,LGTCON00635;LGTCON00636;LGTCON03785;LGTCON00637;LGTCON00638;LGTCON00639;LGTCON00640;LGTCON00642;LGTCON00643;LGTCON00644;LGTCON00646;LGTCON00647,reachable,
LGTNET00324,LGTFIT00163,,unclassified_fitting,LGTLT00019,LGTCON00635;LGTCON00636;LGTCON03785;LGTCON00637;LGTCON00638;LGTCON00639;LGTCON00640;LGTCON00642;LGTCON00643;LGTCON00644;LGTCON00646,reachable,
LGTNET00324,LGTFIT00163,,unclassified_fitting,LGTLT00020,LGTCON00635;LGTCON00636;LGTCON03785;LGTCON00637;LGTCON00638;LGTCON00639;LGTCON00640;LGTCON00642;LGTCON00643,reachable,
LGTNET00324,LGTFIT00163,,unclassified_fitting,LGTLT00021,LGTCON00635;LGTCON00636;LGTCON03785;LGTCON00637;LGTCON00638;LGTCON00639,reachable,
LGTNET00324,LGTFIT00163,,unclassified_fitting,LGTLT00022,LGTCON00635;LGTCON00636;LGTCON03785;LGTCON00637;LGTCON00638,reachable,
LGTNET00324,LGTFIT00163,,unclassified_fitting,LGTLT00023,LGTCON00635;LGTCON00636;LGTCON03785;LGTCON00637,reachable,
LGTNET00324,LGTFIT00163,,unclassified_fitting,LGTLT00024,LGTCON00635;LGTCON00636,reachable,
LGTNET00324,LGTFIT00163,,unclassified_fitting,LGTLT00025,LGTCON00635,reachable,
LGTNET00324,LGTFIT00163,,unclassified_fitting,LGTLT00026,LGTCON00635;LGTCON00636;LGTCON03785;LGTCON03765,reachable,
LGTNET00324,LGTFIT00163,,unclassified_fitting,LGTLT02941,LGTCON00635;LGTCON00636;LGTCON03785;LGTCON00637;LGTCON00638;LGTCON00639;LGTCON00640;LGTCON00641,reachable,
LGTNET00324,LGTFIT00324,,unclassified_fitting,LGTLT00016,LGTCON00645;LGTCON00646;LGTCON00647;LGTCON00648;LGTCON00649,reachable,
LGTNET00324,LGTFIT00324,,unclassified_fitting,LGTLT00017,LGTCON00645;LGTCON00646;LGTCON00647;LGTCON00648,reachable,
LGTNET00324,LGTFIT00324,,unclassified_fitting,LGTLT00018,LGTCON00645;LGTCON00646;LGTCON00647,reachable,
LGTNET00324,LGTFIT00324,,unclassified_fitting,LGTLT00019,LGTCON00645;LGTCON00646,reachable,
LGTNET00324,LGTFIT00324,,unclassified_fitting,LGTLT00020,LGTCON00645;LGTCON00644,reachable,
LGTNET00324,LGTFIT00324,,unclassified_fitting,LGTLT00021,LGTCON00645;LGTCON00644;LGTCON00643;LGTCON00642;LGTCON00640,reachable,
LGTNET00324,LGTFIT00324,,unclassified_fitting,LGTLT00022,LGTCON00645;LGTCON00644;LGTCON00643;LGTCON00642;LGTCON00640;LGTCON00639,reachable,
LGTNET00324,LGTFIT00324,,unclassified_fitting,LGTLT00023,LGTCON00645;LGTCON00644;LGTCON00643;LGTCON00642;LGTCON00640;LGTCON00639;LGTCON00638,reachable,
LGTNET00324,LGTFIT00324,,unclassified_fitting,LGTLT00024,LGTCON00645;LGTCON00644;LGTCON00643;LGTCON00642;LGTCON00640;LGTCON00639;LGTCON00638;LGTCON00637;LGTCON03785,reachable,
LGTNET00324,LGTFIT00324,,unclassified_fitting,LGTLT00025,LGTCON00645;LGTCON00644;LGTCON00643;LGTCON00642;LGTCON00640;LGTCON00639;LGTCON00638;LGTCON00637;LGTCON03785;LGTCON00636,reachable,
LGTNET00324,LGTFIT00324,,unclassified_fitting,LGTLT00026,LGTCON00645;LGTCON00644;LGTCON00643;LGTCON00642;LGTCON00640;LGTCON00639;LGTCON00638;LGTCON00637;LGTCON03765,reachable,
LGTNET00324,LGTFIT00324,,unclassified_fitting,LGTLT02941,LGTCON00645;LGTCON00644;LGTCON00643;LGTCON00642;LGTCON00641,reachable,
LGTNET00324,LGTFIT00329,,unclassified_fitting,LGTLT00016,LGTCON00650,reachable,
LGTNET00324,LGTFIT00329,,unclassified_fitting,LGTLT00017,LGTCON00650;LGTCON00649,reachable,
LGTNET00324,LGTFIT00329,,unclassified_fitting,LGTLT00018,LGTCON00650;LGTCON00649;LGTCON00648,reachable,
LGTNET00324,LGTFIT00329,,unclassified_fitting,LGTLT00019,LGTCON00650;LGTCON00649;LGTCON00648;LGTCON00647,reachable,
LGTNET00324,LGTFIT00329,,unclassified_fitting,LGTLT00020,LGTCON00650;LGTCON00649;LGTCON00648;LGTCON00647;LGTCON00646;LGTCON00644,reachable,
LGTNET00324,LGTFIT00329,,unclassified_fitting,LGTLT00021,LGTCON00650;LGTCON00649;LGTCON00648;LGTCON00647;LGTCON00646;LGTCON00644;LGTCON00643;LGTCON00642;LGTCON00640,reachable,
LGTNET00324,LGTFIT00329,,unclassified_fitting,LGTLT00022,LGTCON00650;LGTCON00649;LGTCON00648;LGTCON00647;LGTCON00646;LGTCON00644;LGTCON00643;LGTCON00642;LGTCON00640;LGTCON00639,reachable,
LGTNET00324,LGTFIT00329,,unclassified_fitting,LGTLT00023,LGTCON00650;LGTCON00649;LGTCON00648;LGTCON00647;LGTCON00646;LGTCON00644;LGTCON00643;LGTCON00642;LGTCON00640;LGTCON00639;LGTCON00638,reachable,
LGTNET00324,LGTFIT00329,,unclassified_fitting,LGTLT00024,LGTCON00650;LGTCON00649;LGTCON00648;LGTCON00647;LGTCON00646;LGTCON00644;LGTCON00643;LGTCON00642;LGTCON00640;LGTCON00639;LGTCON00638;LGTCON00637;LGTCON03785,reachable,
LGTNET00324,LGTFIT00329,,unclassified_fitting,LGTLT00025,LGTCON00650;LGTCON00649;LGTCON00648;LGTCON00647;LGTCON00646;LGTCON00644;LGTCON00643;LGTCON00642;LGTCON00640;LGTCON00639;LGTCON00638;LGTCON00637;LGTCON03785;LGTCON00636,reachable,
LGTNET00324,LGTFIT00329,,unclassified_fitting,LGTLT00026,LGTCON00650;LGTCON00649;LGTCON00648;LGTCON00647;LGTCON00646;LGTCON00644;LGTCON00643;LGTCON00642;LGTCON00640;LGTCON00639;LGTCON00638;LGTCON00637;LGTCON03765,reachable,
LGTNET00324,LGTFIT00329,,unclassified_fitting,LGTLT02941,LGTCON00650;LGTCON00649;LGTCON00648;LGTCON00647;LGTCON00646;LGTCON00644;LGTCON00643;LGTCON00642;LGTCON00641,reachable,
LGTNET00325,LGTFIT00352,,unclassified_fitting,LGTLT00064,LGTCON00690;LGTCON00716,reachable,
LGTNET00325,LGTFIT00352,,unclassified_fitting,LGTLT00065,LGTCON00690,reachable,
LGTNET00325,LGTFIT00352,,unclassified_fitting,LGTLT01698,LGTCON03040,reachable,
LGTNET00325,LGTFIT00352,,unclassified_fitting,LGTLT01699,LGTCON00695,reachable,
LGTNET00325,LGTFIT00352,,unclassified_fitting,LGTLT02953,LGTCON00690;LGTCON00716;LGTCON00715,reachable,
LGTNET00326,LGTFIT00345,,unclassified_fitting,LGTLT00035,LGTCON00694;LGTCON00689;LGTCON00688;LGTCON00687;LGTCON00686;LGTCON00685;LGTCON00684;LGTCON00683;LGTCON00682;LGTCON00681;LGTCON00680;LGTCON00678;LGTCON00677;LGTCON00679;LGTCON00676,reachable,
LGTNET00326,LGTFIT00345,,unclassified_fitting,LGTLT00036,LGTCON00694;LGTCON00689;LGTCON00688;LGTCON00687;LGTCON00686;LGTCON00685;LGTCON00684;LGTCON00683;LGTCON00682;LGTCON00681;LGTCON00680;LGTCON00678,reachable,
LGTNET00326,LGTFIT00345,,unclassified_fitting,LGTLT00037,LGTCON00694;LGTCON00689;LGTCON00688;LGTCON00687;LGTCON00686;LGTCON00685;LGTCON00684;LGTCON00683;LGTCON00682;LGTCON00681;LGTCON00680,reachable,
LGTNET00326,LGTFIT00345,,unclassified_fitting,LGTLT00038,LGTCON00694;LGTCON00689;LGTCON00688;LGTCON00687;LGTCON00686;LGTCON00685;LGTCON00684;LGTCON00683;LGTCON00682;LGTCON00681,reachable,
LGTNET00326,LGTFIT00345,,unclassified_fitting,LGTLT00039,LGTCON00694;LGTCON00689;LGTCON00688;LGTCON00687;LGTCON00686;LGTCON00685;LGTCON00684;LGTCON00683;LGTCON00682,reachable,
LGTNET00326,LGTFIT00345,,unclassified_fitting,LGTLT00040,LGTCON00694;LGTCON00689;LGTCON00688;LGTCON00687;LGTCON00686;LGTCON00685;LGTCON00684;LGTCON00683,reachable,
LGTNET00326,LGTFIT00345,,unclassified_fitting,LGTLT00056,LGTCON00694;LGTCON00696;LGTCON00697;LGTCON00698;LGTCON00699,reachable,
LGTNET00326,LGTFIT00345,,unclassified_fitting,LGTLT00057,LGTCON00694;LGTCON00696;LGTCON00697;LGTCON00698,reachable,
LGTNET00326,LGTFIT00345,,unclassified_fitting,LGTLT00058,LGTCON00694;LGTCON00696;LGTCON00697,reachable,
LGTNET00326,LGTFIT00345,,unclassified_fitting,LGTLT00059,LGTCON00694;LGTCON00696,reachable,
LGTNET00326,LGTFIT00345,,unclassified_fitting,LGTLT00060,LGTCON00694;LGTCON00689,reachable,
LGTNET00326,LGTFIT00345,,unclassified_fitting,LGTLT00061,LGTCON00694;LGTCON00689;LGTCON00688,reachable,
LGTNET00326,LGTFIT00345,,unclassified_fitting,LGTLT00062,LGTCON00694;LGTCON00689;LGTCON00688;LGTCON00687,reachable,
LGTNET00326,LGTFIT00345,,unclassified_fitting,LGTLT00063,LGTCON00694;LGTCON00708,reachable,
LGTNET00326,LGTFIT00345,,unclassified_fitting,LGTLT02630,LGTCON00694;LGTCON00696;LGTCON00697;LGTCON00698;LGTCON00699;LGTCON00700;LGTCON00701,reachable,
LGTNET00326,LGTFIT00345,,unclassified_fitting,LGTLT02776,,unreachable,
LGTNET00328,LGTFIT00169,,unclassified_fitting,LGTLT00050,LGTCON00745,reachable,
LGTNET00328,LGTFIT00169,,unclassified_fitting,LGTLT00051,LGTCON00745;LGTCON00744,reachable,
LGTNET00328,LGTFIT00169,,unclassified_fitting,LGTLT00052,LGTCON00745;LGTCON00744;LGTCON00743,reachable,
LGTNET00328,LGTFIT00169,,unclassified_fitting,LGTLT00053,LGTCON00745;LGTCON00744;LGTCON00743;LGTCON00742,reachable,
LGTNET00328,LGTFIT00418,,unclassified_fitting,LGTLT00050,LGTCON00740;LGTCON00741;LGTCON00742;LGTCON00743;LGTCON00744,reachable,
LGTNET00328,LGTFIT00418,,unclassified_fitting,LGTLT00051,LGTCON00740;LGTCON00741;LGTCON00742;LGTCON00743,reachable,
LGTNET00328,LGTFIT00418,,unclassified_fitting,LGTLT00052,LGTCON00740;LGTCON00741;LGTCON00742,reachable,
LGTNET00328,LGTFIT00418,,unclassified_fitting,LGTLT00053,LGTCON00740;LGTCON00741,reachable,
LGTNET00329,LGTFIT00439,,unclassified_fitting,LGTLT00044,LGTCON00758;LGTCON00757;LGTCON00756;LGTCON00755;LGTCON00754;LGTCON00753;LGTCON00752;LGTCON00751,reachable,
LGTNET00329,LGTFIT00439,,unclassified_fitting,LGTLT00045,LGTCON00758;LGTCON00757;LGTCON00756;LGTCON00755;LGTCON00754;LGTCON00753,reachable,
LGTNET00329,LGTFIT00439,,unclassified_fitting,LGTLT00046,LGTCON00758;LGTCON00757;LGTCON00756;LGTCON00755;LGTCON00754,reachable,
LGTNET00329,LGTFIT00439,,unclassified_fitting,LGTLT00047,LGTCON00758;LGTCON00757;LGTCON00756,reachable,
LGTNET00329,LGTFIT00439,,unclassified_fitting,LGTLT00048,LGTCON00758;LGTCON00757,reachable,
LGTNET00329,LGTFIT00439,,unclassified_fitting,LGTLT00049,LGTCON00758,reachable,
LGTNET00331,LGTFIT00094,,unclassified_fitting,LGTLT02649,LGTCON03097,reachable,
LGTNET00331,LGTFIT00094,,unclassified_fitting,LGTLT02650,LGTCON03097;LGTCON03098,reachable,
LGTNET00331,LGTFIT00094,,unclassified_fitting,LGTLT02651,LGTCON03097;LGTCON03098;LGTCON03099,reachable,
LGTNET00331,LGTFIT00094,,unclassified_fitting,LGTLT02652,LGTCON03097;LGTCON03098;LGTCON03099;LGTCON03100,reachable,
LGTNET00331,LGTFIT00094,,unclassified_fitting,LGTLT02653,LGTCON03097;LGTCON03098;LGTCON03099;LGTCON03100;LGTCON03101;LGTCON03102;LGTCON03103;LGTCON03104;LGTCON03105,reachable,
LGTNET00331,LGTFIT00094,,unclassified_fitting,LGTLT02654,LGTCON03097;LGTCON03098;LGTCON03099;LGTCON03100;LGTCON03101,reachable,
LGTNET00331,LGTFIT00094,,unclassified_fitting,LGTLT02655,LGTCON03097;LGTCON03098;LGTCON03099;LGTCON03100;LGTCON03101;LGTCON03102,reachable,
LGTNET00331,LGTFIT00094,,unclassified_fitting,LGTLT02656,LGTCON03097;LGTCON03098;LGTCON03099;LGTCON03100;LGTCON03101;LGTCON03102;LGTCON03103,reachable,
LGTNET00331,LGTFIT00094,,unclassified_fitting,LGTLT02657,LGTCON03097;LGTCON03098;LGTCON03099;LGTCON03100;LGTCON03101;LGTCON03102;LGTCON03103;LGTCON03104,reachable,
LGTNET00331,LGTFIT00094,,unclassified_fitting,LGTLT02658,LGTCON03097;LGTCON03098;LGTCON03099;LGTCON03100;LGTCON03101;LGTCON03102;LGTCON03103;LGTCON03104;LGTCON03105;LGTCON03106;LGTCON03107,reachable,
LGTNET00331,LGTFIT00094,,unclassified_fitting,LGTLT02659,LGTCON03097;LGTCON03098;LGTCON03099;LGTCON03100;LGTCON03101;LGTCON03102;LGTCON03103;LGTCON03104;LGTCON03105;LGTCON03106,reachable,
LGTNET00331,LGTFIT00095,,unclassified_fitting,LGTLT02649,LGTCON03108;LGTCON03100;LGTCON03099;LGTCON03098,reachable,
LGTNET00331,LGTFIT00095,,unclassified_fitting,LGTLT02650,LGTCON03108;LGTCON03100;LGTCON03099,reachable,
LGTNET00331,LGTFIT00095,,unclassified_fitting,LGTLT02651,LGTCON03108;LGTCON03100,reachable,
LGTNET00331,LGTFIT00095,,unclassified_fitting,LGTLT02652,LGTCON03108,reachable,
LGTNET00331,LGTFIT00095,,unclassified_fitting,LGTLT02653,LGTCON03108;LGTCON03101;LGTCON03102;LGTCON03103;LGTCON03104;LGTCON03105,reachable,
LGTNET00331,LGTFIT00095,,unclassified_fitting,LGTLT02654,LGTCON03108;LGTCON03101,reachable,
LGTNET00331,LGTFIT00095,,unclassified_fitting,LGTLT02655,LGTCON03108;LGTCON03101;LGTCON03102,reachable,
LGTNET00331,LGTFIT00095,,unclassified_fitting,LGTLT02656,LGTCON03108;LGTCON03101;LGTCON03102;LGTCON03103,reachable,
LGTNET00331,LGTFIT00095,,unclassified_fitting,LGTLT02657,LGTCON03108;LGTCON03101;LGTCON03102;LGTCON03103;LGTCON03104,reachable,
LGTNET00331,LGTFIT00095,,unclassified_fitting,LGTLT02658,LGTCON03108;LGTCON03101;LGTCON03102;LGTCON03103;LGTCON03104;LGTCON03105;LGTCON03106;LGTCON03107,reachable,
LGTNET00331,LGTFIT00095,,unclassified_fitting,LGTLT02659,LGTCON03108;LGTCON03101;LGTCON03102;LGTCON03103;LGTCON03104;LGTCON03105;LGTCON03106,reachable,
LGTNET00335,LGTFIT00086,,unclassified_fitting,LGTLT01852,,unreachable,
LGTNET00335,LGTFIT00086,,unclassified_fitting,LGTLT01853,LGTCON02981;LGTCON02980,reachable,
LGTNET00335,LGTFIT00086,,unclassified_fitting,LGTLT01854,LGTCON02981;LGTCON02980;LGTCON02979;LGTCON02978,reachable,
LGTNET00335,LGTFIT00086,,unclassified_fitting,LGTLT04969,LGTCON02981;LGTCON02980;LGTCON02979;LGTCON03985;LGTCON03971;LGTCON03972;LGTCON03973;LGTCON03974;LGTCON03975;LGTCON03978,reachable,
LGTNET00335,LGTFIT00086,,unclassified_fitting,LGTLT04970,LGTCON02981;LGTCON02980;LGTCON02979;LGTCON03985;LGTCON03971,reachable,
LGTNET00335,LGTFIT00086,,unclassified_fitting,LGTLT04971,LGTCON02981;LGTCON02980;LGTCON02979;LGTCON03985;LGTCON03970,reachable,
LGTNET00335,LGTFIT00086,,unclassified_fitting,LGTLT04972,LGTCON02981;LGTCON02980;LGTCON02979;LGTCON03985;LGTCON03970;LGTCON03969,reachable,
LGTNET00335,LGTFIT00086,,unclassified_fitting,LGTLT04973,LGTCON02981;LGTCON02980;LGTCON02979;LGTCON03985;LGTCON03971;LGTCON03972;LGTCON03973;LGTCON03974;LGTCON03975;LGTCON03978;LGTCON03976;LGTCON03981;LGTCON03983;LGTCON03982;LGTCON03980;LGTCON03979,reachable,
LGTNET00335,LGTFIT00086,,unclassified_fitting,LGTLT04974,LGTCON02981;LGTCON02980;LGTCON02979;LGTCON03985;LGTCON03971;LGTCON03972;LGTCON03973;LGTCON03974;LGTCON03975;LGTCON03978;LGTCON03976;LGTCON03981;LGTCON03983;LGTCON03982;LGTCON03980,reachable,
LGTNET00335,LGTFIT00086,,unclassified_fitting,LGTLT04975,LGTCON02981;LGTCON02980;LGTCON02979;LGTCON03985;LGTCON03971;LGTCON03972;LGTCON03973;LGTCON03974;LGTCON03975;LGTCON03978;LGTCON03976;LGTCON03981;LGTCON03983;LGTCON03982,reachable,
LGTNET00335,LGTFIT00086,,unclassified_fitting,LGTLT04976,LGTCON02981;LGTCON02980;LGTCON02979;LGTCON03985;LGTCON03971;LGTCON03972;LGTCON03973;LGTCON03974;LGTCON03975;LGTCON03978;LGTCON03976;LGTCON03981,reachable,
LGTNET00335,LGTFIT00086,,unclassified_fitting,LGTLT04977,LGTCON02981;LGTCON02980;LGTCON02979;LGTCON03985;LGTCON03971;LGTCON03972;LGTCON03973;LGTCON03974,reachable,
LGTNET00335,LGTFIT00086,,unclassified_fitting,LGTLT04978,LGTCON02981;LGTCON02980;LGTCON02979;LGTCON03985;LGTCON03971;LGTCON03972;LGTCON03973,reachable,
LGTNET00335,LGTFIT00086,,unclassified_fitting,LGTLT04979,LGTCON02981;LGTCON02980;LGTCON02979;LGTCON03985;LGTCON03971;LGTCON03972;LGTCON03973;LGTCON03974;LGTCON03975;LGTCON03978;LGTCON03976,reachable,
LGTNET00335,LGTFIT00086,,unclassified_fitting,LGTLT04980,LGTCON02981;LGTCON02980;LGTCON02979;LGTCON03985;LGTCON03971;LGTCON03972,reachable,
LGTNET00335,LGTFIT00086,,unclassified_fitting,LGTLT04981,LGTCON02981;LGTCON02980;LGTCON02979;LGTCON03985;LGTCON03970;LGTCON03969;LGTCON03968;LGTCON04062;LGTCON03967,reachable,
LGTNET00335,LGTFIT00086,,unclassified_fitting,LGTLT04982,LGTCON02981;LGTCON02980;LGTCON02979;LGTCON03985;LGTCON03970;LGTCON03969;LGTCON03968;LGTCON04062,reachable,
LGTNET00335,LGTFIT01273,,unclassified_fitting,LGTLT01852,,unreachable,
LGTNET00335,LGTFIT01273,,unclassified_fitting,LGTLT01853,LGTCON03984;LGTCON03979;LGTCON03980;LGTCON03982;LGTCON03983;LGTCON03981;LGTCON03976;LGTCON03978;LGTCON03975;LGTCON03974;LGTCON03973;LGTCON03972;LGTCON03971;LGTCON03985;LGTCON02979,reachable,
LGTNET00335,LGTFIT01273,,unclassified_fitting,LGTLT01854,LGTCON03984;LGTCON03979;LGTCON03980;LGTCON03982;LGTCON03983;LGTCON03981;LGTCON03976;LGTCON03978;LGTCON03975;LGTCON03974;LGTCON03973;LGTCON03972;LGTCON03971;LGTCON03985;LGTCON02978,reachable,
LGTNET00335,LGTFIT01273,,unclassified_fitting,LGTLT04969,LGTCON03984;LGTCON03979;LGTCON03980;LGTCON03982;LGTCON03983;LGTCON03981;LGTCON03976,reachable,
LGTNET00335,LGTFIT01273,,unclassified_fitting,LGTLT04970,LGTCON03984;LGTCON03979;LGTCON03980;LGTCON03982;LGTCON03983;LGTCON03981;LGTCON03976;LGTCON03978;LGTCON03975;LGTCON03974;LGTCON03973;LGTCON03972,reachable,
LGTNET00335,LGTFIT01273,,unclassified_fitting,LGTLT04971,LGTCON03984;LGTCON03979;LGTCON03980;LGTCON03982;LGTCON03983;LGTCON03981;LGTCON03976;LGTCON03978;LGTCON03975;LGTCON03974;LGTCON03973;LGTCON03972;LGTCON03971;LGTCON03970,reachable,
LGTNET00335,LGTFIT01273,,unclassified_fitting,LGTLT04972,LGTCON03984;LGTCON03979;LGTCON03980;LGTCON03982;LGTCON03983;LGTCON03981;LGTCON03976;LGTCON03978;LGTCON03975;LGTCON03974;LGTCON03973;LGTCON03972;LGTCON03971;LGTCON03970;LGTCON03969,reachable,
LGTNET00335,LGTFIT01273,,unclassified_fitting,LGTLT04973,LGTCON03984,reachable,
LGTNET00335,LGTFIT01273,,unclassified_fitting,LGTLT04974,LGTCON03984;LGTCON03979,reachable,
LGTNET00335,LGTFIT01273,,unclassified_fitting,LGTLT04975,LGTCON03984;LGTCON03979;LGTCON03980,reachable,
LGTNET00335,LGTFIT01273,,unclassified_fitting,LGTLT04976,LGTCON03984;LGTCON03979;LGTCON03980;LGTCON03982;LGTCON03983,reachable,
LGTNET00335,LGTFIT01273,,unclassified_fitting,LGTLT04977,LGTCON03984;LGTCON03979;LGTCON03980;LGTCON03982;LGTCON03983;LGTCON03981;LGTCON03976;LGTCON03978;LGTCON03975,reachable,
LGTNET00335,LGTFIT01273,,unclassified_fitting,LGTLT04978,LGTCON03984;LGTCON03979;LGTCON03980;LGTCON03982;LGTCON03983;LGTCON03981;LGTCON03976;LGTCON03978;LGTCON03975;LGTCON03974,reachable,
LGTNET00335,LGTFIT01273,,unclassified_fitting,LGTLT04979,LGTCON03984;LGTCON03979;LGTCON03980;LGTCON03982;LGTCON03983;LGTCON03981,reachable,
LGTNET00335,LGTFIT01273,,unclassified_fitting,LGTLT04980,LGTCON03984;LGTCON03979;LGTCON03980;LGTCON03982;LGTCON03983;LGTCON03981;LGTCON03976;LGTCON03978;LGTCON03975;LGTCON03974;LGTCON03973,reachable,
LGTNET00335,LGTFIT01273,,unclassified_fitting,LGTLT04981,LGTCON03984;LGTCON03979;LGTCON03980;LGTCON03982;LGTCON03983;LGTCON03981;LGTCON03976;LGTCON03978;LGTCON03975;LGTCON03974;LGTCON03973;LGTCON03972;LGTCON03971;LGTCON03970;LGTCON03969;LGTCON03968;LGTCON04062;LGTCON03967,reachable,
LGTNET00335,LGTFIT01273,,unclassified_fitting,LGTLT04982,LGTCON03984;LGTCON03979;LGTCON03980;LGTCON03982;LGTCON03983;LGTCON03981;LGTCON03976;LGTCON03978;LGTCON03975;LGTCON03974;LGTCON03973;LGTCON03972;LGTCON03971;LGTCON03970;LGTCON03969;LGTCON03968;LGTCON04062,reachable,
LGTNET00335,LGTFIT01295,,unclassified_fitting,LGTLT01852,,unreachable,
LGTNET00335,LGTFIT01295,,unclassified_fitting,LGTLT01853,LGTCON04063;LGTCON03968;LGTCON03969;LGTCON03970;LGTCON03985;LGTCON02979,reachable,
LGTNET00335,LGTFIT01295,,unclassified_fitting,LGTLT01854,LGTCON04063;LGTCON03968;LGTCON03969;LGTCON03970;LGTCON03985;LGTCON02978,reachable,
LGTNET00335,LGTFIT01295,,unclassified_fitting,LGTLT04969,LGTCON04063;LGTCON03968;LGTCON03969;LGTCON03970;LGTCON03971;LGTCON03972;LGTCON03973;LGTCON03974;LGTCON03975;LGTCON03978,reachable,
LGTNET00335,LGTFIT01295,,unclassified_fitting,LGTLT04970,LGTCON04063;LGTCON03968;LGTCON03969;LGTCON03970;LGTCON03971,reachable,
LGTNET00335,LGTFIT01295,,unclassified_fitting,LGTLT04971,LGTCON04063;LGTCON03968;LGTCON03969,reachable,
LGTNET00335,LGTFIT01295,,unclassified_fitting,LGTLT04972,LGTCON04063;LGTCON03968,reachable,
LGTNET00335,LGTFIT01295,,unclassified_fitting,LGTLT04973,LGTCON04063;LGTCON03968;LGTCON03969;LGTCON03970;LGTCON03971;LGTCON03972;LGTCON03973;LGTCON03974;LGTCON03975;LGTCON03978;LGTCON03976;LGTCON03981;LGTCON03983;LGTCON03982;LGTCON03980;LGTCON03979,reachable,
LGTNET00335,LGTFIT01295,,unclassified_fitting,LGTLT04974,LGTCON04063;LGTCON03968;LGTCON03969;LGTCON03970;LGTCON03971;LGTCON03972;LGTCON03973;LGTCON03974;LGTCON03975;LGTCON03978;LGTCON03976;LGTCON03981;LGTCON03983;LGTCON03982;LGTCON03980,reachable,
LGTNET00335,LGTFIT01295,,unclassified_fitting,LGTLT04975,LGTCON04063;LGTCON03968;LGTCON03969;LGTCON03970;LGTCON03971;LGTCON03972;LGTCON03973;LGTCON03974;LGTCON03975;LGTCON03978;LGTCON03976;LGTCON03981;LGTCON03983;LGTCON03982,reachable,
LGTNET00335,LGTFIT01295,,unclassified_fitting,LGTLT04976,LGTCON04063;LGTCON03968;LGTCON03969;LGTCON03970;LGTCON03971;LGTCON03972;LGTCON03973;LGTCON03974;LGTCON03975;LGTCON03978;LGTCON03976;LGTCON03981,reachable,
LGTNET00335,LGTFIT01295,,unclassified_fitting,LGTLT04977,LGTCON04063;LGTCON03968;LGTCON03969;LGTCON03970;LGTCON03971;LGTCON03972;LGTCON03973;LGTCON03974,reachable,
LGTNET00335,LGTFIT01295,,unclassified_fitting,LGTLT04978,LGTCON04063;LGTCON03968;LGTCON03969;LGTCON03970;LGTCON03971;LGTCON03972;LGTCON03973,reachable,
LGTNET00335,LGTFIT01295,,unclassified_fitting,LGTLT04979,LGTCON04063;LGTCON03968;LGTCON03969;LGTCON03970;LGTCON03971;LGTCON03972;LGTCON03973;LGTCON03974;LGTCON03975;LGTCON03978;LGTCON03976,reachable,
LGTNET00335,LGTFIT01295,,unclassified_fitting,LGTLT04980,LGTCON04063;LGTCON03968;LGTCON03969;LGTCON03970;LGTCON03971;LGTCON03972,reachable,
LGTNET00335,LGTFIT01295,,unclassified_fitting,LGTLT04981,LGTCON04063;LGTCON04062;LGTCON03967,reachable,
LGTNET00335,LGTFIT01295,,unclassified_fitting,LGTLT04982,LGTCON04063;LGTCON04062,reachable,
LGTNET00335,LGTFIT01296,,unclassified_fitting,LGTLT01852,,unreachable,
LGTNET00335,LGTFIT01296,,unclassified_fitting,LGTLT01853,LGTCON03977;LGTCON03975;LGTCON03974;LGTCON03973;LGTCON03972;LGTCON03971;LGTCON03985;LGTCON02979,reachable,
LGTNET00335,LGTFIT01296,,unclassified_fitting,LGTLT01854,LGTCON03977;LGTCON03975;LGTCON03974;LGTCON03973;LGTCON03972;LGTCON03971;LGTCON03985;LGTCON02978,reachable,
LGTNET00335,LGTFIT01296,,unclassified_fitting,LGTLT04969,LGTCON03977;LGTCON03978,reachable,
LGTNET00335,LGTFIT01296,,unclassified_fitting,LGTLT04970,LGTCON03977;LGTCON03975;LGTCON03974;LGTCON03973;LGTCON03972,reachable,
LGTNET00335,LGTFIT01296,,unclassified_fitting,LGTLT04971,LGTCON03977;LGTCON03975;LGTCON03974;LGTCON03973;LGTCON03972;LGTCON03971;LGTCON03970,reachable,
LGTNET00335,LGTFIT01296,,unclassified_fitting,LGTLT04972,LGTCON03977;LGTCON03975;LGTCON03974;LGTCON03973;LGTCON03972;LGTCON03971;LGTCON03970;LGTCON03969,reachable,
LGTNET00335,LGTFIT01296,,unclassified_fitting,LGTLT04973,LGTCON03977;LGTCON03978;LGTCON03976;LGTCON03981;LGTCON03983;LGTCON03982;LGTCON03980;LGTCON03979,reachable,
LGTNET00335,LGTFIT01296,,unclassified_fitting,LGTLT04974,LGTCON03977;LGTCON03978;LGTCON03976;LGTCON03981;LGTCON03983;LGTCON03982;LGTCON03980,reachable,
LGTNET00335,LGTFIT01296,,unclassified_fitting,LGTLT04975,LGTCON03977;LGTCON03978;LGTCON03976;LGTCON03981;LGTCON03983;LGTCON03982,reachable,
LGTNET00335,LGTFIT01296,,unclassified_fitting,LGTLT04976,LGTCON03977;LGTCON03978;LGTCON03976;LGTCON03981,reachable,
LGTNET00335,LGTFIT01296,,unclassified_fitting,LGTLT04977,LGTCON03977;LGTCON03975,reachable,
LGTNET00335,LGTFIT01296,,unclassified_fitting,LGTLT04978,LGTCON03977;LGTCON03975;LGTCON03974,reachable,
LGTNET00335,LGTFIT01296,,unclassified_fitting,LGTLT04979,LGTCON03977;LGTCON03978;LGTCON03976,reachable,
LGTNET00335,LGTFIT01296,,unclassified_fitting,LGTLT04980,LGTCON03977;LGTCON03975;LGTCON03974;LGTCON03973,reachable,
LGTNET00335,LGTFIT01296,,unclassified_fitting,LGTLT04981,LGTCON03977;LGTCON03975;LGTCON03974;LGTCON03973;LGTCON03972;LGTCON03971;LGTCON03970;LGTCON03969;LGTCON03968;LGTCON04062;LGTCON03967,reachable,
LGTNET00335,LGTFIT01296,,unclassified_fitting,LGTLT04982,LGTCON03977;LGTCON03975;LGTCON03974;LGTCON03973;LGTCON03972;LGTCON03971;LGTCON03970;LGTCON03969;LGTCON03968;LGTCON04062,reachable,
LGTNET00336,LGTFIT01121,,unclassified_fitting,LGTLT02396,LGTCON01277;LGTCON01276,reachable,
LGTNET00336,LGTFIT01121,,unclassified_fitting,LGTLT02397,LGTCON01277,reachable,
LGTNET00337,LGTFIT01078,,unclassified_fitting,LGTLT02742,LGTCON03584;LGTCON03588,reachable,
LGTNET00337,LGTFIT01078,,unclassified_fitting,LGTLT02743,LGTCON03584,reachable,
LGTNET00339,LGTFIT00371,,unclassified_fitting,LGTLT01512,LGTCON00511,reachable,
LGTNET00339,LGTFIT00371,,unclassified_fitting,LGTLT01513,LGTCON00510,reachable,
LGTNET00340,LGTFIT00006,,unclassified_fitting,LGTLT01080,LGTCON00546;LGTCON00545,reachable,
LGTNET00340,LGTFIT00006,,unclassified_fitting,LGTLT01081,LGTCON00546;LGTCON00547;LGTCON00549,reachable,
LGTNET00340,LGTFIT01209,service_box,assumed,LGTLT01080,LGTCON00548;LGTCON00547;LGTCON00545,reachable,
LGTNET00340,LGTFIT01209,service_box,assumed,LGTLT01081,LGTCON00548;LGTCON00549,reachable,
LGTNET00341,LGTFIT01219,service_box,explicit,LGTLT02153,,unreachable,
LGTNET00341,LGTFIT01219,service_box,explicit,LGTLT02154,LGTCON03163,reachable,
LGTNET00341,LGTFIT01219,service_box,explicit,LGTLT02155,LGTCON03163;LGTCON03150,reachable,
LGTNET00341,LGTFIT01219,service_box,explicit,LGTLT02156,LGTCON03163;LGTCON03151;LGTCON03152,reachable,
LGTNET00341,LGTFIT01219,service_box,explicit,LGTLT02157,LGTCON03163;LGTCON03151;LGTCON03153,reachable,
LGTNET00342,LGTFIT01386,,unclassified_fitting,LGTLT02191,LGTCON04266;LGTCON04265;LGTCON04268;LGTCON04269;LGTCON04270,reachable,
LGTNET00342,LGTFIT01386,,unclassified_fitting,LGTLT02202,LGTCON04266;LGTCON04265;LGTCON04267,reachable,
LGTNET00342,LGTFIT01386,,unclassified_fitting,LGTLT02203,LGTCON04266;LGTCON04275;LGTCON04273,reachable,
LGTNET00342,LGTFIT01386,,unclassified_fitting,LGTLT02204,,unreachable,
LGTNET00342,LGTFIT01386,,unclassified_fitting,LGTLT02615,,unreachable,
LGTNET00342,LGTFIT01386,,unclassified_fitting,LGTLT02784,LGTCON04266;LGTCON04265;LGTCON04268;LGTCON04269;LGTCON04271;LGTCON04278;LGTCON04279;LGTCON04280;LGTCON04281;LGTCON04282,reachable,
LGTNET00342,LGTFIT01386,,unclassified_fitting,LGTLT05125,,unreachable,
LGTNET00342,LGTFIT01386,,unclassified_fitting,LGTLT05126,,unreachable,
LGTNET00342,LGTFIT01386,,unclassified_fitting,LGTLT05129,LGTCON04266;LGTCON04265;LGTCON04268;LGTCON04269;LGTCON04271,reachable,
LGTNET00342,LGTFIT01386,,unclassified_fitting,LGTLT05130,LGTCON04266;LGTCON04265;LGTCON04268;LGTCON04269;LGTCON04271;LGTCON04278,reachable,
LGTNET00342,LGTFIT01386,,unclassified_fitting,LGTLT05131,LGTCON04266;LGTCON04265;LGTCON04268;LGTCON04269;LGTCON04271;LGTCON04278;LGTCON04279;LGTCON04280,reachable,
LGTNET00342,LGTFIT01386,,unclassified_fitting,LGTLT05132,LGTCON04266;LGTCON04265;LGTCON04268;LGTCON04269;LGTCON04271;LGTCON04278;LGTCON04279,reachable,
LGTNET00342,LGTFIT01390,,unclassified_fitting,LGTLT02191,LGTCON04274;LGTCON04275;LGTCON04265;LGTCON04268;LGTCON04269;LGTCON04270,reachable,
LGTNET00342,LGTFIT01390,,unclassified_fitting,LGTLT02202,LGTCON04274;LGTCON04275;LGTCON04265;LGTCON04267,reachable,
LGTNET00342,LGTFIT01390,,unclassified_fitting,LGTLT02203,LGTCON04274;LGTCON04273,reachable,
LGTNET00342,LGTFIT01390,,unclassified_fitting,LGTLT02204,,unreachable,
LGTNET00342,LGTFIT01390,,unclassified_fitting,LGTLT02615,,unreachable,
LGTNET00342,LGTFIT01390,,unclassified_fitting,LGTLT02784,LGTCON04274;LGTCON04275;LGTCON04265;LGTCON04268;LGTCON04269;LGTCON04271;LGTCON04278;LGTCON04279;LGTCON04280;LGTCON04281;LGTCON04282,reachable,
LGTNET00342,LGTFIT01390,,unclassified_fitting,LGTLT05125,,unreachable,
LGTNET00342,LGTFIT01390,,unclassified_fitting,LGTLT05126,,unreachable,
LGTNET00342,LGTFIT01390,,unclassified_fitting,LGTLT05129,LGTCON04274;LGTCON04275;LGTCON04265;LGTCON04268;LGTCON04269;LGTCON04271,reachable,
LGTNET00342,LGTFIT01390,,unclassified_fitting,LGTLT05130,LGTCON04274;LGTCON04275;LGTCON04265;LGTCON04268;LGTCON04269;LGTCON04271;LGTCON04278,reachable,
LGTNET00342,LGTFIT01390,,unclassified_fitting,LGTLT05131,LGTCON04274;LGTCON04275;LGTCON04265;LGTCON04268;LGTCON04269;LGTCON04271;LGTCON04278;LGTCON04279;LGTCON04280,reachable,
LGTNET00342,LGTFIT01390,,unclassified_fitting,LGTLT05132,LGTCON04274;LGTCON04275;LGTCON04265;LGTCON04268;LGTCON04269;LGTCON04271;LGTCON04278;LGTCON04279,reachable,
LGTNET00342,LGTFIT01402,,unclassified_fitting,LGTLT02191,,unreachable,
LGTNET00342,LGTFIT01402,,unclassified_fitting,LGTLT02202,,unreachable,
LGTNET00342,LGTFIT01402,,unclassified_fitting,LGTLT02203,,unreachable,
LGTNET00342,LGTFIT01402,,unclassified_fitting,LGTLT02204,LGTCON04286;LGTCON04287,reachable,
LGTNET00342,LGTFIT01402,,unclassified_fitting,LGTLT02615,LGTCON04286;LGTCON03723,reachable,
LGTNET00342,LGTFIT01402,,unclassified_fitting,LGTLT02784,,unreachable,
LGTNET00342,LGTFIT01402,,unclassified_fitting,LGTLT05125,,unreachable,
LGTNET00342,LGTFIT01402,,unclassified_fitting,LGTLT05126,,unreachable,
LGTNET00342,LGTFIT01402,,unclassified_fitting,LGTLT05129,,unreachable,
LGTNET00342,LGTFIT01402,,unclassified_fitting,LGTLT05130,,unreachable,
LGTNET00342,LGTFIT01402,,unclassified_fitting,LGTLT05131,,unreachable,
LGTNET00342,LGTFIT01402,,unclassified_fitting,LGTLT05132,,unreachable,
LGTNET00343,LGTFIT01383,,unclassified_fitting,LGTLT02616,LGTCON04276;LGTCON04277;LGTCON03731;LGTCON03751,reachable,
LGTNET00343,LGTFIT01383,,unclassified_fitting,LGTLT02617,LGTCON04276;LGTCON04277;LGTCON03731,reachable,
LGTNET00343,LGTFIT01383,,unclassified_fitting,LGTLT02618,,unreachable,
LGTNET00343,LGTFIT01383,,unclassified_fitting,LGTLT02786,LGTCON04276;LGTCON04277,reachable,
LGTNET00343,LGTFIT01383,,unclassified_fitting,LGTLT05211,LGTCON04258,reachable,
LGTNET00343,LGTFIT01383,,unclassified_fitting,LGTLT05212,LGTCON04258;LGTCON04259,reachable,
LGTNET00343,LGTFIT01383,,unclassified_fitting,LGTLT05213,LGTCON04258;LGTCON04259;LGTCON04260,reachable,
LGTNET00343,LGTFIT01383,,unclassified_fitting,LGTLT05214,LGTCON04258;LGTCON04259;LGTCON04260;LGTCON04261,reachable,
LGTNET00343,LGTFIT01383,,unclassified_fitting,LGTLT05215,LGTCON04258;LGTCON04259;LGTCON04260;LGTCON04261;LGTCON04262,reachable,
LGTNET00343,LGTFIT01383,,unclassified_fitting,LGTLT05216,LGTCON04258;LGTCON04259;LGTCON04260;LGTCON04261;LGTCON04262;LGTCON04263,reachable,
LGTNET00343,LGTFIT01383,,unclassified_fitting,LGTLT05217,LGTCON04258;LGTCON04259;LGTCON04260;LGTCON04261;LGTCON04262;LGTCON04263;LGTCON04264,reachable,
LGTNET00344,LGTFIT00070,,unclassified_fitting,LGTLT00374,LGTCON02773;LGTCON02772;LGTCON02771;LGTCON02766;LGTCON02767;LGTCON02769,reachable,
LGTNET00344,LGTFIT00070,,unclassified_fitting,LGTLT00375,LGTCON02773;LGTCON02772;LGTCON02771;LGTCON02766;LGTCON02767,reachable,
LGTNET00344,LGTFIT00070,,unclassified_fitting,LGTLT00376,LGTCON02773;LGTCON02772;LGTCON02771;LGTCON02766;LGTCON02767;LGTCON02768,reachable,
LGTNET00344,LGTFIT00070,,unclassified_fitting,LGTLT00377,LGTCON02773,reachable,
LGTNET00344,LGTFIT00070,,unclassified_fitting,LGTLT00378,LGTCON02773;LGTCON02772,reachable,
LGTNET00344,LGTFIT00070,,unclassified_fitting,LGTLT00379,LGTCON02773;LGTCON02772;LGTCON02771;LGTCON02766,reachable,
LGTNET00344,LGTFIT00070,,unclassified_fitting,LGTLT00380,LGTCON02773;LGTCON02772;LGTCON02771;LGTCON02770,reachable,
LGTNET00344,LGTFIT00070,,unclassified_fitting,LGTLT02727,LGTCON02773;LGTCON02772;LGTCON02771;LGTCON02766;LGTCON02767;LGTCON02769;LGTCON00784,reachable,
LGTNET00344,LGTFIT00194,,unclassified_fitting,LGTLT00374,LGTCON03428;LGTCON02768;LGTCON02769,reachable,
LGTNET00344,LGTFIT00194,,unclassified_fitting,LGTLT00375,LGTCON03428;LGTCON02768,reachable,
LGTNET00344,LGTFIT00194,,unclassified_fitting,LGTLT00376,LGTCON03428,reachable,
LGTNET00344,LGTFIT00194,,unclassified_fitting,LGTLT00377,LGTCON03428;LGTCON02768;LGTCON02767;LGTCON02766;LGTCON02771;LGTCON02772,reachable,
LGTNET00344,LGTFIT00194,,unclassified_fitting,LGTLT00378,LGTCON03428;LGTCON02768;LGTCON02767;LGTCON02766;LGTCON02771,reachable,
LGTNET00344,LGTFIT00194,,unclassified_fitting,LGTLT00379,LGTCON03428;LGTCON02768;LGTCON02767,reachable,
LGTNET00344,LGTFIT00194,,unclassified_fitting,LGTLT00380,LGTCON03428;LGTCON02768;LGTCON02767;LGTCON02766;LGTCON02770,reachable,
LGTNET00344,LGTFIT00194,,unclassified_fitting,LGTLT02727,LGTCON03428;LGTCON02768;LGTCON02769;LGTCON00784,reachable,
LGTNET00344,LGTFIT00195,,unclassified_fitting,LGTLT00374,LGTCON00739;LGTCON00784,reachable,
LGTNET00344,LGTFIT00195,,unclassified_fitting,LGTLT00375,LGTCON00739;LGTCON00784;LGTCON02769,reachable,
LGTNET00344,LGTFIT00195,,unclassified_fitting,LGTLT00376,LGTCON00739;LGTCON00784;LGTCON02769;LGTCON02768,reachable,
LGTNET00344,LGTFIT00195,,unclassified_fitting,LGTLT00377,LGTCON00739;LGTCON00784;LGTCON02769;LGTCON02767;LGTCON02766;LGTCON02771;LGTCON02772,reachable,
LGTNET00344,LGTFIT00195,,unclassified_fitting,LGTLT00378,LGTCON00739;LGTCON00784;LGTCON02769;LGTCON02767;LGTCON02766;LGTCON02771,reachable,
LGTNET00344,LGTFIT00195,,unclassified_fitting,LGTLT00379,LGTCON00739;LGTCON00784;LGTCON02769;LGTCON02767,reachable,
LGTNET00344,LGTFIT00195,,unclassified_fitting,LGTLT00380,LGTCON00739;LGTCON00784;LGTCON02769;LGTCON02767;LGTCON02766;LGTCON02770,reachable,
LGTNET00344,LGTFIT00195,,unclassified_fitting,LGTLT02727,LGTCON00739,reachable,
LGTNET00344,LGTFIT01211,service_box,assumed,LGTLT00374,LGTCON02765;LGTCON02767;LGTCON02769,reachable,
LGTNET00344,LGTFIT01211,service_box,assumed,LGTLT00375,LGTCON02765;LGTCON02767,reachable,
LGTNET00344,LGTFIT01211,service_box,assumed,LGTLT00376,LGTCON02765;LGTCON02767;LGTCON02768,reachable,
LGTNET00344,LGTFIT01211,service_box,assumed,LGTLT00377,LGTCON02765;LGTCON02766;LGTCON02771;LGTCON02772,reachable,
LGTNET00344,LGTFIT01211,service_box,assumed,LGTLT00378,LGTCON02765;LGTCON02766;LGTCON02771,reachable,
LGTNET00344,LGTFIT01211,service_box,assumed,LGTLT00379,LGTCON02765,reachable,
LGTNET00344,LGTFIT01211,service_box,assumed,LGTLT00380,LGTCON02765;LGTCON02766;LGTCON02770,reachable,
LGTNET00344,LGTFIT01211,service_box,assumed,LGTLT02727,LGTCON02765;LGTCON02767;LGTCON02769;LGTCON00784,reachable,
LGTNET00345,LGTFIT00286,,unclassified_fitting,LGTLT02044,LGTCON03796,reachable,
LGTNET00345,LGTFIT00286,,unclassified_fitting,LGTLT02045,LGTCON00151,reachable,
LGTNET00345,LGTFIT00286,,unclassified_fitting,LGTLT02046,LGTCON00150;LGTCON00149,reachable,
LGTNET00345,LGTFIT00286,,unclassified_fitting,LGTLT02972,LGTCON00150;LGTCON00153;LGTCON00152,reachable,
LGTNET00345,LGTFIT00286,,unclassified_fitting,LGTLT02973,LGTCON00150;LGTCON00153;LGTCON00154,reachable,
LGTNET00346,LGTFIT00289,,unclassified_fitting,LGTLT02047,LGTCON00155,reachable,
LGTNET00346,LGTFIT00289,,unclassified_fitting,LGTLT02048,LGTCON00156,reachable,
LGTNET00347,LGTFIT01086,,unclassified_fitting,LGTLT01937,LGTCON03816;LGTCON00949;LGTCON00952;LGTCON00951,reachable,
LGTNET00347,LGTFIT01086,,unclassified_fitting,LGTLT01938,LGTCON03816;LGTCON00949;LGTCON00952;LGTCON00954;LGTCON00953,reachable,
LGTNET00347,LGTFIT01086,,unclassified_fitting,LGTLT01939,LGTCON03816;LGTCON00949;LGTCON00952;LGTCON00954;LGTCON00956;LGTCON00955,reachable,
LGTNET00347,LGTFIT01086,,unclassified_fitting,LGTLT01940,LGTCON03816;LGTCON00949;LGTCON00952;LGTCON00954;LGTCON00956;LGTCON00959;LGTCON00961,reachable,
LGTNET00347,LGTFIT01086,,unclassified_fitting,LGTLT01941,LGTCON03816;LGTCON00949;LGTCON00952;LGTCON00954;LGTCON00956;LGTCON00959;LGTCON00960;LGTCON00957;LGTCON00958,reachable,
LGTNET00347,LGTFIT01086,,unclassified_fitting,LGTLT01942,LGTCON03816,reachable,
LGTNET00347,LGTFIT01086,,unclassified_fitting,LGTLT02938,LGTCON03816;LGTCON00949;LGTCON00950,reachable,
LGTNET00348,LGTFIT00229,,unclassified_fitting,LGTLT01688,LGTCON00033;LGTCON00045;LGTCON00030,reachable,
LGTNET00348,LGTFIT00229,,unclassified_fitting,LGTLT01689,LGTCON00032,reachable,
LGTNET00348,LGTFIT00229,,unclassified_fitting,LGTLT01690,LGTCON00031,reachable,
LGTNET00348,LGTFIT00229,,unclassified_fitting,LGTLT02804,,unreachable,
LGTNET00348,LGTFIT00229,,unclassified_fitting,LGTLT02950,LGTCON00033;LGTCON00034,reachable,
LGTNET00349,LGTFIT00231,,unclassified_fitting,LGTLT01682,LGTCON00036;LGTCON00037;LGTCON00039;LGTCON00041;LGTCON00046;LGTCON00044;LGTCON00043,reachable,
LGTNET00349,LGTFIT00231,,unclassified_fitting,LGTLT01683,LGTCON00036;LGTCON00037;LGTCON00039;LGTCON00041;LGTCON00046,reachable,
LGTNET00349,LGTFIT00231,,unclassified_fitting,LGTLT01684,LGTCON00036;LGTCON00037;LGTCON00039;LGTCON00040,reachable,
LGTNET00349,LGTFIT00231,,unclassified_fitting,LGTLT01685,LGTCON00036;LGTCON00037;LGTCON00038,reachable,
LGTNET00349,LGTFIT00231,,unclassified_fitting,LGTLT01686,LGTCON00036,reachable,
LGTNET00349,LGTFIT00231,,unclassified_fitting,LGTLT01687,LGTCON00042,reachable,
LGTNET00350,LGTFIT00372,,unclassified_fitting,LGTLT01920,LGTCON00515;LGTCON00516,reachable,
LGTNET00350,LGTFIT00372,,unclassified_fitting,LGTLT01921,LGTCON00515,reachable,
LGTNET00350,LGTFIT00372,,unclassified_fitting,LGTLT01922,LGTCON00513,reachable,
LGTNET00350,LGTFIT00372,,unclassified_fitting,LGTLT01923,LGTCON00513;LGTCON00512,reachable,
LGTNET00350,LGTFIT00372,,unclassified_fitting,LGTLT01934,LGTCON00514,reachable,
LGTNET00351,LGTFIT00915,,unclassified_fitting,LGTLT01924,LGTCON03127,reachable,
LGTNET00351,LGTFIT00915,,unclassified_fitting,LGTLT01925,LGTCON03127;LGTCON03128,reachable,
LGTNET00351,LGTFIT00915,,unclassified_fitting,LGTLT01926,LGTCON03127;LGTCON03128;LGTCON03129,reachable,
LGTNET00351,LGTFIT00915,,unclassified_fitting,LGTLT01927,LGTCON03132;LGTCON03130,reachable,
LGTNET00351,LGTFIT00915,,unclassified_fitting,LGTLT01928,LGTCON03132;LGTCON03130;LGTCON03131,reachable,
LGTNET00351,LGTFIT00915,,unclassified_fitting,LGTLT01929,LGTCON03132,reachable,
LGTNET00351,LGTFIT00915,,unclassified_fitting,LGTLT01930,LGTCON03126,reachable,
LGTNET00351,LGTFIT00915,,unclassified_fitting,LGTLT01931,LGTCON03126;LGTCON03125,reachable,
LGTNET00351,LGTFIT00915,,unclassified_fitting,LGTLT01932,LGTCON03126;LGTCON03125;LGTCON03124,reachable,
LGTNET00351,LGTFIT00915,,unclassified_fitting,LGTLT01933,LGTCON03126;LGTCON03125;LGTCON03124;LGTCON03123,reachable,
LGTNET00352,LGTFIT00188,,unclassified_fitting,LGTLT01916,LGTCON00852;LGTCON00853;LGTCON00854;LGTCON00855,reachable,
LGTNET00352,LGTFIT00188,,unclassified_fitting,LGTLT01917,LGTCON00852;LGTCON00853;LGTCON00854;LGTCON00855;LGTCON03776,reachable,
LGTNET00352,LGTFIT00188,,unclassified_fitting,LGTLT01918,LGTCON00852;LGTCON00853;LGTCON00854;LGTCON00855;LGTCON03776;LGTCON03775,reachable,
LGTNET00352,LGTFIT00188,,unclassified_fitting,LGTLT01919,LGTCON00852;LGTCON00853;LGTCON00854;LGTCON00855;LGTCON03776;LGTCON03775;LGTCON03695,reachable,
LGTNET00352,LGTFIT00188,,unclassified_fitting,LGTLT01935,LGTCON00852;LGTCON00853,reachable,
LGTNET00352,LGTFIT00188,,unclassified_fitting,LGTLT01936,LGTCON00852,reachable,
LGTNET00352,LGTFIT00188,,unclassified_fitting,LGTLT02579,,unreachable,
LGTNET00352,LGTFIT00188,,unclassified_fitting,LGTLT02695,,unreachable,
LGTNET00352,LGTFIT00188,,unclassified_fitting,LGTLT02696,,unreachable,
LGTNET00352,LGTFIT00188,,unclassified_fitting,LGTLT02697,LGTCON00852;LGTCON00853;LGTCON00854;LGTCON00855;LGTCON00856;LGTCON00857;LGTCON00858;LGTCON00859,reachable,
LGTNET00352,LGTFIT00188,,unclassified_fitting,LGTLT02698,LGTCON00852;LGTCON00853;LGTCON00854;LGTCON00855;LGTCON00856;LGTCON00857;LGTCON00858,reachable,
LGTNET00352,LGTFIT00188,,unclassified_fitting,LGTLT02699,LGTCON00852;LGTCON00853;LGTCON00854;LGTCON00855;LGTCON00856;LGTCON00857,reachable,
LGTNET00352,LGTFIT00188,,unclassified_fitting,LGTLT02700,LGTCON00852;LGTCON00853;LGTCON00854;LGTCON00855;LGTCON00856,reachable,
LGTNET00352,LGTFIT00188,,unclassified_fitting,LGTLT02701,,unreachable,
LGTNET00352,LGTFIT00188,,unclassified_fitting,LGTLT02702,,unreachable,
LGTNET00352,LGTFIT00188,,unclassified_fitting,LGTLT02703,,unreachable,
LGTNET00352,LGTFIT00188,,unclassified_fitting,LGTLT02704,LGTCON00852;LGTCON00853;LGTCON00854,reachable,
LGTNET00352,LGTFIT00188,,unclassified_fitting,LGTLT02957,,unreachable,
LGTNET00352,LGTFIT00189,,unclassified_fitting,LGTLT01916,,unreachable,
LGTNET00352,LGTFIT00189,,unclassified_fitting,LGTLT01917,,unreachable,
LGTNET00352,LGTFIT00189,,unclassified_fitting,LGTLT01918,,unreachable,
LGTNET00352,LGTFIT00189,,unclassified_fitting,LGTLT01919,,unreachable,
LGTNET00352,LGTFIT00189,,unclassified_fitting,LGTLT01935,,unreachable,
LGTNET00352,LGTFIT00189,,unclassified_fitting,LGTLT01936,,unreachable,
LGTNET00352,LGTFIT00189,,unclassified_fitting,LGTLT02579,LGTCON00863,reachable,
LGTNET00352,LGTFIT00189,,unclassified_fitting,LGTLT02695,,unreachable,
LGTNET00352,LGTFIT00189,,unclassified_fitting,LGTLT02696,,unreachable,
LGTNET00352,LGTFIT00189,,unclassified_fitting,LGTLT02697,,unreachable,
LGTNET00352,LGTFIT00189,,unclassified_fitting,LGTLT02698,,unreachable,
LGTNET00352,LGTFIT00189,,unclassified_fitting,LGTLT02699,,unreachable,
LGTNET00352,LGTFIT00189,,unclassified_fitting,LGTLT02700,,unreachable,
LGTNET00352,LGTFIT00189,,unclassified_fitting,LGTLT02701,LGTCON00863;LGTCON00864;LGTCON00865,reachable,
LGTNET00352,LGTFIT00189,,unclassified_fitting,LGTLT02702,LGTCON00863;LGTCON00864;LGTCON00865;LGTCON00867,reachable,
LGTNET00352,LGTFIT00189,,unclassified_fitting,LGTLT02703,LGTCON00863;LGTCON00864;LGTCON00865;LGTCON00867;LGTCON00866,reachable,
LGTNET00352,LGTFIT00189,,unclassified_fitting,LGTLT02704,,unreachable,
LGTNET00352,LGTFIT00189,,unclassified_fitting,LGTLT02957,LGTCON00863;LGTCON00864,reachable,
LGTNET00352,LGTFIT00190,,unclassified_fitting,LGTLT01916,LGTCON00860;LGTCON00859;LGTCON00858;LGTCON00857;LGTCON00856,reachable,
LGTNET00352,LGTFIT00190,,unclassified_fitting,LGTLT01917,LGTCON00860;LGTCON00859;LGTCON00858;LGTCON00857;LGTCON00856;LGTCON03776,reachable,
LGTNET00352,LGTFIT00190,,unclassified_fitting,LGTLT01918,LGTCON00860;LGTCON00859;LGTCON00858;LGTCON00857;LGTCON00856;LGTCON03776;LGTCON03775,reachable,
LGTNET00352,LGTFIT00190,,unclassified_fitting,LGTLT01919,LGTCON00860;LGTCON00859;LGTCON00858;LGTCON00857;LGTCON00856;LGTCON03776;LGTCON03775;LGTCON03695,reachable,
LGTNET00352,LGTFIT00190,,unclassified_fitting,LGTLT01935,LGTCON00860;LGTCON00859;LGTCON00858;LGTCON00857;LGTCON00856;LGTCON00855;LGTCON00854,reachable,
LGTNET00352,LGTFIT00190,,unclassified_fitting,LGTLT01936,LGTCON00860;LGTCON00859;LGTCON00858;LGTCON00857;LGTCON00856;LGTCON00855;LGTCON00854;LGTCON00853,reachable,
LGTNET00352,LGTFIT00190,,unclassified_fitting,LGTLT02579,,unreachable,
LGTNET00352,LGTFIT00190,,unclassified_fitting,LGTLT02695,,unreachable,
LGTNET00352,LGTFIT00190,,unclassified_fitting,LGTLT02696,,unreachable,
LGTNET00352,LGTFIT00190,,unclassified_fitting,LGTLT02697,LGTCON00860,reachable,
LGTNET00352,LGTFIT00190,,unclassified_fitting,LGTLT02698,LGTCON00860;LGTCON00859,reachable,
LGTNET00352,LGTFIT00190,,unclassified_fitting,LGTLT02699,LGTCON00860;LGTCON00859;LGTCON00858,reachable,
LGTNET00352,LGTFIT00190,,unclassified_fitting,LGTLT02700,LGTCON00860;LGTCON00859;LGTCON00858;LGTCON00857,reachable,
LGTNET00352,LGTFIT00190,,unclassified_fitting,LGTLT02701,,unreachable,
LGTNET00352,LGTFIT00190,,unclassified_fitting,LGTLT02702,,unreachable,
LGTNET00352,LGTFIT00190,,unclassified_fitting,LGTLT02703,,unreachable,
LGTNET00352,LGTFIT00190,,unclassified_fitting,LGTLT02704,LGTCON00860;LGTCON00859;LGTCON00858;LGTCON00857;LGTCON00856;LGTCON00855,reachable,
LGTNET00352,LGTFIT00190,,unclassified_fitting,LGTLT02957,,unreachable,
LGTNET00352,LGTFIT00402,,unclassified_fitting,LGTLT01916,,unreachable,
LGTNET00352,LGTFIT00402,,unclassified_fitting,LGTLT01917,,unreachable,
LGTNET00352,LGTFIT00402,,unclassified_fitting,LGTLT01918,,unreachable,
LGTNET00352,LGTFIT00402,,unclassified_fitting,LGTLT01919,,unreachable,
LGTNET00352,LGTFIT00402,,unclassified_fitting,LGTLT01935,,unreachable,
LGTNET00352,LGTFIT00402,,unclassified_fitting,LGTLT01936,,unreachable,
LGTNET00352,LGTFIT00402,,unclassified_fitting,LGTLT02579,,unreachable,
LGTNET00352,LGTFIT00402,,unclassified_fitting,LGTLT02695,LGTCON00862;LGTCON00861,reachable,
LGTNET00352,LGTFIT00402,,unclassified_fitting,LGTLT02696,LGTCON00862,reachable,
LGTNET00352,LGTFIT00402,,unclassified_fitting,LGTLT02697,,unreachable,
LGTNET00352,LGTFIT00402,,unclassified_fitting,LGTLT02698,,unreachable,
LGTNET00352,LGTFIT00402,,unclassified_fitting,LGTLT02699,,unreachable,
LGTNET00352,LGTFIT00402,,unclassified_fitting,LGTLT02700,,unreachable,
LGTNET00352,LGTFIT00402,,unclassified_fitting,LGTLT02701,,unreachable,
LGTNET00352,LGTFIT00402,,unclassified_fitting,LGTLT02702,,unreachable,
LGTNET00352,LGTFIT00402,,unclassified_fitting,LGTLT02703,,unreachable,
LGTNET00352,LGTFIT00402,,unclassified_fitting,LGTLT02704,,unreachable,
LGTNET00352,LGTFIT00402,,unclassified_fitting,LGTLT02957,,unreachable,
LGTNET00352,LGTFIT01125,service_box,explicit,LGTLT01916,LGTCON00869;LGTCON00858;LGTCON00857;LGTCON00856,reachable,
LGTNET00352,LGTFIT01125,service_box,explicit,LGTLT01917,LGTCON00869;LGTCON00858;LGTCON00857;LGTCON00856;LGTCON03776,reachable,
LGTNET00352,LGTFIT01125,service_box,explicit,LGTLT01918,LGTCON00869;LGTCON00858;LGTCON00857;LGTCON00856;LGTCON03776;LGTCON03775,reachable,
LGTNET00352,LGTFIT01125,service_box,explicit,LGTLT01919,LGTCON00869;LGTCON00858;LGTCON00857;LGTCON00856;LGTCON03776;LGTCON03775;LGTCON03695,reachable,
LGTNET00352,LGTFIT01125,service_box,explicit,LGTLT01935,LGTCON00869;LGTCON00858;LGTCON00857;LGTCON00856;LGTCON00855;LGTCON00854,reachable,
LGTNET00352,LGTFIT01125,service_box,explicit,LGTLT01936,LGTCON00869;LGTCON00858;LGTCON00857;LGTCON00856;LGTCON00855;LGTCON00854;LGTCON00853,reachable,
LGTNET00352,LGTFIT01125,service_box,explicit,LGTLT02579,,unreachable,
LGTNET00352,LGTFIT01125,service_box,explicit,LGTLT02695,,unreachable,
LGTNET00352,LGTFIT01125,service_box,explicit,LGTLT02696,,unreachable,
LGTNET00352,LGTFIT01125,service_box,explicit,LGTLT02697,LGTCON00869;LGTCON00859,reachable,
LGTNET00352,LGTFIT01125,service_box,explicit,LGTLT02698,LGTCON00869,reachable,
LGTNET00352,LGTFIT01125,service_box,explicit,LGTLT02699,LGTCON00869;LGTCON00858,reachable,
LGTNET00352,LGTFIT01125,service_box,explicit,LGTLT02700,LGTCON00869;LGTCON00858;LGTCON00857,reachable,
LGTNET00352,LGTFIT01125,service_box,explicit,LGTLT02701,,unreachable,
LGTNET00352,LGTFIT01125,service_box,explicit,LGTLT02702,,unreachable,
LGTNET00352,LGTFIT01125,service_box,explicit,LGTLT02703,,unreachable,
LGTNET00352,LGTFIT01125,service_box,explicit,LGTLT02704,LGTCON00869;LGTCON00858;LGTCON00857;LGTCON00856;LGTCON00855,reachable,
LGTNET00352,LGTFIT01125,service_box,explicit,LGTLT02957,,unreachable,
LGTNET00353,LGTFIT00799,,unclassified_fitting,LGTLT00591,LGTCON03586;LGTCON03590;LGTCON02251;LGTCON02342,reachable,
LGTNET00353,LGTFIT00799,,unclassified_fitting,LGTLT00592,LGTCON03586;LGTCON03590;LGTCON02341,reachable,
LGTNET00353,LGTFIT00799,,unclassified_fitting,LGTLT00593,LGTCON03586;LGTCON03590;LGTCON02250;LGTCON02340,reachable,
LGTNET00353,LGTFIT00799,,unclassified_fitting,LGTLT00594,LGTCON03586;LGTCON03590;LGTCON02250;LGTCON02249;LGTCON02339,reachable,
LGTNET00353,LGTFIT00799,,unclassified_fitting,LGTLT00595,LGTCON03586;LGTCON03590;LGTCON02250;LGTCON02249;LGTCON02248;LGTCON02338,reachable,
LGTNET00353,LGTFIT00799,,unclassified_fitting,LGTLT00596,LGTCON03586;LGTCON03590;LGTCON02250;LGTCON02249;LGTCON02248;LGTCON02247;LGTCON02337,reachable,
LGTNET00353,LGTFIT00799,,unclassified_fitting,LGTLT01193,LGTCON03586;LGTCON03590;LGTCON02250;LGTCON02249;LGTCON02248;LGTCON02247;LGTCON02246;LGTCON02336,reachable,
LGTNET00353,LGTFIT00799,,unclassified_fitting,LGTLT01194,LGTCON03586;LGTCON03590;LGTCON02250;LGTCON02249;LGTCON02248;LGTCON02247;LGTCON02246;LGTCON02245;LGTCON02335,reachable,
LGTNET00353,LGTFIT00799,,unclassified_fitting,LGTLT01195,LGTCON03586;LGTCON03590;LGTCON02250;LGTCON02249;LGTCON02248;LGTCON02247;LGTCON02246;LGTCON02245;LGTCON02244;LGTCON02334,reachable,
LGTNET00353,LGTFIT00799,,unclassified_fitting,LGTLT01196,LGTCON03586;LGTCON03590;LGTCON02250;LGTCON02249;LGTCON02248;LGTCON02247;LGTCON02246;LGTCON02245;LGTCON02244;LGTCON02243;LGTCON02333,reachable,
LGTNET00353,LGTFIT00799,,unclassified_fitting,LGTLT01197,LGTCON03586;LGTCON03590;LGTCON02250;LGTCON02249;LGTCON02248;LGTCON02247;LGTCON02246;LGTCON02245;LGTCON02244;LGTCON02243;LGTCON02242;LGTCON02332,reachable,
LGTNET00353,LGTFIT00985,,unclassified_fitting,LGTLT00591,LGTCON02491;LGTCON02246;LGTCON02247;LGTCON02248;LGTCON02249;LGTCON02250;LGTCON02251;LGTCON02342,reachable,
LGTNET00353,LGTFIT00985,,unclassified_fitting,LGTLT00592,LGTCON02491;LGTCON02246;LGTCON02247;LGTCON02248;LGTCON02249;LGTCON02250;LGTCON02341,reachable,
LGTNET00353,LGTFIT00985,,unclassified_fitting,LGTLT00593,LGTCON02491;LGTCON02246;LGTCON02247;LGTCON02248;LGTCON02249;LGTCON02340,reachable,
LGTNET00353,LGTFIT00985,,unclassified_fitting,LGTLT00594,LGTCON02491;LGTCON02246;LGTCON02247;LGTCON02248;LGTCON02339,reachable,
LGTNET00353,LGTFIT00985,,unclassified_fitting,LGTLT00595,LGTCON02491;LGTCON02246;LGTCON02247;LGTCON02338,reachable,
LGTNET00353,LGTFIT00985,,unclassified_fitting,LGTLT00596,LGTCON02491;LGTCON02246;LGTCON02337,reachable,
LGTNET00353,LGTFIT00985,,unclassified_fitting,LGTLT01193,LGTCON02491;LGTCON02336,reachable,
LGTNET00353,LGTFIT00985,,unclassified_fitting,LGTLT01194,LGTCON02491;LGTCON02245;LGTCON02335,reachable,
LGTNET00353,LGTFIT00985,,unclassified_fitting,LGTLT01195,LGTCON02491;LGTCON02245;LGTCON02244;LGTCON02334,reachable,
LGTNET00353,LGTFIT00985,,unclassified_fitting,LGTLT01196,LGTCON02491;LGTCON02245;LGTCON02244;LGTCON02243;LGTCON02333,reachable,
LGTNET00353,LGTFIT00985,,unclassified_fitting,LGTLT01197,LGTCON02491;LGTCON02245;LGTCON02244;LGTCON02243;LGTCON02242;LGTCON02332,reachable,
LGTNET00354,LGTFIT00801,,unclassified_fitting,LGTLT00589,LGTCON02492;LGTCON02262;LGTCON02261;LGTCON02260;LGTCON02259;LGTCON02258;LGTCON02257;LGTCON02256;LGTCON02255;LGTCON02254;LGTCON02344,reachable,
LGTNET00354,LGTFIT00801,,unclassified_fitting,LGTLT00590,LGTCON02492;LGTCON02262;LGTCON02261;LGTCON02260;LGTCON02259;LGTCON02258;LGTCON02257;LGTCON02256;LGTCON02255;LGTCON02254;LGTCON02253;LGTCON02343,reachable,
LGTNET00354,LGTFIT00801,,unclassified_fitting,LGTLT01198,LGTCON02492;LGTCON02263;LGTCON02264;LGTCON02265;LGTCON02266;LGTCON02267;LGTCON02268;LGTCON02269;LGTCON02270;LGTCON02271;LGTCON02362,reachable,
LGTNET00354,LGTFIT00801,,unclassified_fitting,LGTLT01199,LGTCON02492;LGTCON02263;LGTCON02264;LGTCON02265;LGTCON02266;LGTCON02267;LGTCON02268;LGTCON02269;LGTCON02270;LGTCON02361,reachable,
LGTNET00354,LGTFIT00801,,unclassified_fitting,LGTLT01200,LGTCON02492;LGTCON02263;LGTCON02264;LGTCON02265;LGTCON02266;LGTCON02267;LGTCON02268;LGTCON02269;LGTCON02360,reachable,
LGTNET00354,LGTFIT00801,,unclassified_fitting,LGTLT01201,LGTCON02492;LGTCON02263;LGTCON02264;LGTCON02265;LGTCON02266;LGTCON02267;LGTCON02358,reachable,
LGTNET00354,LGTFIT00801,,unclassified_fitting,LGTLT01202,LGTCON02492;LGTCON02263;LGTCON02264;LGTCON02265;LGTCON02266;LGTCON02357,reachable,
LGTNET00354,LGTFIT00801,,unclassified_fitting,LGTLT01203,LGTCON02492;LGTCON02263;LGTCON02264;LGTCON02265;LGTCON02356,reachable,
LGTNET00354,LGTFIT00801,,unclassified_fitting,LGTLT01204,LGTCON02492;LGTCON02263;LGTCON02264;LGTCON02355,reachable,
LGTNET00354,LGTFIT00801,,unclassified_fitting,LGTLT01205,LGTCON02492;LGTCON02263;LGTCON02354,reachable,
LGTNET00354,LGTFIT00801,,unclassified_fitting,LGTLT01206,LGTCON02492;LGTCON02262;LGTCON02352,reachable,
LGTNET00354,LGTFIT00801,,unclassified_fitting,LGTLT01207,LGTCON02492;LGTCON02262;LGTCON02261;LGTCON02351,reachable,
LGTNET00354,LGTFIT00801,,unclassified_fitting,LGTLT01208,LGTCON02492;LGTCON02262;LGTCON02261;LGTCON02260;LGTCON02350,reachable,
LGTNET00354,LGTFIT00801,,unclassified_fitting,LGTLT01209,LGTCON02492;LGTCON02262;LGTCON02261;LGTCON02260;LGTCON02259;LGTCON02349,reachable,
LGTNET00354,LGTFIT00801,,unclassified_fitting,LGTLT01210,LGTCON02492;LGTCON02262;LGTCON02261;LGTCON02260;LGTCON02259;LGTCON02258;LGTCON02257;LGTCON02347,reachable,
LGTNET00354,LGTFIT00801,,unclassified_fitting,LGTLT01211,LGTCON02492;LGTCON02262;LGTCON02261;LGTCON02260;LGTCON02259;LGTCON02258;LGTCON02257;LGTCON02256;LGTCON02346,reachable,
LGTNET00354,LGTFIT00801,,unclassified_fitting,LGTLT01212,LGTCON02492;LGTCON02262;LGTCON02261;LGTCON02260;LGTCON02259;LGTCON02258;LGTCON02257;LGTCON02256;LGTCON02255;LGTCON02345,reachable,
LGTNET00354,LGTFIT00801,,unclassified_fitting,LGTLT02898,LGTCON02492;LGTCON02353,reachable,
LGTNET00354,LGTFIT00801,,unclassified_fitting,LGTLT02958,LGTCON02492;LGTCON02263;LGTCON02264;LGTCON02265;LGTCON02266;LGTCON02267;LGTCON02268;LGTCON02359,reachable,
LGTNET00354,LGTFIT00801,,unclassified_fitting,LGTLT02959,LGTCON02492;LGTCON02262;LGTCON02261;LGTCON02260;LGTCON02259;LGTCON02258;LGTCON02348,reachable,
LGTNET00355,LGTFIT01205,service_box,assumed,LGTLT00384,LGTCON00517,reachable,
LGTNET00356,LGTFIT01087,,unclassified_fitting,LGTLT01509,LGTCON03817,reachable,
LGTNET00356,LGTFIT01087,,unclassified_fitting,LGTLT01510,LGTCON03817;LGTCON03136;LGTCON03135,reachable,
LGTNET00357,LGTFIT00212,,unclassified_fitting,LGTLT01489,LGTCON01900,reachable,
LGTNET00357,LGTFIT00212,,unclassified_fitting,LGTLT01490,,unreachable,
LGTNET00357,LGTFIT00212,,unclassified_fitting,LGTLT01491,,unreachable,
LGTNET00357,LGTFIT00212,,unclassified_fitting,LGTLT01492,,unreachable,
LGTNET00357,LGTFIT00212,,unclassified_fitting,LGTLT01493,,unreachable,
LGTNET00357,LGTFIT00212,,unclassified_fitting,LGTLT01494,,unreachable,
LGTNET00357,LGTFIT00212,,unclassified_fitting,LGTLT01495,,unreachable,
LGTNET00357,LGTFIT00212,,unclassified_fitting,LGTLT01496,,unreachable,
LGTNET00357,LGTFIT00212,,unclassified_fitting,LGTLT01497,,unreachable,
LGTNET00357,LGTFIT00214,,unclassified_fitting,LGTLT01489,,unreachable,
LGTNET00357,LGTFIT00214,,unclassified_fitting,LGTLT01490,LGTCON01907;LGTCON01889;LGTCON01890;LGTCON01888;LGTCON01885,reachable,
LGTNET00357,LGTFIT00214,,unclassified_fitting,LGTLT01491,LGTCON01907;LGTCON01889;LGTCON01890;LGTCON01888,reachable,
LGTNET00357,LGTFIT00214,,unclassified_fitting,LGTLT01492,LGTCON01907;LGTCON01889;LGTCON01890;LGTCON01888;LGTCON01884,reachable,
LGTNET00357,LGTFIT00214,,unclassified_fitting,LGTLT01493,LGTCON01907,reachable,
LGTNET00357,LGTFIT00214,,unclassified_fitting,LGTLT01494,LGTCON01907;LGTCON01889,reachable,
LGTNET00357,LGTFIT00214,,unclassified_fitting,LGTLT01495,LGTCON01907;LGTCON01889;LGTCON01890,reachable,
LGTNET00357,LGTFIT00214,,unclassified_fitting,LGTLT01496,LGTCON01907;LGTCON01889;LGTCON01890;LGTCON01891,reachable,
LGTNET00357,LGTFIT00214,,unclassified_fitting,LGTLT01497,LGTCON01907;LGTCON01889;LGTCON01890;LGTCON01891;LGTCON01892,reachable,
LGTNET00357,LGTFIT01063,service_box,assumed,LGTLT01489,LGTCON01887,reachable,
LGTNET00357,LGTFIT01063,service_box,assumed,LGTLT01490,,unreachable,
LGTNET00357,LGTFIT01063,service_box,assumed,LGTLT01491,,unreachable,
LGTNET00357,LGTFIT01063,service_box,assumed,LGTLT01492,,unreachable,
LGTNET00357,LGTFIT01063,service_box,assumed,LGTLT01493,,unreachable,
LGTNET00357,LGTFIT01063,service_box,assumed,LGTLT01494,,unreachable,
LGTNET00357,LGTFIT01063,service_box,assumed,LGTLT01495,,unreachable,
LGTNET00357,LGTFIT01063,service_box,assumed,LGTLT01496,,unreachable,
LGTNET00357,LGTFIT01063,service_box,assumed,LGTLT01497,,unreachable,
LGTNET00358,LGTFIT00211,,unclassified_fitting,LGTLT01498,LGTCON01899;LGTCON01898;LGTCON01897;LGTCON01896;LGTCON01905;LGTCON01904;LGTCON01903;LGTCON01902,reachable,
LGTNET00358,LGTFIT00211,,unclassified_fitting,LGTLT01499,LGTCON01899;LGTCON01898;LGTCON01897;LGTCON01896;LGTCON01905;LGTCON01904;LGTCON01903,reachable,
LGTNET00358,LGTFIT00211,,unclassified_fitting,LGTLT01500,LGTCON01899;LGTCON01898;LGTCON01897;LGTCON01896;LGTCON01905;LGTCON01904,reachable,
LGTNET00358,LGTFIT00211,,unclassified_fitting,LGTLT01501,LGTCON01899;LGTCON01898;LGTCON01897;LGTCON01896;LGTCON01905,reachable,
LGTNET00358,LGTFIT00211,,unclassified_fitting,LGTLT01502,LGTCON01899;LGTCON01898;LGTCON01897,reachable,
LGTNET00358,LGTFIT00211,,unclassified_fitting,LGTLT01503,LGTCON01899;LGTCON01898,reachable,
LGTNET00358,LGTFIT00211,,unclassified_fitting,LGTLT01504,LGTCON01899,reachable,
LGTNET00358,LGTFIT00211,,unclassified_fitting,LGTLT01505,LGTCON01899;LGTCON01898;LGTCON01897;LGTCON01896,reachable,
LGTNET00358,LGTFIT00211,,unclassified_fitting,LGTLT01506,LGTCON01899;LGTCON01898;LGTCON01897;LGTCON01896;LGTCON01895,reachable,
LGTNET00358,LGTFIT00211,,unclassified_fitting,LGTLT01507,LGTCON01899;LGTCON01898;LGTCON01897;LGTCON01896;LGTCON01895;LGTCON01894,reachable,
LGTNET00358,LGTFIT00211,,unclassified_fitting,LGTLT01508,LGTCON01899;LGTCON01898;LGTCON01897;LGTCON01896;LGTCON01895;LGTCON01894;LGTCON01893,reachable,
LGTNET00358,LGTFIT00213,,unclassified_fitting,LGTLT01498,LGTCON01906;LGTCON01903;LGTCON01902,reachable,
LGTNET00358,LGTFIT00213,,unclassified_fitting,LGTLT01499,LGTCON01906;LGTCON01903,reachable,
LGTNET00358,LGTFIT00213,,unclassified_fitting,LGTLT01500,LGTCON01906,reachable,
LGTNET00358,LGTFIT00213,,unclassified_fitting,LGTLT01501,LGTCON01906;LGTCON01904,reachable,
LGTNET00358,LGTFIT00213,,unclassified_fitting,LGTLT01502,LGTCON01906;LGTCON01904;LGTCON01905;LGTCON01896,reachable,
LGTNET00358,LGTFIT00213,,unclassified_fitting,LGTLT01503,LGTCON01906;LGTCON01904;LGTCON01905;LGTCON01896;LGTCON01897,reachable,
LGTNET00358,LGTFIT00213,,unclassified_fitting,LGTLT01504,LGTCON01906;LGTCON01904;LGTCON01905;LGTCON01896;LGTCON01897;LGTCON01898,reachable,
LGTNET00358,LGTFIT00213,,unclassified_fitting,LGTLT01505,LGTCON01906;LGTCON01904;LGTCON01905,reachable,
LGTNET00358,LGTFIT00213,,unclassified_fitting,LGTLT01506,LGTCON01906;LGTCON01904;LGTCON01905;LGTCON01895,reachable,
LGTNET00358,LGTFIT00213,,unclassified_fitting,LGTLT01507,LGTCON01906;LGTCON01904;LGTCON01905;LGTCON01895;LGTCON01894,reachable,
LGTNET00358,LGTFIT00213,,unclassified_fitting,LGTLT01508,LGTCON01906;LGTCON01904;LGTCON01905;LGTCON01895;LGTCON01894;LGTCON01893,reachable,
LGTNET00358,LGTFIT01064,service_box,assumed,LGTLT01498,LGTCON01901;LGTCON01897;LGTCON01896;LGTCON01905;LGTCON01904;LGTCON01903;LGTCON01902,reachable,
LGTNET00358,LGTFIT01064,service_box,assumed,LGTLT01499,LGTCON01901;LGTCON01897;LGTCON01896;LGTCON01905;LGTCON01904;LGTCON01903,reachable,
LGTNET00358,LGTFIT01064,service_box,assumed,LGTLT01500,LGTCON01901;LGTCON01897;LGTCON01896;LGTCON01905;LGTCON01904,reachable,
LGTNET00358,LGTFIT01064,service_box,assumed,LGTLT01501,LGTCON01901;LGTCON01897;LGTCON01896;LGTCON01905,reachable,
LGTNET00358,LGTFIT01064,service_box,assumed,LGTLT01502,LGTCON01901;LGTCON01897,reachable,
LGTNET00358,LGTFIT01064,service_box,assumed,LGTLT01503,LGTCON01901,reachable,
LGTNET00358,LGTFIT01064,service_box,assumed,LGTLT01504,LGTCON01901;LGTCON01898,reachable,
LGTNET00358,LGTFIT01064,service_box,assumed,LGTLT01505,LGTCON01901;LGTCON01897;LGTCON01896,reachable,
LGTNET00358,LGTFIT01064,service_box,assumed,LGTLT01506,LGTCON01901;LGTCON01897;LGTCON01896;LGTCON01895,reachable,
LGTNET00358,LGTFIT01064,service_box,assumed,LGTLT01507,LGTCON01901;LGTCON01897;LGTCON01896;LGTCON01895;LGTCON01894,reachable,
LGTNET00358,LGTFIT01064,service_box,assumed,LGTLT01508,LGTCON01901;LGTCON01897;LGTCON01896;LGTCON01895;LGTCON01894;LGTCON01893,reachable,
LGTNET00359,LGTFIT01126,,unclassified_fitting,LGTLT02042,LGTCON00137;LGTCON00136,reachable,
LGTNET00359,LGTFIT01126,,unclassified_fitting,LGTLT02043,LGTCON00137;LGTCON00138;LGTCON00135,reachable,
LGTNET00360,LGTFIT00120,,unclassified_fitting,LGTLT01161,LGTCON03176;LGTCON02105;LGTCON02125;LGTCON02126;LGTCON02127;LGTCON02128;LGTCON02129;LGTCON02161;LGTCON02162,reachable,
LGTNET00360,LGTFIT00120,,unclassified_fitting,LGTLT01162,LGTCON03176;LGTCON02105;LGTCON02125;LGTCON02126;LGTCON02127;LGTCON02128;LGTCON02129;LGTCON02161;LGTCON02162;LGTCON02163,reachable,
LGTNET00360,LGTFIT00120,,unclassified_fitting,LGTLT01163,LGTCON03176;LGTCON02105;LGTCON02125;LGTCON02126;LGTCON02127;LGTCON02128;LGTCON02129;LGTCON02161;LGTCON02162;LGTCON02163;LGTCON02164,reachable,
LGTNET00360,LGTFIT00120,,unclassified_fitting,LGTLT01164,LGTCON03176;LGTCON02105;LGTCON02125;LGTCON02126;LGTCON02127;LGTCON02128;LGTCON02129;LGTCON02161;LGTCON02162;LGTCON02163;LGTCON02164;LGTCON02165,reachable,
LGTNET00360,LGTFIT00120,,unclassified_fitting,LGTLT01165,LGTCON03176;LGTCON02105;LGTCON02125;LGTCON02126;LGTCON02127;LGTCON02128;LGTCON02129;LGTCON02161;LGTCON02162;LGTCON02163;LGTCON02164;LGTCON02165;LGTCON02166,reachable,
LGTNET00360,LGTFIT00120,,unclassified_fitting,LGTLT01338,LGTCON03176;LGTCON03166,reachable,
LGTNET00360,LGTFIT00120,,unclassified_fitting,LGTLT01384,LGTCON03176;LGTCON02105,reachable,
LGTNET00360,LGTFIT00120,,unclassified_fitting,LGTLT01385,LGTCON03176;LGTCON02105;LGTCON02125,reachable,
LGTNET00360,LGTFIT00120,,unclassified_fitting,LGTLT01386,LGTCON03176;LGTCON02105;LGTCON02125;LGTCON02126,reachable,
LGTNET00360,LGTFIT00120,,unclassified_fitting,LGTLT01387,LGTCON03176;LGTCON02105;LGTCON02125;LGTCON02126;LGTCON02127,reachable,
LGTNET00360,LGTFIT00120,,unclassified_fitting,LGTLT01388,LGTCON03176;LGTCON02105;LGTCON02125;LGTCON02126;LGTCON02127;LGTCON02128,reachable,
LGTNET00360,LGTFIT00120,,unclassified_fitting,LGTLT01389,LGTCON03176;LGTCON02105;LGTCON02125;LGTCON02126;LGTCON02127;LGTCON02128;LGTCON02129,reachable,
LGTNET00360,LGTFIT00120,,unclassified_fitting,LGTLT01435,LGTCON03176;LGTCON03167;LGTCON03168,reachable,
LGTNET00360,LGTFIT00656,,unclassified_fitting,LGTLT01161,LGTCON03173;LGTCON02105;LGTCON02125;LGTCON02126;LGTCON02127;LGTCON02128;LGTCON02129;LGTCON02161;LGTCON02162,reachable,
LGTNET00360,LGTFIT00656,,unclassified_fitting,LGTLT01162,LGTCON03173;LGTCON02105;LGTCON02125;LGTCON02126;LGTCON02127;LGTCON02128;LGTCON02129;LGTCON02161;LGTCON02162;LGTCON02163,reachable,
LGTNET00360,LGTFIT00656,,unclassified_fitting,LGTLT01163,LGTCON03173;LGTCON02105;LGTCON02125;LGTCON02126;LGTCON02127;LGTCON02128;LGTCON02129;LGTCON02161;LGTCON02162;LGTCON02163;LGTCON02164,reachable,
LGTNET00360,LGTFIT00656,,unclassified_fitting,LGTLT01164,LGTCON03173;LGTCON02105;LGTCON02125;LGTCON02126;LGTCON02127;LGTCON02128;LGTCON02129;LGTCON02161;LGTCON02162;LGTCON02163;LGTCON02164;LGTCON02165,reachable,
LGTNET00360,LGTFIT00656,,unclassified_fitting,LGTLT01165,LGTCON03173;LGTCON02105;LGTCON02125;LGTCON02126;LGTCON02127;LGTCON02128;LGTCON02129;LGTCON02161;LGTCON02162;LGTCON02163;LGTCON02164;LGTCON02165;LGTCON02166,reachable,
LGTNET00360,LGTFIT00656,,unclassified_fitting,LGTLT01338,LGTCON03169,reachable,
LGTNET00360,LGTFIT00656,,unclassified_fitting,LGTLT01384,LGTCON03173;LGTCON02105,reachable,
LGTNET00360,LGTFIT00656,,unclassified_fitting,LGTLT01385,LGTCON03173;LGTCON02105;LGTCON02125,reachable,
LGTNET00360,LGTFIT00656,,unclassified_fitting,LGTLT01386,LGTCON03173;LGTCON02105;LGTCON02125;LGTCON02126,reachable,
LGTNET00360,LGTFIT00656,,unclassified_fitting,LGTLT01387,LGTCON03173;LGTCON02105;LGTCON02125;LGTCON02126;LGTCON02127,reachable,
LGTNET00360,LGTFIT00656,,unclassified_fitting,LGTLT01388,LGTCON03173;LGTCON02105;LGTCON02125;LGTCON02126;LGTCON02127;LGTCON02128,reachable,
LGTNET00360,LGTFIT00656,,unclassified_fitting,LGTLT01389,LGTCON03173;LGTCON02105;LGTCON02125;LGTCON02126;LGTCON02127;LGTCON02128;LGTCON02129,reachable,
LGTNET00360,LGTFIT00656,,unclassified_fitting,LGTLT01435,LGTCON03173;LGTCON03167;LGTCON03168,reachable,
LGTNET00361,LGTFIT01088,,unclassified_fitting,LGTLT00221,LGTCON03818,reachable,
LGTNET00361,LGTFIT01088,,unclassified_fitting,LGTLT00222,LGTCON03818;LGTCON01034;LGTCON01035,reachable,
LGTNET00361,LGTFIT01088,,unclassified_fitting,LGTLT00223,LGTCON03818;LGTCON01034;LGTCON01036,reachable,
LGTNET00361,LGTFIT01088,,unclassified_fitting,LGTLT00224,LGTCON03818;LGTCON01034;LGTCON01036;LGTCON01038,reachable,
LGTNET00361,LGTFIT01088,,unclassified_fitting,LGTLT00225,LGTCON03818;LGTCON01034;LGTCON01036;LGTCON01038;LGTCON01037,reachable,
LGTNET00361,LGTFIT01089,,unclassified_fitting,LGTLT00221,LGTCON03819;LGTCON01036;LGTCON01034,reachable,
LGTNET00361,LGTFIT01089,,unclassified_fitting,LGTLT00222,LGTCON03819;LGTCON01036;LGTCON01035,reachable,
LGTNET00361,LGTFIT01089,,unclassified_fitting,LGTLT00223,LGTCON03819,reachable,
LGTNET00361,LGTFIT01089,,unclassified_fitting,LGTLT00224,LGTCON03819;LGTCON01038,reachable,
LGTNET00361,LGTFIT01089,,unclassified_fitting,LGTLT00225,LGTCON03819;LGTCON01038;LGTCON01037,reachable,
LGTNET00362,LGTFIT00151,,unclassified_fitting,LGTLT02121,LGTCON00326;LGTCON00325;LGTCON00309;LGTCON00324;LGTCON00319;LGTCON00317;LGTCON01039,reachable,
LGTNET00362,LGTFIT00151,,unclassified_fitting,LGTLT02122,LGTCON00326;LGTCON00325;LGTCON00309;LGTCON00324;LGTCON00319,reachable,
LGTNET00362,LGTFIT00151,,unclassified_fitting,LGTLT02123,LGTCON00326;LGTCON00325;LGTCON00309,reachable,
LGTNET00362,LGTFIT00151,,unclassified_fitting,LGTLT02124,LGTCON00326,reachable,
LGTNET00362,LGTFIT00151,,unclassified_fitting,LGTLT02125,LGTCON00326;LGTCON00325;LGTCON00308,reachable,
LGTNET00362,LGTFIT00151,,unclassified_fitting,LGTLT02126,LGTCON00326;LGTCON00325;LGTCON00309;LGTCON00324;LGTCON00319;LGTCON00317;LGTCON00316;LGTCON00315,reachable,
LGTNET00362,LGTFIT00151,,unclassified_fitting,LGTLT02127,LGTCON00326;LGTCON00325;LGTCON00309;LGTCON00324;LGTCON00319;LGTCON00317;LGTCON00316;LGTCON00314,reachable,
LGTNET00362,LGTFIT00151,,unclassified_fitting,LGTLT02128,LGTCON00326;LGTCON00325;LGTCON00309;LGTCON00324;LGTCON00319;LGTCON00317;LGTCON00316;LGTCON00314;LGTCON00313;LGTCON00312,reachable,
LGTNET00362,LGTFIT00151,,unclassified_fitting,LGTLT02130,LGTCON00326;LGTCON00325;LGTCON00309;LGTCON00324;LGTCON00319;LGTCON00317;LGTCON01039;LGTCON00311;LGTCON00310,reachable,
LGTNET00362,LGTFIT00151,,unclassified_fitting,LGTLT02939,LGTCON00326;LGTCON00325;LGTCON00309;LGTCON00324;LGTCON00318,reachable,
LGTNET00363,LGTFIT01212,service_box,assumed,LGTLT01660,LGTCON02775;LGTCON02779;LGTCON02778;LGTCON02777;LGTCON02776;LGTCON02780,reachable,
LGTNET00363,LGTFIT01212,service_box,assumed,LGTLT01661,LGTCON02775;LGTCON02779;LGTCON02778;LGTCON02777,reachable,
LGTNET00363,LGTFIT01212,service_box,assumed,LGTLT01662,LGTCON02775;LGTCON02779;LGTCON02778,reachable,
LGTNET00363,LGTFIT01212,service_box,assumed,LGTLT01663,LGTCON02775;LGTCON02779,reachable,
LGTNET00363,LGTFIT01212,service_box,assumed,LGTLT01664,LGTCON02775;LGTCON02774,reachable,
LGTNET00363,LGTFIT01212,service_box,assumed,LGTLT01665,LGTCON02775,reachable,
LGTNET00364,LGTFIT00024,,unclassified_fitting,LGTLT02464,LGTCON01710;LGTCON01707;LGTCON01708;LGTCON01703,reachable,
LGTNET00364,LGTFIT00024,,unclassified_fitting,LGTLT02465,LGTCON01710;LGTCON01706,reachable,
LGTNET00364,LGTFIT00024,,unclassified_fitting,LGTLT02466,LGTCON01710;LGTCON01707,reachable,
LGTNET00364,LGTFIT00024,,unclassified_fitting,LGTLT02467,LGTCON01710;LGTCON01707;LGTCON01708;LGTCON01702,reachable,
LGTNET00364,LGTFIT00024,,unclassified_fitting,LGTLT02468,LGTCON01710;LGTCON01707;LGTCON01708;LGTCON01704,reachable,
LGTNET00364,LGTFIT00024,,unclassified_fitting,LGTLT02469,LGTCON01710;LGTCON01707;LGTCON01708;LGTCON01704;LGTCON01705,reachable,
LGTNET00364,LGTFIT01149,service_box,assumed,LGTLT02464,LGTCON01709;LGTCON01705;LGTCON01704;LGTCON01703,reachable,
LGTNET00364,LGTFIT01149,service_box,assumed,LGTLT02465,LGTCON01709;LGTCON01705;LGTCON01704;LGTCON01708;LGTCON01707;LGTCON01706,reachable,
LGTNET00364,LGTFIT01149,service_box,assumed,LGTLT02466,LGTCON01709;LGTCON01705;LGTCON01704;LGTCON01708,reachable,
LGTNET00364,LGTFIT01149,service_box,assumed,LGTLT02467,LGTCON01709;LGTCON01705;LGTCON01704;LGTCON01702,reachable,
LGTNET00364,LGTFIT01149,service_box,assumed,LGTLT02468,LGTCON01709;LGTCON01705,reachable,
LGTNET00364,LGTFIT01149,service_box,assumed,LGTLT02469,LGTCON01709,reachable,
LGTNET00365,LGTFIT00381,,unclassified_fitting,LGTLT01041,LGTCON00573;LGTCON00572;LGTCON00570;LGTCON00569;LGTCON00568;LGTCON00566,reachable,
LGTNET00365,LGTFIT00381,,unclassified_fitting,LGTLT01042,LGTCON00573;LGTCON00572;LGTCON00570;LGTCON00569;LGTCON00568;LGTCON00566;LGTCON00565;LGTCON00563,reachable,
LGTNET00365,LGTFIT00381,,unclassified_fitting,LGTLT01043,LGTCON00573;LGTCON00572;LGTCON00570;LGTCON00569;LGTCON00568;LGTCON00566;LGTCON00565;LGTCON00563;LGTCON00564,reachable,
LGTNET00365,LGTFIT00381,,unclassified_fitting,LGTLT01044,LGTCON00573;LGTCON00572;LGTCON00570;LGTCON00569;LGTCON00567,reachable,
LGTNET00365,LGTFIT00381,,unclassified_fitting,LGTLT01045,LGTCON00573;LGTCON00572;LGTCON00571,reachable,
LGTNET00365,LGTFIT00381,,unclassified_fitting,LGTLT01046,LGTCON00574,reachable,
LGTNET00365,LGTFIT00381,,unclassified_fitting,LGTLT01052,LGTCON00575,reachable,
LGTNET00365,LGTFIT00381,,unclassified_fitting,LGTLT01053,LGTCON00573,reachable,
LGTNET00365,LGTFIT00381,,unclassified_fitting,LGTLT01054,LGTCON00573;LGTCON00572;LGTCON00570,reachable,
LGTNET00365,LGTFIT00381,,unclassified_fitting,LGTLT01055,LGTCON00573;LGTCON00572;LGTCON00570;LGTCON00569;LGTCON00568,reachable,
LGTNET00366,LGTFIT00008,,unclassified_fitting,LGTLT01047,LGTCON00555;LGTCON00557;LGTCON00558;LGTCON00560;LGTCON00561;LGTCON00562,reachable,
LGTNET00366,LGTFIT00008,,unclassified_fitting,LGTLT01048,LGTCON00555;LGTCON00557;LGTCON00558;LGTCON00559,reachable,
LGTNET00366,LGTFIT00008,,unclassified_fitting,LGTLT01049,LGTCON00555;LGTCON00556,reachable,
LGTNET00366,LGTFIT00008,,unclassified_fitting,LGTLT01050,LGTCON00555;LGTCON00557,reachable,
LGTNET00366,LGTFIT00008,,unclassified_fitting,LGTLT01051,LGTCON00555;LGTCON00557;LGTCON00558;LGTCON00560,reachable,
LGTNET00367,LGTFIT01227,service_box,explicit,LGTLT01358,LGTCON01452,reachable,
LGTNET00369,LGTFIT01250,service_box,explicit,LGTLT02117,LGTCON00280;LGTCON00278;LGTCON00276,reachable,
LGTNET00369,LGTFIT01250,service_box,explicit,LGTLT02119,LGTCON00280;LGTCON00278;LGTCON00277,reachable,
LGTNET00369,LGTFIT01250,service_box,explicit,LGTLT02120,LGTCON00280,reachable,
LGTNET00371,LGTFIT01225,service_box,explicit,LGTLT01359,LGTCON01445;LGTCON01446;LGTCON01447;LGTCON01448,reachable,
LGTNET00371,LGTFIT01225,service_box,explicit,LGTLT01360,LGTCON01445;LGTCON01446;LGTCON01447,reachable,
LGTNET00371,LGTFIT01225,service_box,explicit,LGTLT01361,LGTCON01445;LGTCON01446,reachable,
LGTNET00371,LGTFIT01225,service_box,explicit,LGTLT01362,LGTCON01445,reachable,
LGTNET00372,LGTFIT00534,,unclassified_fitting,LGTLT02326,LGTCON01260;LGTCON01257;LGTCON01258,reachable,
LGTNET00372,LGTFIT00534,,unclassified_fitting,LGTLT02327,LGTCON01260;LGTCON01257;LGTCON01256,reachable,
LGTNET00372,LGTFIT00534,,unclassified_fitting,LGTLT02328,LGTCON01260,reachable,
LGTNET00372,LGTFIT00534,,unclassified_fitting,LGTLT02329,LGTCON01261,reachable,
LGTNET00372,LGTFIT00534,,unclassified_fitting,LGTLT02330,LGTCON01262,reachable,
LGTNET00372,LGTFIT00534,,unclassified_fitting,LGTLT02331,LGTCON01262;LGTCON01263,reachable,
LGTNET00372,LGTFIT00534,,unclassified_fitting,LGTLT02332,LGTCON01260;LGTCON01257;LGTCON01258;LGTCON01259,reachable,
LGTNET00373,LGTFIT00621,,unclassified_fitting,LGTLT01843,LGTCON02003,reachable,
LGTNET00373,LGTFIT00621,,unclassified_fitting,LGTLT01844,LGTCON02002,reachable,
LGTNET00373,LGTFIT00621,,unclassified_fitting,LGTLT01845,LGTCON02004,reachable,
LGTNET00374,LGTFIT00466,,unclassified_fitting,LGTLT01975,LGTCON01681,reachable,
LGTNET00374,LGTFIT00466,,unclassified_fitting,LGTLT01976,LGTCON01682,reachable,
LGTNET00374,LGTFIT00466,,unclassified_fitting,LGTLT01977,,unreachable,
LGTNET00374,LGTFIT00466,,unclassified_fitting,LGTLT01978,,unreachable,
LGTNET00374,LGTFIT00466,,unclassified_fitting,LGTLT01979,,unreachable,
LGTNET00374,LGTFIT00466,,unclassified_fitting,LGTLT01980,,unreachable,
LGTNET00374,LGTFIT00466,,unclassified_fitting,LGTLT02470,,unreachable,
LGTNET00374,LGTFIT00466,,unclassified_fitting,LGTLT02471,,unreachable,
LGTNET00374,LGTFIT00466,,unclassified_fitting,LGTLT02472,,unreachable,
LGTNET00374,LGTFIT00466,,unclassified_fitting,LGTLT02473,,unreachable,
LGTNET00374,LGTFIT00466,,unclassified_fitting,LGTLT02975,,unreachable,
LGTNET00374,LGTFIT00580,,unclassified_fitting,LGTLT01975,,unreachable,
LGTNET00374,LGTFIT00580,,unclassified_fitting,LGTLT01976,,unreachable,
LGTNET00374,LGTFIT00580,,unclassified_fitting,LGTLT01977,,unreachable,
LGTNET00374,LGTFIT00580,,unclassified_fitting,LGTLT01978,,unreachable,
LGTNET00374,LGTFIT00580,,unclassified_fitting,LGTLT01979,,unreachable,
LGTNET00374,LGTFIT00580,,unclassified_fitting,LGTLT01980,,unreachable,
LGTNET00374,LGTFIT00580,,unclassified_fitting,LGTLT02470,LGTCON01689;LGTCON01690;LGTCON01691;LGTCON01692;LGTCON01693,reachable,
LGTNET00374,LGTFIT00580,,unclassified_fitting,LGTLT02471,LGTCON01689;LGTCON01690;LGTCON01691;LGTCON01692,reachable,
LGTNET00374,LGTFIT00580,,unclassified_fitting,LGTLT02472,LGTCON01689;LGTCON01690;LGTCON01691,reachable,
LGTNET00374,LGTFIT00580,,unclassified_fitting,LGTLT02473,LGTCON01689;LGTCON01690,reachable,
LGTNET00374,LGTFIT00580,,unclassified_fitting,LGTLT02975,LGTCON01689,reachable,
LGTNET00374,LGTFIT01106,service_box,assumed,LGTLT01975,,unreachable,
LGTNET00374,LGTFIT01106,service_box,assumed,LGTLT01976,,unreachable,
LGTNET00374,LGTFIT01106,service_box,assumed,LGTLT01977,LGTCON01683;LGTCON01678;LGTCON01679,reachable,
LGTNET00374,LGTFIT01106,service_box,assumed,LGTLT01978,LGTCON01683,reachable,
LGTNET00374,LGTFIT01106,service_box,assumed,LGTLT01979,LGTCON01683;LGTCON01676;LGTCON01675,reachable,
LGTNET00374,LGTFIT01106,service_box,assumed,LGTLT01980,LGTCON01683;LGTCON01678;LGTCON01677,reachable,
LGTNET00374,LGTFIT01106,service_box,assumed,LGTLT02470,,unreachable,
LGTNET00374,LGTFIT01106,service_box,assumed,LGTLT02471,,unreachable,
LGTNET00374,LGTFIT01106,service_box,assumed,LGTLT02472,,unreachable,
LGTNET00374,LGTFIT01106,service_box,assumed,LGTLT02473,,unreachable,
LGTNET00374,LGTFIT01106,service_box,assumed,LGTLT02975,,unreachable,
LGTNET00375,LGTFIT01143,service_box,explicit,LGTLT02319,LGTCON01333,reachable,
LGTNET00377,LGTFIT01146,service_pole,unclassified_fitting,LGTLT01946,LGTCON01347,reachable,
LGTNET00377,LGTFIT01146,service_pole,unclassified_fitting,LGTLT02876,LGTCON01347;LGTCON03900,reachable,
LGTNET00378,LGTFIT00027,,unclassified_fitting,LGTLT00187,LGTCON01787;LGTCON01786;LGTCON01785;LGTCON01788;LGTCON01789;LGTCON01790;LGTCON01791;LGTCON01792;LGTCON01796;LGTCON01797;LGTCON01800;LGTCON01801,reachable,
LGTNET00378,LGTFIT00027,,unclassified_fitting,LGTLT00188,LGTCON01787;LGTCON01786;LGTCON01785;LGTCON01788;LGTCON01789;LGTCON01790;LGTCON01791;LGTCON01792;LGTCON01796;LGTCON01797;LGTCON01800,reachable,
LGTNET00378,LGTFIT00027,,unclassified_fitting,LGTLT00189,LGTCON01787;LGTCON01786;LGTCON01785;LGTCON01788;LGTCON01789;LGTCON01790;LGTCON01791;LGTCON01792;LGTCON01796;LGTCON01797;LGTCON01798,reachable,
LGTNET00378,LGTFIT00027,,unclassified_fitting,LGTLT00190,LGTCON01787;LGTCON01786;LGTCON01785;LGTCON01788;LGTCON01789;LGTCON01790;LGTCON01791;LGTCON01792;LGTCON01796;LGTCON01797,reachable,
LGTNET00378,LGTFIT00027,,unclassified_fitting,LGTLT00191,LGTCON01787;LGTCON01786;LGTCON01785;LGTCON01788;LGTCON01789;LGTCON01790;LGTCON01791;LGTCON01792;LGTCON01796;LGTCON01795,reachable,
LGTNET00378,LGTFIT00027,,unclassified_fitting,LGTLT00192,LGTCON01787;LGTCON01786;LGTCON01785;LGTCON01788;LGTCON01789;LGTCON01790;LGTCON01791;LGTCON01792;LGTCON01796;LGTCON01795;LGTCON01794,reachable,
LGTNET00378,LGTFIT00027,,unclassified_fitting,LGTLT00193,LGTCON01787;LGTCON01786;LGTCON01785;LGTCON01788;LGTCON01789;LGTCON01790;LGTCON01791;LGTCON01792;LGTCON01796;LGTCON01795;LGTCON01794;LGTCON01793,reachable,
LGTNET00378,LGTFIT00027,,unclassified_fitting,LGTLT00194,LGTCON01787;LGTCON01786;LGTCON01785;LGTCON01784;LGTCON01782;LGTCON03521,reachable,
LGTNET00378,LGTFIT00027,,unclassified_fitting,LGTLT00195,LGTCON01787;LGTCON01786;LGTCON01785;LGTCON01784;LGTCON01782,reachable,
LGTNET00378,LGTFIT00027,,unclassified_fitting,LGTLT00196,LGTCON01787;LGTCON01786;LGTCON01785;LGTCON01788;LGTCON01789;LGTCON01790;LGTCON01791;LGTCON01792;LGTCON01796,reachable,
LGTNET00378,LGTFIT00027,,unclassified_fitting,LGTLT00197,LGTCON01787;LGTCON01786;LGTCON01785;LGTCON01788;LGTCON01789;LGTCON01790;LGTCON01791;LGTCON01792;LGTCON01796;LGTCON03519,reachable,
LGTNET00378,LGTFIT00027,,unclassified_fitting,LGTLT00198,LGTCON01787;LGTCON01786;LGTCON01785;LGTCON01788;LGTCON01789;LGTCON01790;LGTCON01791;LGTCON01792,reachable,
LGTNET00378,LGTFIT00027,,unclassified_fitting,LGTLT02259,LGTCON01787,reachable,
LGTNET00378,LGTFIT00027,,unclassified_fitting,LGTLT02260,LGTCON01787;LGTCON01786,reachable,
LGTNET00378,LGTFIT00027,,unclassified_fitting,LGTLT02261,LGTCON01787;LGTCON01786;LGTCON01785,reachable,
LGTNET00378,LGTFIT00027,,unclassified_fitting,LGTLT02262,LGTCON01787;LGTCON01786;LGTCON01785;LGTCON01788,reachable,
LGTNET00378,LGTFIT00027,,unclassified_fitting,LGTLT02263,LGTCON01787;LGTCON01786;LGTCON01785;LGTCON01788;LGTCON01789,reachable,
LGTNET00378,LGTFIT00027,,unclassified_fitting,LGTLT02264,LGTCON01787;LGTCON01786;LGTCON01785;LGTCON01788;LGTCON01789;LGTCON01790,reachable,
LGTNET00378,LGTFIT00027,,unclassified_fitting,LGTLT02265,LGTCON01787;LGTCON01786;LGTCON01785;LGTCON01788;LGTCON01789;LGTCON01790;LGTCON01791,reachable,
LGTNET00378,LGTFIT00027,,unclassified_fitting,LGTLT02266,LGTCON01787;LGTCON01786;LGTCON01785;LGTCON01784,reachable,
LGTNET00378,LGTFIT00027,,unclassified_fitting,LGTLT02267,LGTCON01787;LGTCON01786;LGTCON01785;LGTCON01784;LGTCON01781,reachable,
LGTNET00378,LGTFIT00027,,unclassified_fitting,LGTLT02268,LGTCON01787;LGTCON01786;LGTCON01785;LGTCON01784;LGTCON01781;LGTCON01780,reachable,
LGTNET00378,LGTFIT00027,,unclassified_fitting,LGTLT02269,LGTCON01787;LGTCON01786;LGTCON01785;LGTCON01784;LGTCON01781;LGTCON01780;LGTCON01776,reachable,
LGTNET00378,LGTFIT00027,,unclassified_fitting,LGTLT02270,LGTCON01787;LGTCON01786;LGTCON01785;LGTCON01784;LGTCON01781;LGTCON01780;LGTCON01776;LGTCON01777,reachable,
LGTNET00378,LGTFIT00027,,unclassified_fitting,LGTLT02271,LGTCON01787;LGTCON01786;LGTCON01785;LGTCON01784;LGTCON01781;LGTCON01780;LGTCON01779,reachable,
LGTNET00378,LGTFIT00027,,unclassified_fitting,LGTLT02717,LGTCON01787;LGTCON01786;LGTCON01785;LGTCON01784;LGTCON01781;LGTCON01780;LGTCON01779;LGTCON01778,reachable,
LGTNET00378,LGTFIT00028,,unclassified_fitting,LGTLT00187,LGTCON01799;LGTCON01798;LGTCON01800;LGTCON01801,reachable,
LGTNET00378,LGTFIT00028,,unclassified_fitting,LGTLT00188,LGTCON01799;LGTCON01798;LGTCON01800,reachable,
LGTNET00378,LGTFIT00028,,unclassified_fitting,LGTLT00189,LGTCON01799,reachable,
LGTNET00378,LGTFIT00028,,unclassified_fitting,LGTLT00190,LGTCON01799;LGTCON01798,reachable,
LGTNET00378,LGTFIT00028,,unclassified_fitting,LGTLT00191,LGTCON01799;LGTCON01798;LGTCON01797;LGTCON01795,reachable,
LGTNET00378,LGTFIT00028,,unclassified_fitting,LGTLT00192,LGTCON01799;LGTCON01798;LGTCON01797;LGTCON01795;LGTCON01794,reachable,
LGTNET00378,LGTFIT00028,,unclassified_fitting,LGTLT00193,LGTCON01799;LGTCON01798;LGTCON01797;LGTCON01795;LGTCON01794;LGTCON01793,reachable,
LGTNET00378,LGTFIT00028,,unclassified_fitting,LGTLT00194,LGTCON01799;LGTCON01798;LGTCON01797;LGTCON01796;LGTCON01792;LGTCON01791;LGTCON01790;LGTCON01789;LGTCON01788;LGTCON01784;LGTCON01782;LGTCON03521,reachable,
LGTNET00378,LGTFIT00028,,unclassified_fitting,LGTLT00195,LGTCON01799;LGTCON01798;LGTCON01797;LGTCON01796;LGTCON01792;LGTCON01791;LGTCON01790;LGTCON01789;LGTCON01788;LGTCON01784;LGTCON01782,reachable,
LGTNET00378,LGTFIT00028,,unclassified_fitting,LGTLT00196,LGTCON01799;LGTCON01798;LGTCON01797,reachable,
LGTNET00378,LGTFIT00028,,unclassified_fitting,LGTLT00197,LGTCON01799;LGTCON01798;LGTCON01797;LGTCON03519,reachable,
LGTNET00378,LGTFIT00028,,unclassified_fitting,LGTLT00198,LGTCON01799;LGTCON01798;LGTCON01797;LGTCON01796,reachable,
LGTNET00378,LGTFIT00028,,unclassified_fitting,LGTLT02259,LGTCON01799;LGTCON01798;LGTCON01797;LGTCON01796;LGTCON01792;LGTCON01791;LGTCON01790;LGTCON01789;LGTCON01788;LGTCON01785;LGTCON01786,reachable,
LGTNET00378,LGTFIT00028,,unclassified_fitting,LGTLT02260,LGTCON01799;LGTCON01798;LGTCON01797;LGTCON01796;LGTCON01792;LGTCON01791;LGTCON01790;LGTCON01789;LGTCON01788;LGTCON01785,reachable,
LGTNET00378,LGTFIT00028,,unclassified_fitting,LGTLT02261,LGTCON01799;LGTCON01798;LGTCON01797;LGTCON01796;LGTCON01792;LGTCON01791;LGTCON01790;LGTCON01789;LGTCON01788,reachable,
LGTNET00378,LGTFIT00028,,unclassified_fitting,LGTLT02262,LGTCON01799;LGTCON01798;LGTCON01797;LGTCON01796;LGTCON01792;LGTCON01791;LGTCON01790;LGTCON01789,reachable,
LGTNET00378,LGTFIT00028,,unclassified_fitting,LGTLT02263,LGTCON01799;LGTCON01798;LGTCON01797;LGTCON01796;LGTCON01792;LGTCON01791;LGTCON01790,reachable,
LGTNET00378,LGTFIT00028,,unclassified_fitting,LGTLT02264,LGTCON01799;LGTCON01798;LGTCON01797;LGTCON01796;LGTCON01792;LGTCON01791,reachable,
LGTNET00378,LGTFIT00028,,unclassified_fitting,LGTLT02265,LGTCON01799;LGTCON01798;LGTCON01797;LGTCON01796;LGTCON01792,reachable,
LGTNET00378,LGTFIT00028,,unclassified_fitting,LGTLT02266,LGTCON01799;LGTCON01798;LGTCON01797;LGTCON01796;LGTCON01792;LGTCON01791;LGTCON01790;LGTCON01789;LGTCON01788;LGTCON01784,reachable,
LGTNET00378,LGTFIT00028,,unclassified_fitting,LGTLT02267,LGTCON01799;LGTCON01798;LGTCON01797;LGTCON01796;LGTCON01792;LGTCON01791;LGTCON01790;LGTCON01789;LGTCON01788;LGTCON01784;LGTCON01781,reachable,
LGTNET00378,LGTFIT00028,,unclassified_fitting,LGTLT02268,LGTCON01799;LGTCON01798;LGTCON01797;LGTCON01796;LGTCON01792;LGTCON01791;LGTCON01790;LGTCON01789;LGTCON01788;LGTCON01784;LGTCON01781;LGTCON01780,reachable,
LGTNET00378,LGTFIT00028,,unclassified_fitting,LGTLT02269,LGTCON01799;LGTCON01798;LGTCON01797;LGTCON01796;LGTCON01792;LGTCON01791;LGTCON01790;LGTCON01789;LGTCON01788;LGTCON01784;LGTCON01781;LGTCON01780;LGTCON01776,reachable,
LGTNET00378,LGTFIT00028,,unclassified_fitting,LGTLT02270,LGTCON01799;LGTCON01798;LGTCON01797;LGTCON01796;LGTCON01792;LGTCON01791;LGTCON01790;LGTCON01789;LGTCON01788;LGTCON01784;LGTCON01781;LGTCON01780;LGTCON01776;LGTCON01777,reachable,
LGTNET00378,LGTFIT00028,,unclassified_fitting,LGTLT02271,LGTCON01799;LGTCON01798;LGTCON01797;LGTCON01796;LGTCON01792;LGTCON01791;LGTCON01790;LGTCON01789;LGTCON01788;LGTCON01784;LGTCON01781;LGTCON01780;LGTCON01779,reachable,
LGTNET00378,LGTFIT00028,,unclassified_fitting,LGTLT02717,LGTCON01799;LGTCON01798;LGTCON01797;LGTCON01796;LGTCON01792;LGTCON01791;LGTCON01790;LGTCON01789;LGTCON01788;LGTCON01784;LGTCON01781;LGTCON01780;LGTCON01779;LGTCON01778,reachable,
LGTNET00378,LGTFIT00029,,unclassified_fitting,LGTLT00187,LGTCON01802,reachable,
LGTNET00378,LGTFIT00029,,unclassified_fitting,LGTLT00188,LGTCON01802;LGTCON01801,reachable,
LGTNET00378,LGTFIT00029,,unclassified_fitting,LGTLT00189,LGTCON01802;LGTCON01801;LGTCON01800;LGTCON01798,reachable,
LGTNET00378,LGTFIT00029,,unclassified_fitting,LGTLT00190,LGTCON01802;LGTCON01801;LGTCON01800,reachable,
LGTNET00378,LGTFIT00029,,unclassified_fitting,LGTLT00191,LGTCON01802;LGTCON01801;LGTCON01800;LGTCON01797;LGTCON01795,reachable,
LGTNET00378,LGTFIT00029,,unclassified_fitting,LGTLT00192,LGTCON01802;LGTCON01801;LGTCON01800;LGTCON01797;LGTCON01795;LGTCON01794,reachable,
LGTNET00378,LGTFIT00029,,unclassified_fitting,LGTLT00193,LGTCON01802;LGTCON01801;LGTCON01800;LGTCON01797;LGTCON01795;LGTCON01794;LGTCON01793,reachable,
LGTNET00378,LGTFIT00029,,unclassified_fitting,LGTLT00194,LGTCON01802;LGTCON01801;LGTCON01800;LGTCON01797;LGTCON01796;LGTCON01792;LGTCON01791;LGTCON01790;LGTCON01789;LGTCON01788;LGTCON01784;LGTCON01782;LGTCON03521,reachable,
LGTNET00378,LGTFIT00029,,unclassified_fitting,LGTLT00195,LGTCON01802;LGTCON01801;LGTCON01800;LGTCON01797;LGTCON01796;LGTCON01792;LGTCON01791;LGTCON01790;LGTCON01789;LGTCON01788;LGTCON01784;LGTCON01782,reachable,
LGTNET00378,LGTFIT00029,,unclassified_fitting,LGTLT00196,LGTCON01802;LGTCON01801;LGTCON01800;LGTCON01797,reachable,
LGTNET00378,LGTFIT00029,,unclassified_fitting,LGTLT00197,LGTCON01802;LGTCON01801;LGTCON01800;LGTCON01797;LGTCON03519,reachable,
LGTNET00378,LGTFIT00029,,unclassified_fitting,LGTLT00198,LGTCON01802;LGTCON01801;LGTCON01800;LGTCON01797;LGTCON01796,reachable,
LGTNET00378,LGTFIT00029,,unclassified_fitting,LGTLT02259,LGTCON01802;LGTCON01801;LGTCON01800;LGTCON01797;LGTCON01796;LGTCON01792;LGTCON01791;LGTCON01790;LGTCON01789;LGTCON01788;LGTCON01785;LGTCON01786,reachable,
LGTNET00378,LGTFIT00029,,unclassified_fitting,LGTLT02260,LGTCON01802;LGTCON01801;LGTCON01800;LGTCON01797;LGTCON01796;LGTCON01792;LGTCON01791;LGTCON01790;LGTCON01789;LGTCON01788;LGTCON01785,reachable,
LGTNET00378,LGTFIT00029,,unclassified_fitting,LGTLT02261,LGTCON01802;LGTCON01801;LGTCON01800;LGTCON01797;LGTCON01796;LGTCON01792;LGTCON01791;LGTCON01790;LGTCON01789;LGTCON01788,reachable,
LGTNET00378,LGTFIT00029,,unclassified_fitting,LGTLT02262,LGTCON01802;LGTCON01801;LGTCON01800;LGTCON01797;LGTCON01796;LGTCON01792;LGTCON01791;LGTCON01790;LGTCON01789,reachable,
LGTNET00378,LGTFIT00029,,unclassified_fitting,LGTLT02263,LGTCON01802;LGTCON01801;LGTCON01800;LGTCON01797;LGTCON01796;LGTCON01792;LGTCON01791;LGTCON01790,reachable,
LGTNET00378,LGTFIT00029,,unclassified_fitting,LGTLT02264,LGTCON01802;LGTCON01801;LGTCON01800;LGTCON01797;LGTCON01796;LGTCON01792;LGTCON01791,reachable,
LGTNET00378,LGTFIT00029,,unclassified_fitting,LGTLT02265,LGTCON01802;LGTCON01801;LGTCON01800;LGTCON01797;LGTCON01796;LGTCON01792,reachable,
LGTNET00378,LGTFIT00029,,unclassified_fitting,LGTLT02266,LGTCON01802;LGTCON01801;LGTCON01800;LGTCON01797;LGTCON01796;LGTCON01792;LGTCON01791;LGTCON01790;LGTCON01789;LGTCON01788;LGTCON01784,reachable,
LGTNET00378,LGTFIT00029,,unclassified_fitting,LGTLT02267,LGTCON01802;LGTCON01801;LGTCON01800;LGTCON01797;LGTCON01796;LGTCON01792;LGTCON01791;LGTCON01790;LGTCON01789;LGTCON01788;LGTCON01784;LGTCON01781,reachable,
LGTNET00378,LGTFIT00029,,unclassified_fitting,LGTLT02268,LGTCON01802;LGTCON01801;LGTCON01800;LGTCON01797;LGTCON01796;LGTCON01792;LGTCON01791;LGTCON01790;LGTCON01789;LGTCON01788;LGTCON01784;LGTCON01781;LGTCON01780,reachable,
LGTNET00378,LGTFIT00029,,unclassified_fitting,LGTLT02269,LGTCON01802;LGTCON01801;LGTCON01800;LGTCON01797;LGTCON01796;LGTCON01792;LGTCON01791;LGTCON01790;LGTCON01789;LGTCON01788;LGTCON01784;LGTCON01781;LGTCON01780;LGTCON01776,reachable,
LGTNET00378,LGTFIT00029,,unclassified_fitting,LGTLT02270,LGTCON01802;LGTCON01801;LGTCON01800;LGTCON01797;LGTCON01796;LGTCON01792;LGTCON01791;LGTCON01790;LGTCON01789;LGTCON01788;LGTCON01784;LGTCON01781;LGTCON01780;LGTCON01776;LGTCON01777,reachable,
LGTNET00378,LGTFIT00029,,unclassified_fitting,LGTLT02271,LGTCON01802;LGTCON01801;LGTCON01800;LGTCON01797;LGTCON01796;LGTCON01792;LGTCON01791;LGTCON01790;LGTCON01789;LGTCON01788;LGTCON01784;LGTCON01781;LGTCON01780;LGTCON01779,reachable,
LGTNET00378,LGTFIT00029,,unclassified_fitting,LGTLT02717,LGTCON01802;LGTCON01801;LGTCON01800;LGTCON01797;LGTCON01796;LGTCON01792;LGTCON01791;LGTCON01790;LGTCON01789;LGTCON01788;LGTCON01784;LGTCON01781;LGTCON01780;LGTCON01779;LGTCON01778,reachable,
LGTNET00378,LGTFIT00031,,unclassified_fitting,LGTLT00187,LGTCON03520;LGTCON01793;LGTCON01794;LGTCON01795;LGTCON01797;LGTCON01800;LGTCON01801,reachable,
LGTNET00378,LGTFIT00031,,unclassified_fitting,LGTLT00188,LGTCON03520;LGTCON01793;LGTCON01794;LGTCON01795;LGTCON01797;LGTCON01800,reachable,
LGTNET00378,LGTFIT00031,,unclassified_fitting,LGTLT00189,LGTCON03520;LGTCON01793;LGTCON01794;LGTCON01795;LGTCON01797;LGTCON01798,reachable,
LGTNET00378,LGTFIT00031,,unclassified_fitting,LGTLT00190,LGTCON03520;LGTCON01793;LGTCON01794;LGTCON01795;LGTCON01797,reachable,
LGTNET00378,LGTFIT00031,,unclassified_fitting,LGTLT00191,LGTCON03520;LGTCON01793;LGTCON01794,reachable,
LGTNET00378,LGTFIT00031,,unclassified_fitting,LGTLT00192,LGTCON03520;LGTCON01793,reachable,
LGTNET00378,LGTFIT00031,,unclassified_fitting,LGTLT00193,LGTCON03520,reachable,
LGTNET00378,LGTFIT00031,,unclassified_fitting,LGTLT00194,LGTCON03520;LGTCON01793;LGTCON01794;LGTCON01795;LGTCON01796;LGTCON01792;LGTCON01791;LGTCON01790;LGTCON01789;LGTCON01788;LGTCON01784;LGTCON01782;LGTCON03521,reachable,
LGTNET00378,LGTFIT00031,,unclassified_fitting,LGTLT00195,LGTCON03520;LGTCON01793;LGTCON01794;LGTCON01795;LGTCON01796;LGTCON01792;LGTCON01791;LGTCON01790;LGTCON01789;LGTCON01788;LGTCON01784;LGTCON01782,reachable,
LGTNET00378,LGTFIT00031,,unclassified_fitting,LGTLT00196,LGTCON03520;LGTCON01793;LGTCON01794;LGTCON01795,reachable,
LGTNET00378,LGTFIT00031,,unclassified_fitting,LGTLT00197,LGTCON03520;LGTCON01793;LGTCON01794;LGTCON01795;LGTCON03519,reachable,
LGTNET00378,LGTFIT00031,,unclassified_fitting,LGTLT00198,LGTCON03520;LGTCON01793;LGTCON01794;LGTCON01795;LGTCON01796,reachable,
LGTNET00378,LGTFIT00031,,unclassified_fitting,LGTLT02259,LGTCON03520;LGTCON01793;LGTCON01794;LGTCON01795;LGTCON01796;LGTCON01792;LGTCON01791;LGTCON01790;LGTCON01789;LGTCON01788;LGTCON01785;LGTCON01786,reachable,
LGTNET00378,LGTFIT00031,,unclassified_fitting,LGTLT02260,LGTCON03520;LGTCON01793;LGTCON01794;LGTCON01795;LGTCON01796;LGTCON01792;LGTCON01791;LGTCON01790;LGTCON01789;LGTCON01788;LGTCON01785,reachable,
LGTNET00378,LGTFIT00031,,unclassified_fitting,LGTLT02261,LGTCON03520;LGTCON01793;LGTCON01794;LGTCON01795;LGTCON01796;LGTCON01792;LGTCON01791;LGTCON01790;LGTCON01789;LGTCON01788,reachable,
LGTNET00378,LGTFIT00031,,unclassified_fitting,LGTLT02262,LGTCON03520;LGTCON01793;LGTCON01794;LGTCON01795;LGTCON01796;LGTCON01792;LGTCON01791;LGTCON01790;LGTCON01789,reachable,
LGTNET00378,LGTFIT00031,,unclassified_fitting,LGTLT02263,LGTCON03520;LGTCON01793;LGTCON01794;LGTCON01795;LGTCON01796;LGTCON01792;LGTCON01791;LGTCON01790,reachable,
LGTNET00378,LGTFIT00031,,unclassified_fitting,LGTLT02264,LGTCON03520;LGTCON01793;LGTCON01794;LGTCON01795;LGTCON01796;LGTCON01792;LGTCON01791,reachable,
LGTNET00378,LGTFIT00031,,unclassified_fitting,LGTLT02265,LGTCON03520;LGTCON01793;LGTCON01794;LGTCON01795;LGTCON01796;LGTCON01792,reachable,
LGTNET00378,LGTFIT00031,,unclassified_fitting,LGTLT02266,LGTCON03520;LGTCON01793;LGTCON01794;LGTCON01795;LGTCON01796;LGTCON01792;LGTCON01791;LGTCON01790;LGTCON01789;LGTCON01788;LGTCON01784,reachable,
LGTNET00378,LGTFIT00031,,unclassified_fitting,LGTLT02267,LGTCON03520;LGTCON01793;LGTCON01794;LGTCON01795;LGTCON01796;LGTCON01792;LGTCON01791;LGTCON01790;LGTCON01789;LGTCON01788;LGTCON01784;LGTCON01781,reachable,
LGTNET00378,LGTFIT00031,,unclassified_fitting,LGTLT02268,LGTCON03520;LGTCON01793;LGTCON01794;LGTCON01795;LGTCON01796;LGTCON01792;LGTCON01791;LGTCON01790;LGTCON01789;LGTCON01788;LGTCON01784;LGTCON01781;LGTCON01780,reachable,
LGTNET00378,LGTFIT00031,,unclassified_fitting,LGTLT02269,LGTCON03520;LGTCON01793;LGTCON01794;LGTCON01795;LGTCON01796;LGTCON01792;LGTCON01791;LGTCON01790;LGTCON01789;LGTCON01788;LGTCON01784;LGTCON01781;LGTCON01780;LGTCON01776,reachable,
LGTNET00378,LGTFIT00031,,unclassified_fitting,LGTLT02270,LGTCON03520;LGTCON01793;LGTCON01794;LGTCON01795;LGTCON01796;LGTCON01792;LGTCON01791;LGTCON01790;LGTCON01789;LGTCON01788;LGTCON01784;LGTCON01781;LGTCON01780;LGTCON01776;LGTCON01777,reachable,
LGTNET00378,LGTFIT00031,,unclassified_fitting,LGTLT02271,LGTCON03520;LGTCON01793;LGTCON01794;LGTCON01795;LGTCON01796;LGTCON01792;LGTCON01791;LGTCON01790;LGTCON01789;LGTCON01788;LGTCON01784;LGTCON01781;LGTCON01780;LGTCON01779,reachable,
LGTNET00378,LGTFIT00031,,unclassified_fitting,LGTLT02717,LGTCON03520;LGTCON01793;LGTCON01794;LGTCON01795;LGTCON01796;LGTCON01792;LGTCON01791;LGTCON01790;LGTCON01789;LGTCON01788;LGTCON01784;LGTCON01781;LGTCON01780;LGTCON01779;LGTCON01778,reachable,
LGTNET00378,LGTFIT00032,,unclassified_fitting,LGTLT00187,LGTCON03522;LGTCON03521;LGTCON01782;LGTCON01784;LGTCON01788;LGTCON01789;LGTCON01790;LGTCON01791;LGTCON01792;LGTCON01796;LGTCON01797;LGTCON01800;LGTCON01801,reachable,
LGTNET00378,LGTFIT00032,,unclassified_fitting,LGTLT00188,LGTCON03522;LGTCON03521;LGTCON01782;LGTCON01784;LGTCON01788;LGTCON01789;LGTCON01790;LGTCON01791;LGTCON01792;LGTCON01796;LGTCON01797;LGTCON01800,reachable,
LGTNET00378,LGTFIT00032,,unclassified_fitting,LGTLT00189,LGTCON03522;LGTCON03521;LGTCON01782;LGTCON01784;LGTCON01788;LGTCON01789;LGTCON01790;LGTCON01791;LGTCON01792;LGTCON01796;LGTCON01797;LGTCON01798,reachable,
LGTNET00378,LGTFIT00032,,unclassified_fitting,LGTLT00190,LGTCON03522;LGTCON03521;LGTCON01782;LGTCON01784;LGTCON01788;LGTCON01789;LGTCON01790;LGTCON01791;LGTCON01792;LGTCON01796;LGTCON01797,reachable,
LGTNET00378,LGTFIT00032,,unclassified_fitting,LGTLT00191,LGTCON03522;LGTCON03521;LGTCON01782;LGTCON01784;LGTCON01788;LGTCON01789;LGTCON01790;LGTCON01791;LGTCON01792;LGTCON01796;LGTCON01795,reachable,
LGTNET00378,LGTFIT00032,,unclassified_fitting,LGTLT00192,LGTCON03522;LGTCON03521;LGTCON01782;LGTCON01784;LGTCON01788;LGTCON01789;LGTCON01790;LGTCON01791;LGTCON01792;LGTCON01796;LGTCON01795;LGTCON01794,reachable,
LGTNET00378,LGTFIT00032,,unclassified_fitting,LGTLT00193,LGTCON03522;LGTCON03521;LGTCON01782;LGTCON01784;LGTCON01788;LGTCON01789;LGTCON01790;LGTCON01791;LGTCON01792;LGTCON01796;LGTCON01795;LGTCON01794;LGTCON01793,reachable,
LGTNET00378,LGTFIT00032,,unclassified_fitting,LGTLT00194,LGTCON03522,reachable,
LGTNET00378,LGTFIT00032,,unclassified_fitting,LGTLT00195,LGTCON03522;LGTCON03521,reachable,
LGTNET00378,LGTFIT00032,,unclassified_fitting,LGTLT00196,LGTCON03522;LGTCON03521;LGTCON01782;LGTCON01784;LGTCON01788;LGTCON01789;LGTCON01790;LGTCON01791;LGTCON01792;LGTCON01796,reachable,
LGTNET00378,LGTFIT00032,,unclassified_fitting,LGTLT00197,LGTCON03522;LGTCON03521;LGTCON01782;LGTCON01784;LGTCON01788;LGTCON01789;LGTCON01790;LGTCON01791;LGTCON01792;LGTCON01796;LGTCON03519,reachable,
LGTNET00378,LGTFIT00032,,unclassified_fitting,LGTLT00198,LGTCON03522;LGTCON03521;LGTCON01782;LGTCON01784;LGTCON01788;LGTCON01789;LGTCON01790;LGTCON01791;LGTCON01792,reachable,
LGTNET00378,LGTFIT00032,,unclassified_fitting,LGTLT02259,LGTCON03522;LGTCON03521;LGTCON01782;LGTCON01784;LGTCON01785;LGTCON01786,reachable,
LGTNET00378,LGTFIT00032,,unclassified_fitting,LGTLT02260,LGTCON03522;LGTCON03521;LGTCON01782;LGTCON01784;LGTCON01785,reachable,
LGTNET00378,LGTFIT00032,,unclassified_fitting,LGTLT02261,LGTCON03522;LGTCON03521;LGTCON01782;LGTCON01784,reachable,
LGTNET00378,LGTFIT00032,,unclassified_fitting,LGTLT02262,LGTCON03522;LGTCON03521;LGTCON01782;LGTCON01784;LGTCON01788,reachable,
LGTNET00378,LGTFIT00032,,unclassified_fitting,LGTLT02263,LGTCON03522;LGTCON03521;LGTCON01782;LGTCON01784;LGTCON01788;LGTCON01789,reachable,
LGTNET00378,LGTFIT00032,,unclassified_fitting,LGTLT02264,LGTCON03522;LGTCON03521;LGTCON01782;LGTCON01784;LGTCON01788;LGTCON01789;LGTCON01790,reachable,
LGTNET00378,LGTFIT00032,,unclassified_fitting,LGTLT02265,LGTCON03522;LGTCON03521;LGTCON01782;LGTCON01784;LGTCON01788;LGTCON01789;LGTCON01790;LGTCON01791,reachable,
LGTNET00378,LGTFIT00032,,unclassified_fitting,LGTLT02266,LGTCON03522;LGTCON03521;LGTCON01782,reachable,
LGTNET00378,LGTFIT00032,,unclassified_fitting,LGTLT02267,LGTCON03522;LGTCON03521;LGTCON01782;LGTCON01781,reachable,
LGTNET00378,LGTFIT00032,,unclassified_fitting,LGTLT02268,LGTCON03522;LGTCON03521;LGTCON01782;LGTCON01781;LGTCON01780,reachable,
LGTNET00378,LGTFIT00032,,unclassified_fitting,LGTLT02269,LGTCON03522;LGTCON03521;LGTCON01782;LGTCON01781;LGTCON01780;LGTCON01776,reachable,
LGTNET00378,LGTFIT00032,,unclassified_fitting,LGTLT02270,LGTCON03522;LGTCON03521;LGTCON01782;LGTCON01781;LGTCON01780;LGTCON01776;LGTCON01777,reachable,
LGTNET00378,LGTFIT00032,,unclassified_fitting,LGTLT02271,LGTCON03522;LGTCON03521;LGTCON01782;LGTCON01781;LGTCON01780;LGTCON01779,reachable,
LGTNET00378,LGTFIT00032,,unclassified_fitting,LGTLT02717,LGTCON03522;LGTCON03521;LGTCON01782;LGTCON01781;LGTCON01780;LGTCON01779;LGTCON01778,reachable,
LGTNET00378,LGTFIT01154,service_box,assumed,LGTLT00187,LGTCON01783;LGTCON01789;LGTCON01790;LGTCON01791;LGTCON01792;LGTCON01796;LGTCON01797;LGTCON01800;LGTCON01801,reachable,
LGTNET00378,LGTFIT01154,service_box,assumed,LGTLT00188,LGTCON01783;LGTCON01789;LGTCON01790;LGTCON01791;LGTCON01792;LGTCON01796;LGTCON01797;LGTCON01800,reachable,
LGTNET00378,LGTFIT01154,service_box,assumed,LGTLT00189,LGTCON01783;LGTCON01789;LGTCON01790;LGTCON01791;LGTCON01792;LGTCON01796;LGTCON01797;LGTCON01798,reachable,
LGTNET00378,LGTFIT01154,service_box,assumed,LGTLT00190,LGTCON01783;LGTCON01789;LGTCON01790;LGTCON01791;LGTCON01792;LGTCON01796;LGTCON01797,reachable,
LGTNET00378,LGTFIT01154,service_box,assumed,LGTLT00191,LGTCON01783;LGTCON01789;LGTCON01790;LGTCON01791;LGTCON01792;LGTCON01796;LGTCON01795,reachable,
LGTNET00378,LGTFIT01154,service_box,assumed,LGTLT00192,LGTCON01783;LGTCON01789;LGTCON01790;LGTCON01791;LGTCON01792;LGTCON01796;LGTCON01795;LGTCON01794,reachable,
LGTNET00378,LGTFIT01154,service_box,assumed,LGTLT00193,LGTCON01783;LGTCON01789;LGTCON01790;LGTCON01791;LGTCON01792;LGTCON01796;LGTCON01795;LGTCON01794;LGTCON01793,reachable,
LGTNET00378,LGTFIT01154,service_box,assumed,LGTLT00194,LGTCON01783;LGTCON01788;LGTCON01784;LGTCON01782;LGTCON03521,reachable,
LGTNET00378,LGTFIT01154,service_box,assumed,LGTLT00195,LGTCON01783;LGTCON01788;LGTCON01784;LGTCON01782,reachable,
LGTNET00378,LGTFIT01154,service_box,assumed,LGTLT00196,LGTCON01783;LGTCON01789;LGTCON01790;LGTCON01791;LGTCON01792;LGTCON01796,reachable,
LGTNET00378,LGTFIT01154,service_box,assumed,LGTLT00197,LGTCON01783;LGTCON01789;LGTCON01790;LGTCON01791;LGTCON01792;LGTCON01796;LGTCON03519,reachable,
LGTNET00378,LGTFIT01154,service_box,assumed,LGTLT00198,LGTCON01783;LGTCON01789;LGTCON01790;LGTCON01791;LGTCON01792,reachable,
LGTNET00378,LGTFIT01154,service_box,assumed,LGTLT02259,LGTCON01783;LGTCON01788;LGTCON01785;LGTCON01786,reachable,
LGTNET00378,LGTFIT01154,service_box,assumed,LGTLT02260,LGTCON01783;LGTCON01788;LGTCON01785,reachable,
LGTNET00378,LGTFIT01154,service_box,assumed,LGTLT02261,LGTCON01783;LGTCON01788,reachable,
LGTNET00378,LGTFIT01154,service_box,assumed,LGTLT02262,LGTCON01783,reachable,
LGTNET00378,LGTFIT01154,service_box,assumed,LGTLT02263,LGTCON01783;LGTCON01789,reachable,
LGTNET00378,LGTFIT01154,service_box,assumed,LGTLT02264,LGTCON01783;LGTCON01789;LGTCON01790,reachable,
LGTNET00378,LGTFIT01154,service_box,assumed,LGTLT02265,LGTCON01783;LGTCON01789;LGTCON01790;LGTCON01791,reachable,
LGTNET00378,LGTFIT01154,service_box,assumed,LGTLT02266,LGTCON01783;LGTCON01788;LGTCON01784,reachable,
LGTNET00378,LGTFIT01154,service_box,assumed,LGTLT02267,LGTCON01783;LGTCON01788;LGTCON01784;LGTCON01781,reachable,
LGTNET00378,LGTFIT01154,service_box,assumed,LGTLT02268,LGTCON01783;LGTCON01788;LGTCON01784;LGTCON01781;LGTCON01780,reachable,
LGTNET00378,LGTFIT01154,service_box,assumed,LGTLT02269,LGTCON01783;LGTCON01788;LGTCON01784;LGTCON01781;LGTCON01780;LGTCON01776,reachable,
LGTNET00378,LGTFIT01154,service_box,assumed,LGTLT02270,LGTCON01783;LGTCON01788;LGTCON01784;LGTCON01781;LGTCON01780;LGTCON01776;LGTCON01777,reachable,
LGTNET00378,LGTFIT01154,service_box,assumed,LGTLT02271,LGTCON01783;LGTCON01788;LGTCON01784;LGTCON01781;LGTCON01780;LGTCON01779,reachable,
LGTNET00378,LGTFIT01154,service_box,assumed,LGTLT02717,LGTCON01783;LGTCON01788;LGTCON01784;LGTCON01781;LGTCON01780;LGTCON01779;LGTCON01778,reachable,
LGTNET00380,LGTFIT01224,service_box,explicit,LGTLT01947,LGTCON01443;LGTCON01436,reachable,
LGTNET00380,LGTFIT01224,service_box,explicit,LGTLT01948,LGTCON01443;LGTCON01437;LGTCON01438;LGTCON01439;LGTCON01440;LGTCON01435;LGTCON01434;LGTCON01433;LGTCON01430;LGTCON01428,reachable,
LGTNET00380,LGTFIT01224,service_box,explicit,LGTLT01949,LGTCON01443;LGTCON01437;LGTCON01438;LGTCON01439;LGTCON01440;LGTCON01435;LGTCON01434;LGTCON01433;LGTCON01430,reachable,
LGTNET00380,LGTFIT01224,service_box,explicit,LGTLT01950,LGTCON01443;LGTCON01437;LGTCON01438;LGTCON01439;LGTCON01440;LGTCON01435;LGTCON01434;LGTCON01433;LGTCON01429,reachable,
LGTNET00380,LGTFIT01224,service_box,explicit,LGTLT01952,LGTCON01443;LGTCON01437;LGTCON01438;LGTCON01439;LGTCON01440;LGTCON01435;LGTCON01434,reachable,
LGTNET00380,LGTFIT01224,service_box,explicit,LGTLT01953,LGTCON01443;LGTCON01437;LGTCON01438;LGTCON01439;LGTCON01440;LGTCON01435,reachable,
LGTNET00380,LGTFIT01224,service_box,explicit,LGTLT01954,LGTCON01443;LGTCON01437;LGTCON01438;LGTCON01439;LGTCON01440,reachable,
LGTNET00380,LGTFIT01224,service_box,explicit,LGTLT01955,LGTCON01443;LGTCON01437;LGTCON01438;LGTCON01439;LGTCON01442,reachable,
LGTNET00380,LGTFIT01224,service_box,explicit,LGTLT01956,LGTCON01443;LGTCON01437;LGTCON01438;LGTCON01439;LGTCON01442;LGTCON01441,reachable,
LGTNET00380,LGTFIT01224,service_box,explicit,LGTLT01957,LGTCON01443;LGTCON01437;LGTCON01438,reachable,
LGTNET00380,LGTFIT01224,service_box,explicit,LGTLT01958,LGTCON01443;LGTCON01437,reachable,
LGTNET00380,LGTFIT01224,service_box,explicit,LGTLT01959,LGTCON01443,reachable,
LGTNET00380,LGTFIT01224,service_box,explicit,LGTLT02969,LGTCON01443;LGTCON01437;LGTCON01438;LGTCON01439;LGTCON01440;LGTCON01435;LGTCON01434;LGTCON01433;LGTCON01432;LGTCON01431,reachable,
LGTNET00381,LGTFIT01234,service_box,assumed,LGTLT01760,LGTCON02225,reachable,
LGTNET00381,LGTFIT01234,service_box,assumed,LGTLT01761,,unreachable,
LGTNET00381,LGTFIT01234,service_box,assumed,LGTLT01762,,unreachable,
LGTNET00381,LGTFIT01234,service_box,assumed,LGTLT01763,LGTCON02225;LGTCON02218;LGTCON02220;LGTCON02221;LGTCON02223,reachable,
LGTNET00381,LGTFIT01234,service_box,assumed,LGTLT01764,LGTCON02225;LGTCON02218;LGTCON02220;LGTCON02221,reachable,
LGTNET00381,LGTFIT01234,service_box,assumed,LGTLT01765,LGTCON02225;LGTCON02218;LGTCON02220,reachable,
LGTNET00381,LGTFIT01234,service_box,assumed,LGTLT01766,LGTCON02225;LGTCON02218;LGTCON02213,reachable,
LGTNET00381,LGTFIT01234,service_box,assumed,LGTLT01767,LGTCON02225;LGTCON02218;LGTCON02213;LGTCON02214,reachable,
LGTNET00381,LGTFIT01234,service_box,assumed,LGTLT01768,LGTCON02225;LGTCON02218;LGTCON02213;LGTCON02214;LGTCON02215,reachable,
LGTNET00381,LGTFIT01234,service_box,assumed,LGTLT01769,LGTCON02225;LGTCON02218;LGTCON02213;LGTCON02214;LGTCON02215;LGTCON02216,reachable,
LGTNET00381,LGTFIT01234,service_box,assumed,LGTLT02963,LGTCON02225;LGTCON02217,reachable,
LGTNET00381,LGTFIT01234,service_box,assumed,LGTLT02964,LGTCON02225;LGTCON02218;LGTCON02219,reachable,
LGTNET00382,LGTFIT01233,service_box,assumed,LGTLT01770,LGTCON02212;LGTCON02211,reachable,
LGTNET00382,LGTFIT01233,service_box,assumed,LGTLT01771,LGTCON02212;LGTCON02201,reachable,
LGTNET00382,LGTFIT01233,service_box,assumed,LGTLT01772,LGTCON02212;LGTCON02202;LGTCON02203,reachable,
LGTNET00382,LGTFIT01233,service_box,assumed,LGTLT01773,LGTCON02212;LGTCON02202;LGTCON02208;LGTCON02199;LGTCON02198,reachable,
LGTNET00382,LGTFIT01233,service_box,assumed,LGTLT01774,LGTCON02212;LGTCON02202;LGTCON02208;LGTCON02200,reachable,
LGTNET00382,LGTFIT01233,service_box,assumed,LGTLT01775,LGTCON02212;LGTCON02202;LGTCON02203;LGTCON02204;LGTCON02205;LGTCON02206;LGTCON02207,reachable,
LGTNET00382,LGTFIT01233,service_box,assumed,LGTLT01776,LGTCON02212;LGTCON02202;LGTCON02203;LGTCON02204;LGTCON02205;LGTCON02206,reachable,
LGTNET00382,LGTFIT01233,service_box,assumed,LGTLT01784,LGTCON02212;LGTCON02202;LGTCON02208;LGTCON02199;LGTCON02197;LGTCON02195;LGTCON02192;LGTCON02191,reachable,
LGTNET00382,LGTFIT01233,service_box,assumed,LGTLT01785,LGTCON02212;LGTCON02202;LGTCON02208;LGTCON02199;LGTCON02197;LGTCON02195;LGTCON02192,reachable,
LGTNET00382,LGTFIT01233,service_box,assumed,LGTLT01786,LGTCON02212;LGTCON02202;LGTCON02208;LGTCON02199;LGTCON02197;LGTCON02195,reachable,
LGTNET00382,LGTFIT01233,service_box,assumed,LGTLT01787,LGTCON02212;LGTCON02202;LGTCON02208;LGTCON02199;LGTCON02197;LGTCON02195;LGTCON02194;LGTCON02193,reachable,
LGTNET00382,LGTFIT01233,service_box,assumed,LGTLT01788,LGTCON02212;LGTCON02202;LGTCON02208;LGTCON02199;LGTCON02197;LGTCON02195;LGTCON02194,reachable,
LGTNET00382,LGTFIT01233,service_box,assumed,LGTLT01789,LGTCON02212;LGTCON02202;LGTCON02203;LGTCON02204;LGTCON02209,reachable,
LGTNET00382,LGTFIT01233,service_box,assumed,LGTLT01790,LGTCON02212;LGTCON02202;LGTCON02208;LGTCON02199;LGTCON02197,reachable,
LGTNET00382,LGTFIT01233,service_box,assumed,LGTLT02923,LGTCON02212;LGTCON02202;LGTCON02203;LGTCON02204;LGTCON02209;LGTCON02210,reachable,
LGTNET00383,LGTFIT01223,service_box,assumed,LGTLT00172,LGTCON01427;LGTCON03532;LGTCON01423;LGTCON01426;LGTCON01425;LGTCON01424;LGTCON03528,reachable,
LGTNET00383,LGTFIT01223,service_box,assumed,LGTLT00173,LGTCON01427;LGTCON03532;LGTCON01423;LGTCON01426;LGTCON01425;LGTCON01424,reachable,
LGTNET00383,LGTFIT01223,service_box,assumed,LGTLT00174,LGTCON01427;LGTCON03532;LGTCON01423;LGTCON01426;LGTCON01425,reachable,
LGTNET00383,LGTFIT01223,service_box,assumed,LGTLT00175,LGTCON01427;LGTCON03532;LGTCON01423;LGTCON01426,reachable,
LGTNET00383,LGTFIT01223,service_box,assumed,LGTLT00176,LGTCON01427,reachable,
LGTNET00383,LGTFIT01223,service_box,assumed,LGTLT00177,LGTCON01427;LGTCON03318,reachable,
LGTNET00383,LGTFIT01223,service_box,assumed,LGTLT00178,LGTCON01427;LGTCON03318;LGTCON03319,reachable,
LGTNET00383,LGTFIT01223,service_box,assumed,LGTLT00179,LGTCON01427;LGTCON03318;LGTCON03319;LGTCON03320,reachable,
LGTNET00383,LGTFIT01223,service_box,assumed,LGTLT00180,LGTCON01427;LGTCON03318;LGTCON03319;LGTCON03320;LGTCON03321,reachable,
LGTNET00383,LGTFIT01223,service_box,assumed,LGTLT02792,LGTCON01427;LGTCON03532;LGTCON01423,reachable,
LGTNET00383,LGTFIT01223,service_box,assumed,LGTLT02793,LGTCON01427;LGTCON03532;LGTCON03531,reachable,
LGTNET00386,LGTFIT00030,,unclassified_fitting,LGTLT01814,,unreachable,
LGTNET00386,LGTFIT00030,,unclassified_fitting,LGTLT01815,,unreachable,
LGTNET00386,LGTFIT00030,,unclassified_fitting,LGTLT01816,,unreachable,
LGTNET00386,LGTFIT00030,,unclassified_fitting,LGTLT01817,,unreachable,
LGTNET00386,LGTFIT00030,,unclassified_fitting,LGTLT01818,,unreachable,
LGTNET00386,LGTFIT00030,,unclassified_fitting,LGTLT01819,LGTCON01806;LGTCON01807;LGTCON01808;LGTCON01814;LGTCON01815,reachable,
LGTNET00386,LGTFIT00030,,unclassified_fitting,LGTLT01820,LGTCON01806;LGTCON01807;LGTCON01808;LGTCON01814;LGTCON01815;LGTCON01816,reachable,
LGTNET00386,LGTFIT00030,,unclassified_fitting,LGTLT01821,LGTCON01806;LGTCON01807;LGTCON01808;LGTCON01814;LGTCON01815;LGTCON01816;LGTCON01817,reachable,
LGTNET00386,LGTFIT00030,,unclassified_fitting,LGTLT01822,LGTCON01806;LGTCON01807;LGTCON01808;LGTCON01809,reachable,
LGTNET00386,LGTFIT00030,,unclassified_fitting,LGTLT01823,LGTCON01806;LGTCON01807;LGTCON01808,reachable,
LGTNET00386,LGTFIT00030,,unclassified_fitting,LGTLT01824,LGTCON01806;LGTCON01807,reachable,
LGTNET00386,LGTFIT00030,,unclassified_fitting,LGTLT01825,LGTCON01806,reachable,
LGTNET00386,LGTFIT00030,,unclassified_fitting,LGTLT01826,LGTCON01806;LGTCON01807;LGTCON01808;LGTCON01809;LGTCON01813;LGTCON01812;LGTCON01811,reachable,
LGTNET00386,LGTFIT00030,,unclassified_fitting,LGTLT01827,LGTCON01806;LGTCON01807;LGTCON01808;LGTCON01809;LGTCON01813;LGTCON01812,reachable,
LGTNET00386,LGTFIT00030,,unclassified_fitting,LGTLT01828,LGTCON01806;LGTCON01807;LGTCON01808;LGTCON01809;LGTCON01813,reachable,
LGTNET00386,LGTFIT00030,,unclassified_fitting,LGTLT01829,LGTCON01806;LGTCON01807;LGTCON01808;LGTCON01809;LGTCON01813;LGTCON01828,reachable,
LGTNET00386,LGTFIT00030,,unclassified_fitting,LGTLT01830,LGTCON01806;LGTCON01807;LGTCON01808;LGTCON01809;LGTCON01813;LGTCON01828;LGTCON01829,reachable,
LGTNET00386,LGTFIT00030,,unclassified_fitting,LGTLT01831,LGTCON01806;LGTCON01807;LGTCON01808;LGTCON01814;LGTCON01815;LGTCON01816;LGTCON01817;LGTCON01825;LGTCON01832;LGTCON01831;LGTCON01830,reachable,
LGTNET00386,LGTFIT00030,,unclassified_fitting,LGTLT01832,LGTCON01806;LGTCON01807;LGTCON01808;LGTCON01814;LGTCON01815;LGTCON01816;LGTCON01817;LGTCON01825;LGTCON01832;LGTCON01831,reachable,
LGTNET00386,LGTFIT00030,,unclassified_fitting,LGTLT01833,LGTCON01806;LGTCON01807;LGTCON01808;LGTCON01814;LGTCON01815;LGTCON01816;LGTCON01817;LGTCON01825;LGTCON01832,reachable,
LGTNET00386,LGTFIT00030,,unclassified_fitting,LGTLT01834,LGTCON01806;LGTCON01807;LGTCON01808;LGTCON01814;LGTCON01815;LGTCON01816;LGTCON01817;LGTCON01825,reachable,
LGTNET00386,LGTFIT00030,,unclassified_fitting,LGTLT01835,LGTCON01806;LGTCON01807;LGTCON01808;LGTCON01814;LGTCON01815;LGTCON01816;LGTCON01817;LGTCON01825;LGTCON01826,reachable,
LGTNET00386,LGTFIT00030,,unclassified_fitting,LGTLT01836,,unreachable,
LGTNET00386,LGTFIT00030,,unclassified_fitting,LGTLT01837,,unreachable,
LGTNET00386,LGTFIT00030,,unclassified_fitting,LGTLT02933,,unreachable,
LGTNET00386,LGTFIT00030,,unclassified_fitting,LGTLT02935,LGTCON01806;LGTCON01807;LGTCON01808;LGTCON01814,reachable,
LGTNET00386,LGTFIT00206,,unclassified_fitting,LGTLT01814,,unreachable,
LGTNET00386,LGTFIT00206,,unclassified_fitting,LGTLT01815,,unreachable,
LGTNET00386,LGTFIT00206,,unclassified_fitting,LGTLT01816,,unreachable,
LGTNET00386,LGTFIT00206,,unclassified_fitting,LGTLT01817,,unreachable,
LGTNET00386,LGTFIT00206,,unclassified_fitting,LGTLT01818,,unreachable,
LGTNET00386,LGTFIT00206,,unclassified_fitting,LGTLT01819,LGTCON01810;LGTCON01811;LGTCON01812;LGTCON01813;LGTCON01809;LGTCON01814;LGTCON01815,reachable,
LGTNET00386,LGTFIT00206,,unclassified_fitting,LGTLT01820,LGTCON01810;LGTCON01811;LGTCON01812;LGTCON01813;LGTCON01809;LGTCON01814;LGTCON01815;LGTCON01816,reachable,
LGTNET00386,LGTFIT00206,,unclassified_fitting,LGTLT01821,LGTCON01810;LGTCON01811;LGTCON01812;LGTCON01813;LGTCON01809;LGTCON01814;LGTCON01815;LGTCON01816;LGTCON01817,reachable,
LGTNET00386,LGTFIT00206,,unclassified_fitting,LGTLT01822,LGTCON01810;LGTCON01811;LGTCON01812;LGTCON01813,reachable,
LGTNET00386,LGTFIT00206,,unclassified_fitting,LGTLT01823,LGTCON01810;LGTCON01811;LGTCON01812;LGTCON01813;LGTCON01809,reachable,
LGTNET00386,LGTFIT00206,,unclassified_fitting,LGTLT01824,LGTCON01810;LGTCON01811;LGTCON01812;LGTCON01813;LGTCON01809;LGTCON01808,reachable,
LGTNET00386,LGTFIT00206,,unclassified_fitting,LGTLT01825,LGTCON01810;LGTCON01811;LGTCON01812;LGTCON01813;LGTCON01809;LGTCON01808;LGTCON01807,reachable,
LGTNET00386,LGTFIT00206,,unclassified_fitting,LGTLT01826,LGTCON01810,reachable,
LGTNET00386,LGTFIT00206,,unclassified_fitting,LGTLT01827,LGTCON01810;LGTCON01811,reachable,
LGTNET00386,LGTFIT00206,,unclassified_fitting,LGTLT01828,LGTCON01810;LGTCON01811;LGTCON01812,reachable,
LGTNET00386,LGTFIT00206,,unclassified_fitting,LGTLT01829,LGTCON01810;LGTCON01811;LGTCON01812;LGTCON01828,reachable,
LGTNET00386,LGTFIT00206,,unclassified_fitting,LGTLT01830,LGTCON01810;LGTCON01811;LGTCON01812;LGTCON01828;LGTCON01829,reachable,
LGTNET00386,LGTFIT00206,,unclassified_fitting,LGTLT01831,LGTCON01810;LGTCON01811;LGTCON01812;LGTCON01813;LGTCON01809;LGTCON01814;LGTCON01815;LGTCON01816;LGTCON01817;LGTCON01825;LGTCON01832;LGTCON01831;LGTCON01830,reachable,
LGTNET00386,LGTFIT00206,,unclassified_fitting,LGTLT01832,LGTCON01810;LGTCON01811;LGTCON01812;LGTCON01813;LGTCON01809;LGTCON01814;LGTCON01815;LGTCON01816;LGTCON01817;LGTCON01825;LGTCON01832;LGTCON01831,reachable,
LGTNET00386,LGTFIT00206,,unclassified_fitting,LGTLT01833,LGTCON01810;LGTCON01811;LGTCON01812;LGTCON01813;LGTCON01809;LGTCON01814;LGTCON01815;LGTCON01816;LGTCON01817;LGTCON01825;LGTCON01832,reachable,
LGTNET00386,LGTFIT00206,,unclassified_fitting,LGTLT01834,LGTCON01810;LGTCON01811;LGTCON01812;LGTCON01813;LGTCON01809;LGTCON01814;LGTCON01815;LGTCON01816;LGTCON01817;LGTCON01825,reachable,
LGTNET00386,LGTFIT00206,,unclassified_fitting,LGTLT01835,LGTCON01810;LGTCON01811;LGTCON01812;LGTCON01813;LGTCON01809;LGTCON01814;LGTCON01815;LGTCON01816;LGTCON01817;LGTCON01825;LGTCON01826,reachable,
LGTNET00386,LGTFIT00206,,unclassified_fitting,LGTLT01836,,unreachable,
LGTNET00386,LGTFIT00206,,unclassified_fitting,LGTLT01837,,unreachable,
LGTNET00386,LGTFIT00206,,unclassified_fitting,LGTLT02933,,unreachable,
LGTNET00386,LGTFIT00206,,unclassified_fitting,LGTLT02935,LGTCON01810;LGTCON01811;LGTCON01812;LGTCON01813;LGTCON01809;LGTCON01814,reachable,
LGTNET00388,LGTFIT00478,,unclassified_fitting,LGTLT02067,LGTCON00993;LGTCON00992;LGTCON00990,reachable,
LGTNET00388,LGTFIT00478,,unclassified_fitting,LGTLT02068,LGTCON00995,reachable,
LGTNET00388,LGTFIT00478,,unclassified_fitting,LGTLT02069,LGTCON00994,reachable,
LGTNET00388,LGTFIT00478,,unclassified_fitting,LGTLT02070,LGTCON00993,reachable,
LGTNET00388,LGTFIT00478,,unclassified_fitting,LGTLT02071,LGTCON00993;LGTCON00992;LGTCON00991,reachable,
LGTNET00388,LGTFIT00478,,unclassified_fitting,LGTLT02381,LGTCON00995;LGTCON00996;LGTCON03939;LGTCON00997;LGTCON03802;LGTCON03656;LGTCON03655;LGTCON03692,reachable,
LGTNET00388,LGTFIT00478,,unclassified_fitting,LGTLT02382,LGTCON00995;LGTCON00996;LGTCON03939;LGTCON00997;LGTCON03802;LGTCON03656;LGTCON03655;LGTCON03693,reachable,
LGTNET00388,LGTFIT00478,,unclassified_fitting,LGTLT02383,LGTCON00995;LGTCON00996;LGTCON03939;LGTCON00997;LGTCON03802;LGTCON03656,reachable,
LGTNET00388,LGTFIT00478,,unclassified_fitting,LGTLT02384,LGTCON00995;LGTCON00996;LGTCON03939;LGTCON00997;LGTCON03802;LGTCON03657,reachable,
LGTNET00388,LGTFIT00478,,unclassified_fitting,LGTLT02921,LGTCON00995;LGTCON00996;LGTCON03939;LGTCON00997,reachable,
LGTNET00389,LGTFIT00636,,unclassified_fitting,LGTLT02232,LGTCON02141,reachable,
LGTNET00389,LGTFIT00636,,unclassified_fitting,LGTLT02233,LGTCON02142;LGTCON02143,reachable,
LGTNET00389,LGTFIT00636,,unclassified_fitting,LGTLT02234,LGTCON02142;LGTCON02143;LGTCON02144,reachable,
LGTNET00389,LGTFIT00636,,unclassified_fitting,LGTLT02235,LGTCON02142;LGTCON02143;LGTCON02144;LGTCON02145,reachable,
LGTNET00389,LGTFIT00636,,unclassified_fitting,LGTLT02236,LGTCON02142;LGTCON02143;LGTCON02144;LGTCON02145;LGTCON02151,reachable,
LGTNET00389,LGTFIT00636,,unclassified_fitting,LGTLT02237,LGTCON02142;LGTCON02143;LGTCON02144;LGTCON02145;LGTCON02151;LGTCON02152,reachable,
LGTNET00389,LGTFIT00636,,unclassified_fitting,LGTLT02238,LGTCON02142;LGTCON02143;LGTCON02144;LGTCON02145;LGTCON02151;LGTCON02152;LGTCON02153,reachable,
LGTNET00389,LGTFIT00636,,unclassified_fitting,LGTLT02239,LGTCON02142;LGTCON02143;LGTCON02144;LGTCON02145;LGTCON02151;LGTCON02152;LGTCON02153;LGTCON02154,reachable,
LGTNET00389,LGTFIT00636,,unclassified_fitting,LGTLT02240,LGTCON02142;LGTCON02143;LGTCON02144;LGTCON02146;LGTCON02147;LGTCON02148;LGTCON02150,reachable,
LGTNET00389,LGTFIT00636,,unclassified_fitting,LGTLT02241,LGTCON02142;LGTCON02143;LGTCON02144;LGTCON02146;LGTCON02147;LGTCON02148,reachable,
LGTNET00389,LGTFIT00636,,unclassified_fitting,LGTLT02242,LGTCON02142;LGTCON02143;LGTCON02144;LGTCON02146;LGTCON02147;LGTCON02148;LGTCON02149,reachable,
LGTNET00389,LGTFIT00636,,unclassified_fitting,LGTLT02243,LGTCON02142;LGTCON02143;LGTCON02144;LGTCON02146;LGTCON02147,reachable,
LGTNET00389,LGTFIT00636,,unclassified_fitting,LGTLT02244,LGTCON02142;LGTCON02143;LGTCON02144;LGTCON02146,reachable,
LGTNET00389,LGTFIT00636,,unclassified_fitting,LGTLT02245,LGTCON02142,reachable,
LGTNET00391,LGTFIT00046,,unclassified_fitting,LGTLT00249,LGTCON02068;LGTCON02067;LGTCON02066;LGTCON02065;LGTCON02064;LGTCON02063;LGTCON02062;LGTCON02061;LGTCON02060;LGTCON02059,reachable,
LGTNET00391,LGTFIT00046,,unclassified_fitting,LGTLT00250,LGTCON02068;LGTCON02067;LGTCON02066;LGTCON02065;LGTCON02064;LGTCON02063;LGTCON02062;LGTCON02061,reachable,
LGTNET00391,LGTFIT00046,,unclassified_fitting,LGTLT00251,LGTCON02068;LGTCON02067;LGTCON02066;LGTCON02065;LGTCON02064;LGTCON02063;LGTCON02062;LGTCON02070,reachable,
LGTNET00391,LGTFIT00046,,unclassified_fitting,LGTLT00252,LGTCON02068;LGTCON02067;LGTCON02066;LGTCON02065;LGTCON02064;LGTCON02063;LGTCON02062;LGTCON02070;LGTCON02069,reachable,
LGTNET00391,LGTFIT00046,,unclassified_fitting,LGTLT00253,LGTCON02068;LGTCON02067;LGTCON02066;LGTCON02065;LGTCON02064,reachable,
LGTNET00391,LGTFIT00046,,unclassified_fitting,LGTLT00254,LGTCON02068;LGTCON02067;LGTCON02066,reachable,
LGTNET00391,LGTFIT00046,,unclassified_fitting,LGTLT00255,LGTCON02068,reachable,
LGTNET00391,LGTFIT00046,,unclassified_fitting,LGTLT00256,LGTCON02068;LGTCON02067;LGTCON02066;LGTCON02065,reachable,
LGTNET00391,LGTFIT00046,,unclassified_fitting,LGTLT00257,LGTCON02068;LGTCON02067;LGTCON02066;LGTCON02065;LGTCON02064;LGTCON02063,reachable,
LGTNET00391,LGTFIT00046,,unclassified_fitting,LGTLT00258,LGTCON02068;LGTCON02067;LGTCON02066;LGTCON02065;LGTCON02064;LGTCON02063;LGTCON02062;LGTCON02061;LGTCON02060,reachable,
LGTNET00392,LGTFIT01153,service_box,assumed,LGTLT02492,LGTCON01771;LGTCON01772;LGTCON01773;LGTCON01775;LGTCON01774,reachable,
LGTNET00392,LGTFIT01153,service_box,assumed,LGTLT02493,LGTCON01771;LGTCON01772;LGTCON01773,reachable,
LGTNET00392,LGTFIT01153,service_box,assumed,LGTLT02494,LGTCON01771,reachable,
LGTNET00392,LGTFIT01153,service_box,assumed,LGTLT02495,LGTCON01771;LGTCON01770;LGTCON01769,reachable,
LGTNET00392,LGTFIT01153,service_box,assumed,LGTLT02496,LGTCON01771;LGTCON01770;LGTCON01769;LGTCON01768;LGTCON01767,reachable,
LGTNET00392,LGTFIT01153,service_box,assumed,LGTLT02497,LGTCON01771;LGTCON01770;LGTCON01769;LGTCON01768,reachable,
LGTNET00392,LGTFIT01153,service_box,assumed,LGTLT02498,LGTCON01771;LGTCON01770,reachable,
LGTNET00392,LGTFIT01153,service_box,assumed,LGTLT02499,LGTCON01771;LGTCON01772,reachable,
LGTNET00392,LGTFIT01153,service_box,assumed,LGTLT02500,LGTCON01771;LGTCON01772;LGTCON01773;LGTCON01775,reachable,
LGTNET00393,LGTFIT01229,,unclassified_fitting,LGTLT01809,LGTCON01492;LGTCON01493;LGTCON01494;LGTCON01495;LGTCON02226;LGTCON02227,reachable,
LGTNET00393,LGTFIT01229,,unclassified_fitting,LGTLT01810,LGTCON01492;LGTCON01493;LGTCON01494;LGTCON01495,reachable,
LGTNET00393,LGTFIT01229,,unclassified_fitting,LGTLT01811,LGTCON01492;LGTCON01493;LGTCON01494,reachable,
LGTNET00393,LGTFIT01229,,unclassified_fitting,LGTLT01812,LGTCON01492;LGTCON01493,reachable,
LGTNET00393,LGTFIT01229,,unclassified_fitting,LGTLT01813,LGTCON01492,reachable,
LGTNET00396,LGTFIT01152,service_box,assumed,LGTLT02287,LGTCON01763;LGTCON01761,reachable,
LGTNET00396,LGTFIT01152,service_box,assumed,LGTLT02288,LGTCON01763;LGTCON01761;LGTCON01760;LGTCON01759,reachable,
LGTNET00396,LGTFIT01152,service_box,assumed,LGTLT02289,LGTCON01763;LGTCON01761;LGTCON01760;LGTCON01759;LGTCON01758;LGTCON01757,reachable,
LGTNET00396,LGTFIT01152,service_box,assumed,LGTLT02290,LGTCON01763;LGTCON01761;LGTCON01760;LGTCON01759;LGTCON01758;LGTCON01757;LGTCON01756;LGTCON01764;LGTCON01765;LGTCON01766,reachable,
LGTNET00396,LGTFIT01152,service_box,assumed,LGTLT02291,LGTCON01763;LGTCON01761;LGTCON01760;LGTCON01759;LGTCON01758;LGTCON01757;LGTCON01756;LGTCON01764;LGTCON01765,reachable,
LGTNET00396,LGTFIT01152,service_box,assumed,LGTLT02292,LGTCON01763;LGTCON01761;LGTCON01760;LGTCON01759;LGTCON01758;LGTCON01757;LGTCON01756,reachable,
LGTNET00396,LGTFIT01152,service_box,assumed,LGTLT02293,LGTCON01763;LGTCON01761;LGTCON01760;LGTCON01759;LGTCON01758,reachable,
LGTNET00396,LGTFIT01152,service_box,assumed,LGTLT02294,LGTCON01763;LGTCON01761;LGTCON01760,reachable,
LGTNET00396,LGTFIT01152,service_box,assumed,LGTLT02295,LGTCON01763,reachable,
LGTNET00396,LGTFIT01152,service_box,assumed,LGTLT02961,LGTCON01763;LGTCON01762,reachable,
LGTNET00396,LGTFIT01152,service_box,assumed,LGTLT02974,LGTCON01763;LGTCON01761;LGTCON01760;LGTCON01759;LGTCON01758;LGTCON01757;LGTCON01756;LGTCON01764,reachable,
LGTNET00397,LGTFIT01056,,unclassified_fitting,LGTLT01846,LGTCON02000,reachable,
LGTNET00397,LGTFIT01056,,unclassified_fitting,LGTLT01847,LGTCON02000;LGTCON01994;LGTCON01995,reachable,
LGTNET00397,LGTFIT01056,,unclassified_fitting,LGTLT01848,LGTCON02000;LGTCON01994;LGTCON01995;LGTCON01996,reachable,
LGTNET00397,LGTFIT01056,,unclassified_fitting,LGTLT01849,LGTCON02000;LGTCON01994;LGTCON01995;LGTCON01996;LGTCON01997,reachable,
LGTNET00397,LGTFIT01056,,unclassified_fitting,LGTLT01850,,unreachable,
LGTNET00397,LGTFIT01056,,unclassified_fitting,LGTLT01851,,unreachable,
LGTNET00397,LGTFIT01056,,unclassified_fitting,LGTLT02951,LGTCON02000;LGTCON01994,reachable,
LGTNET00399,LGTFIT01156,service_box,explicit,LGTLT01565,LGTCON01395;LGTCON01396;LGTCON01397;LGTCON01398;LGTCON01399,reachable,
LGTNET00399,LGTFIT01156,service_box,explicit,LGTLT01566,LGTCON01395,reachable,
LGTNET00399,LGTFIT01156,service_box,explicit,LGTLT01567,LGTCON01395;LGTCON01396,reachable,
LGTNET00399,LGTFIT01156,service_box,explicit,LGTLT01568,LGTCON01395;LGTCON01396;LGTCON01397,reachable,
LGTNET00401,LGTFIT01140,service_pole,unclassified_fitting,LGTLT01580,LGTCON01302,reachable,
LGTNET00401,LGTFIT01140,service_pole,unclassified_fitting,LGTLT01581,LGTCON01302;LGTCON01301,reachable,
LGTNET00401,LGTFIT01140,service_pole,unclassified_fitting,LGTLT01582,LGTCON01302;LGTCON01301;LGTCON01300,reachable,
LGTNET00403,LGTFIT00444,,unclassified_fitting,LGTLT01004,LGTCON00767;LGTCON00768;LGTCON00769,reachable,
LGTNET00403,LGTFIT00444,,unclassified_fitting,LGTLT01005,LGTCON00767;LGTCON00768,reachable,
LGTNET00403,LGTFIT00444,,unclassified_fitting,LGTLT01006,LGTCON00767,reachable,
LGTNET00404,LGTFIT00198,,unclassified_fitting,LGTLT01638,LGTCON01468;LGTCON01466;LGTCON01467;LGTCON01465;LGTCON01464;LGTCON01459;LGTCON01458;LGTCON01461;LGTCON01462;LGTCON01463,reachable,
LGTNET00404,LGTFIT00198,,unclassified_fitting,LGTLT01639,LGTCON01468;LGTCON01466;LGTCON01467;LGTCON01465;LGTCON01464;LGTCON01459;LGTCON01458;LGTCON01461;LGTCON01462,reachable,
LGTNET00404,LGTFIT00198,,unclassified_fitting,LGTLT01640,LGTCON01468;LGTCON01466;LGTCON01467;LGTCON01465;LGTCON01464;LGTCON01459;LGTCON01458;LGTCON01461,reachable,
LGTNET00404,LGTFIT00198,,unclassified_fitting,LGTLT01641,LGTCON01468;LGTCON01466;LGTCON01467;LGTCON01465;LGTCON01464;LGTCON01459,reachable,
LGTNET00404,LGTFIT00198,,unclassified_fitting,LGTLT01642,LGTCON01468;LGTCON01466;LGTCON01467;LGTCON01465;LGTCON01464,reachable,
LGTNET00404,LGTFIT00198,,unclassified_fitting,LGTLT01643,LGTCON01468;LGTCON01466;LGTCON01467;LGTCON01465,reachable,
LGTNET00404,LGTFIT00198,,unclassified_fitting,LGTLT01644,LGTCON01468;LGTCON01466;LGTCON01467,reachable,
LGTNET00404,LGTFIT00198,,unclassified_fitting,LGTLT01645,LGTCON01468;LGTCON01466;LGTCON01469,reachable,
LGTNET00404,LGTFIT00198,,unclassified_fitting,LGTLT01646,LGTCON01468,reachable,
LGTNET00404,LGTFIT00198,,unclassified_fitting,LGTLT01647,LGTCON01468;LGTCON01466;LGTCON01467;LGTCON01465;LGTCON01464;LGTCON01459;LGTCON01458;LGTCON01457,reachable,
LGTNET00404,LGTFIT00198,,unclassified_fitting,LGTLT01648,LGTCON01468;LGTCON01466;LGTCON01467;LGTCON01465;LGTCON01464;LGTCON01459;LGTCON01458;LGTCON01457;LGTCON01456,reachable,
LGTNET00404,LGTFIT00198,,unclassified_fitting,LGTLT01649,LGTCON01468;LGTCON01466;LGTCON01467;LGTCON01465;LGTCON01464;LGTCON01459;LGTCON01458;LGTCON01457;LGTCON01456;LGTCON01455,reachable,
LGTNET00404,LGTFIT00198,,unclassified_fitting,LGTLT01650,LGTCON01468;LGTCON01466;LGTCON01467;LGTCON01465;LGTCON01464;LGTCON01459;LGTCON01458;LGTCON01457;LGTCON01456;LGTCON01455;LGTCON01454,reachable,
LGTNET00404,LGTFIT00198,,unclassified_fitting,LGTLT01651,LGTCON01468;LGTCON01466;LGTCON01467;LGTCON01465;LGTCON01464;LGTCON01459;LGTCON01458;LGTCON01457;LGTCON01456;LGTCON01455;LGTCON01454;LGTCON01453,reachable,
LGTNET00404,LGTFIT01228,service_box,assumed,LGTLT01638,LGTCON01460;LGTCON01459;LGTCON01458;LGTCON01461;LGTCON01462;LGTCON01463,reachable,
LGTNET00404,LGTFIT01228,service_box,assumed,LGTLT01639,LGTCON01460;LGTCON01459;LGTCON01458;LGTCON01461;LGTCON01462,reachable,
LGTNET00404,LGTFIT01228,service_box,assumed,LGTLT01640,LGTCON01460;LGTCON01459;LGTCON01458;LGTCON01461,reachable,
LGTNET00404,LGTFIT01228,service_box,assumed,LGTLT01641,LGTCON01460;LGTCON01459,reachable,
LGTNET00404,LGTFIT01228,service_box,assumed,LGTLT01642,LGTCON01460,reachable,
LGTNET00404,LGTFIT01228,service_box,assumed,LGTLT01643,LGTCON01460;LGTCON01464,reachable,
LGTNET00404,LGTFIT01228,service_box,assumed,LGTLT01644,LGTCON01460;LGTCON01464;LGTCON01465,reachable,
LGTNET00404,LGTFIT01228,service_box,assumed,LGTLT01645,LGTCON01460;LGTCON01464;LGTCON01465;LGTCON01467;LGTCON01469,reachable,
LGTNET00404,LGTFIT01228,service_box,assumed,LGTLT01646,LGTCON01460;LGTCON01464;LGTCON01465;LGTCON01467;LGTCON01466,reachable,
LGTNET00404,LGTFIT01228,service_box,assumed,LGTLT01647,LGTCON01460;LGTCON01459;LGTCON01458;LGTCON01457,reachable,
LGTNET00404,LGTFIT01228,service_box,assumed,LGTLT01648,LGTCON01460;LGTCON01459;LGTCON01458;LGTCON01457;LGTCON01456,reachable,
LGTNET00404,LGTFIT01228,service_box,assumed,LGTLT01649,LGTCON01460;LGTCON01459;LGTCON01458;LGTCON01457;LGTCON01456;LGTCON01455,reachable,
LGTNET00404,LGTFIT01228,service_box,assumed,LGTLT01650,LGTCON01460;LGTCON01459;LGTCON01458;LGTCON01457;LGTCON01456;LGTCON01455;LGTCON01454,reachable,
LGTNET00404,LGTFIT01228,service_box,assumed,LGTLT01651,LGTCON01460;LGTCON01459;LGTCON01458;LGTCON01457;LGTCON01456;LGTCON01455;LGTCON01454;LGTCON01453,reachable,
LGTNET00405,LGTFIT00236,,unclassified_fitting,LGTLT01679,LGTCON00053,reachable,
LGTNET00405,LGTFIT00236,,unclassified_fitting,LGTLT01680,,unreachable,
LGTNET00405,LGTFIT00236,,unclassified_fitting,LGTLT01681,,unreachable,
LGTNET00405,LGTFIT00237,,unclassified_fitting,LGTLT01679,,unreachable,
LGTNET00405,LGTFIT00237,,unclassified_fitting,LGTLT01680,LGTCON00051;LGTCON00052,reachable,
LGTNET00405,LGTFIT00237,,unclassified_fitting,LGTLT01681,LGTCON00050,reachable,
LGTNET00406,LGTFIT00021,,unclassified_fitting,LGTLT01007,LGTCON02238;LGTCON02236,reachable,
LGTNET00406,LGTFIT00021,,unclassified_fitting,LGTLT01008,LGTCON02238,reachable,
LGTNET00406,LGTFIT00204,,unclassified_fitting,LGTLT01007,LGTCON02237,reachable,
LGTNET00406,LGTFIT00204,,unclassified_fitting,LGTLT01008,LGTCON02237;LGTCON02236,reachable,
LGTNET00406,LGTFIT00205,,unclassified_fitting,LGTLT01007,LGTCON02235;LGTCON02236,reachable,
LGTNET00406,LGTFIT00205,,unclassified_fitting,LGTLT01008,LGTCON02235,reachable,
LGTNET00408,LGTFIT00175,,unclassified_fitting,LGTLT02533,,unreachable,
LGTNET00408,LGTFIT00175,,unclassified_fitting,LGTLT02534,,unreachable,
LGTNET00408,LGTFIT00175,,unclassified_fitting,LGTLT02535,LGTCON03413;LGTCON03412;LGTCON03411;LGTCON03417;LGTCON03406;LGTCON03405,reachable,
LGTNET00408,LGTFIT00175,,unclassified_fitting,LGTLT02536,LGTCON03413;LGTCON03412;LGTCON03411;LGTCON03410,reachable,
LGTNET00408,LGTFIT00175,,unclassified_fitting,LGTLT02537,,unreachable,
LGTNET00408,LGTFIT00175,,unclassified_fitting,LGTLT02538,LGTCON03413;LGTCON03412;LGTCON03411;LGTCON03410;LGTCON03418;LGTCON03419,reachable,
LGTNET00408,LGTFIT00175,,unclassified_fitting,LGTLT02539,LGTCON03413;LGTCON03412;LGTCON03411;LGTCON03417;LGTCON03408;LGTCON03409,reachable,
LGTNET00408,LGTFIT00175,,unclassified_fitting,LGTLT02540,LGTCON03413;LGTCON03412;LGTCON03411;LGTCON03417;LGTCON03408;LGTCON03409;LGTCON00467,reachable,
LGTNET00408,LGTFIT00175,,unclassified_fitting,LGTLT02541,LGTCON03413;LGTCON03412;LGTCON03411;LGTCON03417;LGTCON03406;LGTCON03407;LGTCON00466;LGTCON00465,reachable,
LGTNET00408,LGTFIT00175,,unclassified_fitting,LGTLT02882,LGTCON03413;LGTCON03412;LGTCON03411;LGTCON03417;LGTCON03408;LGTCON03409;LGTCON00468;LGTCON03907;LGTCON03908,reachable,
LGTNET00408,LGTFIT00175,,unclassified_fitting,LGTLT02907,,unreachable,
LGTNET00408,LGTFIT00175,,unclassified_fitting,LGTLT02916,LGTCON03413;LGTCON03412;LGTCON03411;LGTCON03417;LGTCON03408;LGTCON03409;LGTCON00468,reachable,
LGTNET00408,LGTFIT00175,,unclassified_fitting,LGTLT02917,LGTCON03413;LGTCON03412;LGTCON03411;LGTCON03417;LGTCON03408;LGTCON03409;LGTCON00468;LGTCON03907,reachable,
LGTNET00408,LGTFIT00175,,unclassified_fitting,LGTLT02925,LGTCON03413;LGTCON03412;LGTCON03411;LGTCON03417,reachable,
LGTNET00408,LGTFIT00175,,unclassified_fitting,LGTLT02926,LGTCON03413;LGTCON03412;LGTCON03411;LGTCON03417;LGTCON03406;LGTCON03407,reachable,
LGTNET00408,LGTFIT00175,,unclassified_fitting,LGTLT02927,LGTCON03413,reachable,
LGTNET00408,LGTFIT00175,,unclassified_fitting,LGTLT02928,LGTCON03413;LGTCON03412;LGTCON03411;LGTCON03417;LGTCON03406;LGTCON03407;LGTCON00466,reachable,
LGTNET00408,LGTFIT00175,,unclassified_fitting,LGTLT05546,LGTCON03413;LGTCON03412;LGTCON03411;LGTCON03417;LGTCON03406;LGTCON03405;LGTCON03404,reachable,
LGTNET00408,LGTFIT00963,,unclassified_fitting,LGTLT02533,LGTCON03422;LGTCON03421;LGTCON03400;LGTCON03401;LGTCON03402,reachable,
LGTNET00408,LGTFIT00963,,unclassified_fitting,LGTLT02534,LGTCON03422;LGTCON03421;LGTCON03400;LGTCON03401,reachable,
LGTNET00408,LGTFIT00963,,unclassified_fitting,LGTLT02535,,unreachable,
LGTNET00408,LGTFIT00963,,unclassified_fitting,LGTLT02536,,unreachable,
LGTNET00408,LGTFIT00963,,unclassified_fitting,LGTLT02537,LGTCON03422;LGTCON03421;LGTCON03400;LGTCON03401;LGTCON03414;LGTCON03415;LGTCON03416,reachable,
LGTNET00408,LGTFIT00963,,unclassified_fitting,LGTLT02538,,unreachable,
LGTNET00408,LGTFIT00963,,unclassified_fitting,LGTLT02539,,unreachable,
LGTNET00408,LGTFIT00963,,unclassified_fitting,LGTLT02540,,unreachable,
LGTNET00408,LGTFIT00963,,unclassified_fitting,LGTLT02541,,unreachable,
LGTNET00408,LGTFIT00963,,unclassified_fitting,LGTLT02882,,unreachable,
LGTNET00408,LGTFIT00963,,unclassified_fitting,LGTLT02907,LGTCON03422;LGTCON03421;LGTCON03400;LGTCON03401;LGTCON03402;LGTCON02995;LGTCON03403,reachable,
LGTNET00408,LGTFIT00963,,unclassified_fitting,LGTLT02916,,unreachable,
LGTNET00408,LGTFIT00963,,unclassified_fitting,LGTLT02917,,unreachable,
LGTNET00408,LGTFIT00963,,unclassified_fitting,LGTLT02925,,unreachable,
LGTNET00408,LGTFIT00963,,unclassified_fitting,LGTLT02926,,unreachable,
LGTNET00408,LGTFIT00963,,unclassified_fitting,LGTLT02927,,unreachable,
LGTNET00408,LGTFIT00963,,unclassified_fitting,LGTLT02928,,unreachable,
LGTNET00408,LGTFIT00963,,unclassified_fitting,LGTLT05546,,unreachable,
LGTNET00408,LGTFIT01009,,unclassified_fitting,LGTLT02533,LGTCON03814;LGTCON03421;LGTCON03400;LGTCON03401;LGTCON03402,reachable,
LGTNET00408,LGTFIT01009,,unclassified_fitting,LGTLT02534,LGTCON03814;LGTCON03421;LGTCON03400;LGTCON03401,reachable,
LGTNET00408,LGTFIT01009,,unclassified_fitting,LGTLT02535,,unreachable,
LGTNET00408,LGTFIT01009,,unclassified_fitting,LGTLT02536,,unreachable,
LGTNET00408,LGTFIT01009,,unclassified_fitting,LGTLT02537,LGTCON03814;LGTCON03421;LGTCON03400;LGTCON03401;LGTCON03414;LGTCON03415;LGTCON03416,reachable,
LGTNET00408,LGTFIT01009,,unclassified_fitting,LGTLT02538,,unreachable,
LGTNET00408,LGTFIT01009,,unclassified_fitting,LGTLT02539,,unreachable,
LGTNET00408,LGTFIT01009,,unclassified_fitting,LGTLT02540,,unreachable,
LGTNET00408,LGTFIT01009,,unclassified_fitting,LGTLT02541,,unreachable,
LGTNET00408,LGTFIT01009,,unclassified_fitting,LGTLT02882,,unreachable,
LGTNET00408,LGTFIT01009,,unclassified_fitting,LGTLT02907,LGTCON03814;LGTCON03421;LGTCON03400;LGTCON03401;LGTCON03402;LGTCON02995;LGTCON03403,reachable,
LGTNET00408,LGTFIT01009,,unclassified_fitting,LGTLT02916,,unreachable,
LGTNET00408,LGTFIT01009,,unclassified_fitting,LGTLT02917,,unreachable,
LGTNET00408,LGTFIT01009,,unclassified_fitting,LGTLT02925,,unreachable,
LGTNET00408,LGTFIT01009,,unclassified_fitting,LGTLT02926,,unreachable,
LGTNET00408,LGTFIT01009,,unclassified_fitting,LGTLT02927,,unreachable,
LGTNET00408,LGTFIT01009,,unclassified_fitting,LGTLT02928,,unreachable,
LGTNET00408,LGTFIT01009,,unclassified_fitting,LGTLT05546,,unreachable,
LGTNET00409,LGTFIT00026,,unclassified_fitting,LGTLT01966,LGTCON01752,reachable,
LGTNET00409,LGTFIT00026,,unclassified_fitting,LGTLT01967,LGTCON01752;LGTCON01751,reachable,
LGTNET00409,LGTFIT00026,,unclassified_fitting,LGTLT01968,LGTCON01752;LGTCON01751;LGTCON01753;LGTCON01754;LGTCON03333,reachable,
LGTNET00409,LGTFIT00026,,unclassified_fitting,LGTLT01969,LGTCON01752;LGTCON01751;LGTCON01753,reachable,
LGTNET00409,LGTFIT00026,,unclassified_fitting,LGTLT01970,LGTCON01752;LGTCON01751;LGTCON01753;LGTCON01754,reachable,
LGTNET00409,LGTFIT00026,,unclassified_fitting,LGTLT02905,LGTCON01752;LGTCON01751;LGTCON01753;LGTCON01754;LGTCON03333;LGTCON03332;LGTCON03331,reachable,
LGTNET00409,LGTFIT00026,,unclassified_fitting,LGTLT02971,LGTCON01752;LGTCON01751;LGTCON01753;LGTCON01754;LGTCON03333;LGTCON03332,reachable,
LGTNET00412,LGTFIT00920,,unclassified_fitting,LGTLT02527,LGTCON02089;LGTCON02090;LGTCON02091;LGTCON02087;LGTCON02086;LGTCON02085,reachable,
LGTNET00412,LGTFIT00920,,unclassified_fitting,LGTLT02528,LGTCON02089;LGTCON02090;LGTCON02091;LGTCON02087;LGTCON02086,reachable,
LGTNET00412,LGTFIT00920,,unclassified_fitting,LGTLT02529,LGTCON02089;LGTCON02090,reachable,
LGTNET00412,LGTFIT00920,,unclassified_fitting,LGTLT02530,LGTCON02089,reachable,
LGTNET00412,LGTFIT00920,,unclassified_fitting,LGTLT02531,LGTCON02092,reachable,
LGTNET00412,LGTFIT00920,,unclassified_fitting,LGTLT02909,LGTCON02088,reachable,
LGTNET00412,LGTFIT00920,,unclassified_fitting,LGTLT02910,LGTCON02089;LGTCON02090;LGTCON02091;LGTCON02087,reachable,
LGTNET00412,LGTFIT00920,,unclassified_fitting,LGTLT02911,LGTCON02089;LGTCON02090;LGTCON02091,reachable,
LGTNET00415,LGTFIT00369,,unclassified_fitting,LGTLT01793,LGTCON00460,reachable,
LGTNET00415,LGTFIT00369,,unclassified_fitting,LGTLT01794,LGTCON00460;LGTCON00459;LGTCON00457,reachable,
LGTNET00415,LGTFIT00369,,unclassified_fitting,LGTLT01795,LGTCON00460;LGTCON00459;LGTCON00457;LGTCON00458,reachable,
LGTNET00415,LGTFIT00369,,unclassified_fitting,LGTLT02633,LGTCON00460;LGTCON00459;LGTCON00456,reachable,
LGTNET00415,LGTFIT00369,,unclassified_fitting,LGTLT02634,LGTCON00460;LGTCON00459;LGTCON00456;LGTCON00455,reachable,
LGTNET00416,LGTFIT01182,service_box,explicit,LGTLT02393,LGTCON01199,reachable,
LGTNET00416,LGTFIT01182,service_box,explicit,LGTLT02394,LGTCON01199;LGTCON01198,reachable,
LGTNET00417,LGTFIT00071,,unclassified_fitting,LGTLT02580,LGTCON02781;LGTCON02784;LGTCON02782,reachable,
LGTNET00417,LGTFIT00071,,unclassified_fitting,LGTLT02581,LGTCON02781,reachable,
LGTNET00418,LGTFIT00118,,unclassified_fitting,LGTLT02129,LGTCON03157;LGTCON00357;LGTCON00356;LGTCON00328,reachable,
LGTNET00418,LGTFIT00118,,unclassified_fitting,LGTLT02402,LGTCON03157;LGTCON00357,reachable,
LGTNET00418,LGTFIT00118,,unclassified_fitting,LGTLT02403,LGTCON03157,reachable,
LGTNET00418,LGTFIT00118,,unclassified_fitting,LGTLT02404,LGTCON03157;LGTCON00359,reachable,
LGTNET00418,LGTFIT00118,,unclassified_fitting,LGTLT02405,LGTCON03157;LGTCON00358;LGTCON00360,reachable,
LGTNET00418,LGTFIT00118,,unclassified_fitting,LGTLT02406,LGTCON03157;LGTCON00358,reachable,
LGTNET00418,LGTFIT00119,,unclassified_fitting,LGTLT02129,LGTCON03158;LGTCON00358;LGTCON00357;LGTCON00356;LGTCON00328,reachable,
LGTNET00418,LGTFIT00119,,unclassified_fitting,LGTLT02402,LGTCON03158;LGTCON00358;LGTCON00357,reachable,
LGTNET00418,LGTFIT00119,,unclassified_fitting,LGTLT02403,LGTCON03158;LGTCON00358,reachable,
LGTNET00418,LGTFIT00119,,unclassified_fitting,LGTLT02404,LGTCON03158;LGTCON00358;LGTCON00359,reachable,
LGTNET00418,LGTFIT00119,,unclassified_fitting,LGTLT02405,LGTCON03158;LGTCON00360,reachable,
LGTNET00418,LGTFIT00119,,unclassified_fitting,LGTLT02406,LGTCON03158,reachable,
LGTNET00418,LGTFIT01039,,unclassified_fitting,LGTLT02129,LGTCON00327,reachable,
LGTNET00418,LGTFIT01039,,unclassified_fitting,LGTLT02402,LGTCON00327;LGTCON00328;LGTCON00356,reachable,
LGTNET00418,LGTFIT01039,,unclassified_fitting,LGTLT02403,LGTCON00327;LGTCON00328;LGTCON00356;LGTCON00357,reachable,
LGTNET00418,LGTFIT01039,,unclassified_fitting,LGTLT02404,LGTCON00327;LGTCON00328;LGTCON00356;LGTCON00357;LGTCON00359,reachable,
LGTNET00418,LGTFIT01039,,unclassified_fitting,LGTLT02405,LGTCON00327;LGTCON00328;LGTCON00356;LGTCON00357;LGTCON00358;LGTCON00360,reachable,
LGTNET00418,LGTFIT01039,,unclassified_fitting,LGTLT02406,LGTCON00327;LGTCON00328;LGTCON00356;LGTCON00357;LGTCON00358,reachable,
LGTNET00419,LGTFIT00839,,unclassified_fitting,LGTLT02304,LGTCON02708,reachable,
LGTNET00419,LGTFIT00839,,unclassified_fitting,LGTLT02305,LGTCON02707,reachable,
LGTNET00419,LGTFIT00839,,unclassified_fitting,LGTLT02306,LGTCON02709,reachable,
LGTNET00419,LGTFIT00839,,unclassified_fitting,LGTLT02307,LGTCON02708;LGTCON02706;LGTCON02705,reachable,
LGTNET00420,LGTFIT00840,,unclassified_fitting,LGTLT02476,LGTCON01748;LGTCON01747;LGTCON01745,reachable,
LGTNET00420,LGTFIT00840,,unclassified_fitting,LGTLT02477,LGTCON01748,reachable,
LGTNET00420,LGTFIT00840,,unclassified_fitting,LGTLT02478,LGTCON01748;LGTCON01747;LGTCON01746,reachable,
LGTNET00420,LGTFIT00840,,unclassified_fitting,LGTLT02479,LGTCON01748;LGTCON01747;LGTCON01745;LGTCON01744;LGTCON01742,reachable,
LGTNET00420,LGTFIT00840,,unclassified_fitting,LGTLT02480,LGTCON01748;LGTCON01747;LGTCON01745;LGTCON01744;LGTCON01743,reachable,
LGTNET00420,LGTFIT00840,,unclassified_fitting,LGTLT02486,LGTCON01748;LGTCON01747;LGTCON01745;LGTCON01744;LGTCON01741,reachable,
LGTNET00420,LGTFIT00840,,unclassified_fitting,LGTLT02487,LGTCON01748;LGTCON01747;LGTCON01745;LGTCON01744;LGTCON01741;LGTCON01740;LGTCON01739,reachable,
LGTNET00420,LGTFIT00840,,unclassified_fitting,LGTLT02488,LGTCON01748;LGTCON01747;LGTCON01745;LGTCON01744;LGTCON01741;LGTCON01740;LGTCON01738,reachable,
LGTNET00420,LGTFIT00840,,unclassified_fitting,LGTLT02489,LGTCON01748;LGTCON01747;LGTCON01745;LGTCON01744;LGTCON01741;LGTCON01740;LGTCON01738;LGTCON01737;LGTCON01736,reachable,
LGTNET00420,LGTFIT01151,service_box,assumed,LGTLT02476,LGTCON01750;LGTCON01741;LGTCON01744,reachable,
LGTNET00420,LGTFIT01151,service_box,assumed,LGTLT02477,LGTCON01750;LGTCON01741;LGTCON01744;LGTCON01745;LGTCON01747,reachable,
LGTNET00420,LGTFIT01151,service_box,assumed,LGTLT02478,LGTCON01750;LGTCON01741;LGTCON01744;LGTCON01745;LGTCON01746,reachable,
LGTNET00420,LGTFIT01151,service_box,assumed,LGTLT02479,LGTCON01750;LGTCON01741;LGTCON01742,reachable,
LGTNET00420,LGTFIT01151,service_box,assumed,LGTLT02480,LGTCON01750;LGTCON01741;LGTCON01743,reachable,
LGTNET00420,LGTFIT01151,service_box,assumed,LGTLT02486,LGTCON01750,reachable,
LGTNET00420,LGTFIT01151,service_box,assumed,LGTLT02487,LGTCON01750;LGTCON01740;LGTCON01739,reachable,
LGTNET00420,LGTFIT01151,service_box,assumed,LGTLT02488,LGTCON01750;LGTCON01740;LGTCON01738,reachable,
LGTNET00420,LGTFIT01151,service_box,assumed,LGTLT02489,LGTCON01750;LGTCON01740;LGTCON01738;LGTCON01737;LGTCON01736,reachable,
LGTNET00421,LGTFIT01101,service_box,assumed,LGTLT02004,LGTCON01577;LGTCON01578;LGTCON01584;LGTCON01583;LGTCON01581,reachable,
LGTNET00421,LGTFIT01101,service_box,assumed,LGTLT02005,LGTCON01577;LGTCON01578;LGTCON01584;LGTCON01582,reachable,
LGTNET00421,LGTFIT01101,service_box,assumed,LGTLT02006,LGTCON01577;LGTCON01578,reachable,
LGTNET00421,LGTFIT01101,service_box,assumed,LGTLT02007,LGTCON01577;LGTCON01578;LGTCON01584;LGTCON01583,reachable,
LGTNET00421,LGTFIT01101,service_box,assumed,LGTLT02008,LGTCON01577;LGTCON01578;LGTCON01584;LGTCON01583;LGTCON01581;LGTCON01580,reachable,
LGTNET00421,LGTFIT01101,service_box,assumed,LGTLT02009,LGTCON01577;LGTCON01578;LGTCON01584;LGTCON01583;LGTCON01581;LGTCON01580;LGTCON01579,reachable,
LGTNET00421,LGTFIT01101,service_box,assumed,LGTLT02011,LGTCON01577,reachable,
LGTNET00422,LGTFIT01102,service_box,assumed,LGTLT01996,LGTCON01594;LGTCON01593;LGTCON01591;LGTCON01589,reachable,
LGTNET00422,LGTFIT01102,service_box,assumed,LGTLT01997,LGTCON01594;LGTCON01593;LGTCON01591;LGTCON01590,reachable,
LGTNET00422,LGTFIT01102,service_box,assumed,LGTLT01998,LGTCON01594;LGTCON01593;LGTCON01592,reachable,
LGTNET00422,LGTFIT01102,service_box,assumed,LGTLT01999,LGTCON01594,reachable,
LGTNET00423,LGTFIT01104,service_box,assumed,LGTLT01984,LGTCON01625;LGTCON01623;LGTCON01622,reachable,
LGTNET00423,LGTFIT01104,service_box,assumed,LGTLT01985,LGTCON01625,reachable,
LGTNET00423,LGTFIT01104,service_box,assumed,LGTLT01986,LGTCON01625;LGTCON01624;LGTCON01620,reachable,
LGTNET00423,LGTFIT01104,service_box,assumed,LGTLT01987,LGTCON01625;LGTCON01624;LGTCON01619,reachable,
LGTNET00424,LGTFIT00585,,unclassified_fitting,LGTLT01371,LGTCON01715;LGTCON01717;LGTCON01716,reachable,
LGTNET00424,LGTFIT00585,,unclassified_fitting,LGTLT01372,LGTCON01715;LGTCON01717,reachable,
LGTNET00424,LGTFIT00585,,unclassified_fitting,LGTLT01373,LGTCON01715,reachable,
LGTNET00424,LGTFIT00585,,unclassified_fitting,LGTLT01374,LGTCON01714,reachable,
LGTNET00424,LGTFIT00585,,unclassified_fitting,LGTLT01375,LGTCON01713;LGTCON01719;LGTCON01718,reachable,
LGTNET00424,LGTFIT00585,,unclassified_fitting,LGTLT01376,LGTCON01713;LGTCON01719,reachable,
LGTNET00424,LGTFIT00585,,unclassified_fitting,LGTLT01377,LGTCON01713,reachable,
LGTNET00424,LGTFIT00585,,unclassified_fitting,LGTLT01378,LGTCON01712,reachable,
LGTNET00424,LGTFIT00585,,unclassified_fitting,LGTLT01983,LGTCON01714;LGTCON01711,reachable,
LGTNET00425,LGTFIT00575,,unclassified_fitting,LGTLT02410,LGTCON01628,reachable,
LGTNET00425,LGTFIT00575,,unclassified_fitting,LGTLT02411,LGTCON01627,reachable,
LGTNET00425,LGTFIT00575,,unclassified_fitting,LGTLT02412,,unreachable,
LGTNET00425,LGTFIT00575,,unclassified_fitting,LGTLT02413,,unreachable,
LGTNET00425,LGTFIT00575,,unclassified_fitting,LGTLT02414,,unreachable,
LGTNET00425,LGTFIT00575,,unclassified_fitting,LGTLT02415,,unreachable,
LGTNET00425,LGTFIT00575,,unclassified_fitting,LGTLT02416,,unreachable,
LGTNET00425,LGTFIT00575,,unclassified_fitting,LGTLT02417,,unreachable,
LGTNET00425,LGTFIT00575,,unclassified_fitting,LGTLT02418,LGTCON01629,reachable,
LGTNET00425,LGTFIT00575,,unclassified_fitting,LGTLT02419,LGTCON01629;LGTCON01630,reachable,
LGTNET00425,LGTFIT00575,,unclassified_fitting,LGTLT02420,LGTCON01629;LGTCON01630;LGTCON01631,reachable,
LGTNET00425,LGTFIT00575,,unclassified_fitting,LGTLT02421,LGTCON01629;LGTCON01630;LGTCON01631;LGTCON01632,reachable,
LGTNET00425,LGTFIT00576,,unclassified_fitting,LGTLT02410,,unreachable,
LGTNET00425,LGTFIT00576,,unclassified_fitting,LGTLT02411,,unreachable,
LGTNET00425,LGTFIT00576,,unclassified_fitting,LGTLT02412,LGTCON01643,reachable,
LGTNET00425,LGTFIT00576,,unclassified_fitting,LGTLT02413,LGTCON01644;LGTCON01642,reachable,
LGTNET00425,LGTFIT00576,,unclassified_fitting,LGTLT02414,LGTCON01644;LGTCON01641;LGTCON01640,reachable,
LGTNET00425,LGTFIT00576,,unclassified_fitting,LGTLT02415,LGTCON01644;LGTCON01641;LGTCON01636;LGTCON01639,reachable,
LGTNET00425,LGTFIT00576,,unclassified_fitting,LGTLT02416,LGTCON01644;LGTCON01641;LGTCON01636;LGTCON01638,reachable,
LGTNET00425,LGTFIT00576,,unclassified_fitting,LGTLT02417,LGTCON01644;LGTCON01641;LGTCON01636;LGTCON01638;LGTCON01637,reachable,
LGTNET00425,LGTFIT00576,,unclassified_fitting,LGTLT02418,,unreachable,
LGTNET00425,LGTFIT00576,,unclassified_fitting,LGTLT02419,,unreachable,
LGTNET00425,LGTFIT00576,,unclassified_fitting,LGTLT02420,,unreachable,
LGTNET00425,LGTFIT00576,,unclassified_fitting,LGTLT02421,,unreachable,
LGTNET00427,LGTFIT00105,,unclassified_fitting,LGTLT01799,LGTCON00431;LGTCON00432;LGTCON00419;LGTCON00420;LGTCON00425,reachable,
LGTNET00427,LGTFIT00105,,unclassified_fitting,LGTLT01800,LGTCON00431;LGTCON00432;LGTCON00419;LGTCON00420;LGTCON00425;LGTCON00422,reachable,
LGTNET00427,LGTFIT00105,,unclassified_fitting,LGTLT01801,LGTCON00431;LGTCON00432;LGTCON00419;LGTCON00420;LGTCON00425;LGTCON00422;LGTCON00421,reachable,
LGTNET00427,LGTFIT00105,,unclassified_fitting,LGTLT01802,LGTCON00431;LGTCON00432,reachable,
LGTNET00427,LGTFIT00105,,unclassified_fitting,LGTLT01803,LGTCON00431;LGTCON00432;LGTCON00418,reachable,
LGTNET00427,LGTFIT00105,,unclassified_fitting,LGTLT01804,LGTCON00431;LGTCON00432;LGTCON00418;LGTCON00417,reachable,
LGTNET00427,LGTFIT00105,,unclassified_fitting,LGTLT01805,LGTCON00431;LGTCON00432;LGTCON00419;LGTCON00420;LGTCON00415;LGTCON00414,reachable,
LGTNET00427,LGTFIT00105,,unclassified_fitting,LGTLT01806,LGTCON00431;LGTCON00432;LGTCON00419;LGTCON00420;LGTCON00415;LGTCON00414;LGTCON00413,reachable,
LGTNET00427,LGTFIT00105,,unclassified_fitting,LGTLT01807,LGTCON00431;LGTCON00432;LGTCON00419;LGTCON00420,reachable,
LGTNET00427,LGTFIT00105,,unclassified_fitting,LGTLT01808,LGTCON00431;LGTCON00432;LGTCON00419;LGTCON00420;LGTCON00416,reachable,
LGTNET00427,LGTFIT00105,,unclassified_fitting,LGTLT01960,LGTCON00431;LGTCON00432;LGTCON00419;LGTCON00420;LGTCON00416;LGTCON00412;LGTCON00409;LGTCON00410;LGTCON00411,reachable,
LGTNET00427,LGTFIT00105,,unclassified_fitting,LGTLT01961,LGTCON00431;LGTCON00432;LGTCON00419;LGTCON00420;LGTCON00416;LGTCON00412;LGTCON00409;LGTCON00410,reachable,
LGTNET00427,LGTFIT00105,,unclassified_fitting,LGTLT01962,LGTCON00431;LGTCON00432;LGTCON00419;LGTCON00420;LGTCON00416;LGTCON00412;LGTCON00409,reachable,
LGTNET00427,LGTFIT00105,,unclassified_fitting,LGTLT01963,LGTCON00431;LGTCON00432;LGTCON00419;LGTCON00420;LGTCON00416;LGTCON00412,reachable,
LGTNET00427,LGTFIT00105,,unclassified_fitting,LGTLT01964,LGTCON00431;LGTCON00432;LGTCON00419;LGTCON00420;LGTCON00425;LGTCON00423;LGTCON00424,reachable,
LGTNET00427,LGTFIT00105,,unclassified_fitting,LGTLT01965,LGTCON00431;LGTCON00432;LGTCON00419;LGTCON00420;LGTCON00425;LGTCON00423,reachable,
LGTNET00427,LGTFIT00105,,unclassified_fitting,LGTLT02936,LGTCON00431;LGTCON00432;LGTCON00419;LGTCON00420;LGTCON00415,reachable,
LGTNET00427,LGTFIT00105,,unclassified_fitting,LGTLT02967,LGTCON00431,reachable,
LGTNET00427,LGTFIT00105,,unclassified_fitting,LGTLT02968,LGTCON00431;LGTCON00432;LGTCON00419,reachable,
LGTNET00427,LGTFIT00105,,unclassified_fitting,LGTLT02970,LGTCON00431;LGTCON00432;LGTCON00419;LGTCON00420;LGTCON00416;LGTCON00412;LGTCON00408,reachable,
LGTNET00427,LGTFIT00106,,unclassified_fitting,LGTLT01799,LGTCON00433;LGTCON00408;LGTCON00412;LGTCON00416;LGTCON00425,reachable,
LGTNET00427,LGTFIT00106,,unclassified_fitting,LGTLT01800,LGTCON00433;LGTCON00408;LGTCON00412;LGTCON00416;LGTCON00425;LGTCON00422,reachable,
LGTNET00427,LGTFIT00106,,unclassified_fitting,LGTLT01801,LGTCON00433;LGTCON00408;LGTCON00412;LGTCON00416;LGTCON00425;LGTCON00422;LGTCON00421,reachable,
LGTNET00427,LGTFIT00106,,unclassified_fitting,LGTLT01802,LGTCON00433;LGTCON00408;LGTCON00412;LGTCON00416;LGTCON00420;LGTCON00419,reachable,
LGTNET00427,LGTFIT00106,,unclassified_fitting,LGTLT01803,LGTCON00433;LGTCON00408;LGTCON00412;LGTCON00416;LGTCON00420;LGTCON00419;LGTCON00418,reachable,
LGTNET00427,LGTFIT00106,,unclassified_fitting,LGTLT01804,LGTCON00433;LGTCON00408;LGTCON00412;LGTCON00416;LGTCON00420;LGTCON00419;LGTCON00418;LGTCON00417,reachable,
LGTNET00427,LGTFIT00106,,unclassified_fitting,LGTLT01805,LGTCON00433;LGTCON00408;LGTCON00412;LGTCON00416;LGTCON00415;LGTCON00414,reachable,
LGTNET00427,LGTFIT00106,,unclassified_fitting,LGTLT01806,LGTCON00433;LGTCON00408;LGTCON00412;LGTCON00416;LGTCON00415;LGTCON00414;LGTCON00413,reachable,
LGTNET00427,LGTFIT00106,,unclassified_fitting,LGTLT01807,LGTCON00433;LGTCON00408;LGTCON00412;LGTCON00416,reachable,
LGTNET00427,LGTFIT00106,,unclassified_fitting,LGTLT01808,LGTCON00433;LGTCON00408;LGTCON00412,reachable,
LGTNET00427,LGTFIT00106,,unclassified_fitting,LGTLT01960,LGTCON00433;LGTCON00408;LGTCON00409;LGTCON00410;LGTCON00411,reachable,
LGTNET00427,LGTFIT00106,,unclassified_fitting,LGTLT01961,LGTCON00433;LGTCON00408;LGTCON00409;LGTCON00410,reachable,
LGTNET00427,LGTFIT00106,,unclassified_fitting,LGTLT01962,LGTCON00433;LGTCON00408;LGTCON00409,reachable,
LGTNET00427,LGTFIT00106,,unclassified_fitting,LGTLT01963,LGTCON00433;LGTCON00408,reachable,
LGTNET00427,LGTFIT00106,,unclassified_fitting,LGTLT01964,LGTCON00433;LGTCON00408;LGTCON00412;LGTCON00416;LGTCON00425;LGTCON00423;LGTCON00424,reachable,
LGTNET00427,LGTFIT00106,,unclassified_fitting,LGTLT01965,LGTCON00433;LGTCON00408;LGTCON00412;LGTCON00416;LGTCON00425;LGTCON00423,reachable,
LGTNET00427,LGTFIT00106,,unclassified_fitting,LGTLT02936,LGTCON00433;LGTCON00408;LGTCON00412;LGTCON00416;LGTCON00415,reachable,
LGTNET00427,LGTFIT00106,,unclassified_fitting,LGTLT02967,LGTCON00433;LGTCON00408;LGTCON00412;LGTCON00416;LGTCON00420;LGTCON00419;LGTCON00432,reachable,
LGTNET00427,LGTFIT00106,,unclassified_fitting,LGTLT02968,LGTCON00433;LGTCON00408;LGTCON00412;LGTCON00416;LGTCON00420,reachable,
LGTNET00427,LGTFIT00106,,unclassified_fitting,LGTLT02970,LGTCON00433,reachable,
LGTNET00427,LGTFIT00152,,unclassified_fitting,LGTLT01799,LGTCON03534;LGTCON00421;LGTCON00422,reachable,
LGTNET00427,LGTFIT00152,,unclassified_fitting,LGTLT01800,LGTCON03534;LGTCON00421,reachable,
LGTNET00427,LGTFIT00152,,unclassified_fitting,LGTLT01801,LGTCON03534,reachable,
LGTNET00427,LGTFIT00152,,unclassified_fitting,LGTLT01802,LGTCON03534;LGTCON00421;LGTCON00422;LGTCON00425;LGTCON00420;LGTCON00419,reachable,
LGTNET00427,LGTFIT00152,,unclassified_fitting,LGTLT01803,LGTCON03534;LGTCON00421;LGTCON00422;LGTCON00425;LGTCON00420;LGTCON00419;LGTCON00418,reachable,
LGTNET00427,LGTFIT00152,,unclassified_fitting,LGTLT01804,LGTCON03534;LGTCON00421;LGTCON00422;LGTCON00425;LGTCON00420;LGTCON00419;LGTCON00418;LGTCON00417,reachable,
LGTNET00427,LGTFIT00152,,unclassified_fitting,LGTLT01805,LGTCON03534;LGTCON00421;LGTCON00422;LGTCON00425;LGTCON00415;LGTCON00414,reachable,
LGTNET00427,LGTFIT00152,,unclassified_fitting,LGTLT01806,LGTCON03534;LGTCON00421;LGTCON00422;LGTCON00425;LGTCON00415;LGTCON00414;LGTCON00413,reachable,
LGTNET00427,LGTFIT00152,,unclassified_fitting,LGTLT01807,LGTCON03534;LGTCON00421;LGTCON00422;LGTCON00425,reachable,
LGTNET00427,LGTFIT00152,,unclassified_fitting,LGTLT01808,LGTCON03534;LGTCON00421;LGTCON00422;LGTCON00425;LGTCON00416,reachable,
LGTNET00427,LGTFIT00152,,unclassified_fitting,LGTLT01960,LGTCON03534;LGTCON00421;LGTCON00422;LGTCON00425;LGTCON00416;LGTCON00412;LGTCON00409;LGTCON00410;LGTCON00411,reachable,
LGTNET00427,LGTFIT00152,,unclassified_fitting,LGTLT01961,LGTCON03534;LGTCON00421;LGTCON00422;LGTCON00425;LGTCON00416;LGTCON00412;LGTCON00409;LGTCON00410,reachable,
LGTNET00427,LGTFIT00152,,unclassified_fitting,LGTLT01962,LGTCON03534;LGTCON00421;LGTCON00422;LGTCON00425;LGTCON00416;LGTCON00412;LGTCON00409,reachable,
LGTNET00427,LGTFIT00152,,unclassified_fitting,LGTLT01963,LGTCON03534;LGTCON00421;LGTCON00422;LGTCON00425;LGTCON00416;LGTCON00412,reachable,
LGTNET00427,LGTFIT00152,,unclassified_fitting,LGTLT01964,LGTCON03534;LGTCON00421;LGTCON00422;LGTCON00423;LGTCON00424,reachable,
LGTNET00427,LGTFIT00152,,unclassified_fitting,LGTLT01965,LGTCON03534;LGTCON00421;LGTCON00422;LGTCON00423,reachable,
LGTNET00427,LGTFIT00152,,unclassified_fitting,LGTLT02936,LGTCON03534;LGTCON00421;LGTCON00422;LGTCON00425;LGTCON00415,reachable,
LGTNET00427,LGTFIT00152,,unclassified_fitting,LGTLT02967,LGTCON03534;LGTCON00421;LGTCON00422;LGTCON00425;LGTCON00420;LGTCON00419;LGTCON00432,reachable,
LGTNET00427,LGTFIT00152,,unclassified_fitting,LGTLT02968,LGTCON03534;LGTCON00421;LGTCON00422;LGTCON00425;LGTCON00420,reachable,
LGTNET00427,LGTFIT00152,,unclassified_fitting,LGTLT02970,LGTCON03534;LGTCON00421;LGTCON00422;LGTCON00425;LGTCON00416;LGTCON00412;LGTCON00408,reachable,
LGTNET00427,LGTFIT00153,,unclassified_fitting,LGTLT01799,LGTCON00427;LGTCON00413;LGTCON00414;LGTCON00415;LGTCON00425,reachable,
LGTNET00427,LGTFIT00153,,unclassified_fitting,LGTLT01800,LGTCON00427;LGTCON00413;LGTCON00414;LGTCON00415;LGTCON00425;LGTCON00422,reachable,
LGTNET00427,LGTFIT00153,,unclassified_fitting,LGTLT01801,LGTCON00427;LGTCON00413;LGTCON00414;LGTCON00415;LGTCON00425;LGTCON00422;LGTCON00421,reachable,
LGTNET00427,LGTFIT00153,,unclassified_fitting,LGTLT01802,LGTCON00427;LGTCON00413;LGTCON00414;LGTCON00415;LGTCON00420;LGTCON00419,reachable,
LGTNET00427,LGTFIT00153,,unclassified_fitting,LGTLT01803,LGTCON00427;LGTCON00413;LGTCON00414;LGTCON00415;LGTCON00420;LGTCON00419;LGTCON00418,reachable,
LGTNET00427,LGTFIT00153,,unclassified_fitting,LGTLT01804,LGTCON00427;LGTCON00413;LGTCON00414;LGTCON00415;LGTCON00420;LGTCON00419;LGTCON00418;LGTCON00417,reachable,
LGTNET00427,LGTFIT00153,,unclassified_fitting,LGTLT01805,LGTCON00427;LGTCON00413,reachable,
LGTNET00427,LGTFIT00153,,unclassified_fitting,LGTLT01806,LGTCON00427,reachable,
LGTNET00427,LGTFIT00153,,unclassified_fitting,LGTLT01807,LGTCON00427;LGTCON00413;LGTCON00414;LGTCON00415,reachable,
LGTNET00427,LGTFIT00153,,unclassified_fitting,LGTLT01808,LGTCON00427;LGTCON00413;LGTCON00414;LGTCON00415;LGTCON00416,reachable,
LGTNET00427,LGTFIT00153,,unclassified_fitting,LGTLT01960,LGTCON00427;LGTCON00413;LGTCON00414;LGTCON00415;LGTCON00416;LGTCON00412;LGTCON00409;LGTCON00410;LGTCON00411,reachable,
LGTNET00427,LGTFIT00153,,unclassified_fitting,LGTLT01961,LGTCON00427;LGTCON00413;LGTCON00414;LGTCON00415;LGTCON00416;LGTCON00412;LGTCON00409;LGTCON00410,reachable,
LGTNET00427,LGTFIT00153,,unclassified_fitting,LGTLT01962,LGTCON00427;LGTCON00413;LGTCON00414;LGTCON00415;LGTCON00416;LGTCON00412;LGTCON00409,reachable,
LGTNET00427,LGTFIT00153,,unclassified_fitting,LGTLT01963,LGTCON00427;LGTCON00413;LGTCON00414;LGTCON00415;LGTCON00416;LGTCON00412,reachable,
LGTNET00427,LGTFIT00153,,unclassified_fitting,LGTLT01964,LGTCON00427;LGTCON00413;LGTCON00414;LGTCON00415;LGTCON00425;LGTCON00423;LGTCON00424,reachable,
LGTNET00427,LGTFIT00153,,unclassified_fitting,LGTLT01965,LGTCON00427;LGTCON00413;LGTCON00414;LGTCON00415;LGTCON00425;LGTCON00423,reachable,
LGTNET00427,LGTFIT00153,,unclassified_fitting,LGTLT02936,LGTCON00427;LGTCON00413;LGTCON00414,reachable,
LGTNET00427,LGTFIT00153,,unclassified_fitting,LGTLT02967,LGTCON00427;LGTCON00413;LGTCON00414;LGTCON00415;LGTCON00420;LGTCON00419;LGTCON00432,reachable,
LGTNET00427,LGTFIT00153,,unclassified_fitting,LGTLT02968,LGTCON00427;LGTCON00413;LGTCON00414;LGTCON00415;LGTCON00420,reachable,
LGTNET00427,LGTFIT00153,,unclassified_fitting,LGTLT02970,LGTCON00427;LGTCON00413;LGTCON00414;LGTCON00415;LGTCON00416;LGTCON00412;LGTCON00408,reachable,
LGTNET00427,LGTFIT00154,,unclassified_fitting,LGTLT01799,LGTCON00428;LGTCON00417;LGTCON00418;LGTCON00419;LGTCON00420;LGTCON00425,reachable,
LGTNET00427,LGTFIT00154,,unclassified_fitting,LGTLT01800,LGTCON00428;LGTCON00417;LGTCON00418;LGTCON00419;LGTCON00420;LGTCON00425;LGTCON00422,reachable,
LGTNET00427,LGTFIT00154,,unclassified_fitting,LGTLT01801,LGTCON00428;LGTCON00417;LGTCON00418;LGTCON00419;LGTCON00420;LGTCON00425;LGTCON00422;LGTCON00421,reachable,
LGTNET00427,LGTFIT00154,,unclassified_fitting,LGTLT01802,LGTCON00428;LGTCON00417;LGTCON00418,reachable,
LGTNET00427,LGTFIT00154,,unclassified_fitting,LGTLT01803,LGTCON00428;LGTCON00417,reachable,
LGTNET00427,LGTFIT00154,,unclassified_fitting,LGTLT01804,LGTCON00428,reachable,
LGTNET00427,LGTFIT00154,,unclassified_fitting,LGTLT01805,LGTCON00428;LGTCON00417;LGTCON00418;LGTCON00419;LGTCON00420;LGTCON00415;LGTCON00414,reachable,
LGTNET00427,LGTFIT00154,,unclassified_fitting,LGTLT01806,LGTCON00428;LGTCON00417;LGTCON00418;LGTCON00419;LGTCON00420;LGTCON00415;LGTCON00414;LGTCON00413,reachable,
LGTNET00427,LGTFIT00154,,unclassified_fitting,LGTLT01807,LGTCON00428;LGTCON00417;LGTCON00418;LGTCON00419;LGTCON00420,reachable,
LGTNET00427,LGTFIT00154,,unclassified_fitting,LGTLT01808,LGTCON00428;LGTCON00417;LGTCON00418;LGTCON00419;LGTCON00420;LGTCON00416,reachable,
LGTNET00427,LGTFIT00154,,unclassified_fitting,LGTLT01960,LGTCON00428;LGTCON00417;LGTCON00418;LGTCON00419;LGTCON00420;LGTCON00416;LGTCON00412;LGTCON00409;LGTCON00410;LGTCON00411,reachable,
LGTNET00427,LGTFIT00154,,unclassified_fitting,LGTLT01961,LGTCON00428;LGTCON00417;LGTCON00418;LGTCON00419;LGTCON00420;LGTCON00416;LGTCON00412;LGTCON00409;LGTCON00410,reachable,
LGTNET00427,LGTFIT00154,,unclassified_fitting,LGTLT01962,LGTCON00428;LGTCON00417;LGTCON00418;LGTCON00419;LGTCON00420;LGTCON00416;LGTCON00412;LGTCON00409,reachable,
LGTNET00427,LGTFIT00154,,unclassified_fitting,LGTLT01963,LGTCON00428;LGTCON00417;LGTCON00418;LGTCON00419;LGTCON00420;LGTCON00416;LGTCON00412,reachable,
LGTNET00427,LGTFIT00154,,unclassified_fitting,LGTLT01964,LGTCON00428;LGTCON00417;LGTCON00418;LGTCON00419;LGTCON00420;LGTCON00425;LGTCON00423;LGTCON00424,reachable,
LGTNET00427,LGTFIT00154,,unclassified_fitting,LGTLT01965,LGTCON00428;LGTCON00417;LGTCON00418;LGTCON00419;LGTCON00420;LGTCON00425;LGTCON00423,reachable,
LGTNET00427,LGTFIT00154,,unclassified_fitting,LGTLT02936,LGTCON00428;LGTCON00417;LGTCON00418;LGTCON00419;LGTCON00420;LGTCON00415,reachable,
LGTNET00427,LGTFIT00154,,unclassified_fitting,LGTLT02967,LGTCON00428;LGTCON00417;LGTCON00418;LGTCON00432,reachable,
LGTNET00427,LGTFIT00154,,unclassified_fitting,LGTLT02968,LGTCON00428;LGTCON00417;LGTCON00418;LGTCON00419,reachable,
LGTNET00427,LGTFIT00154,,unclassified_fitting,LGTLT02970,LGTCON00428;LGTCON00417;LGTCON00418;LGTCON00419;LGTCON00420;LGTCON00416;LGTCON00412;LGTCON00408,reachable,
LGTNET00427,LGTFIT00155,,unclassified_fitting,LGTLT01799,LGTCON00429;LGTCON00411;LGTCON00410;LGTCON00409;LGTCON00412;LGTCON00416;LGTCON00425,reachable,
LGTNET00427,LGTFIT00155,,unclassified_fitting,LGTLT01800,LGTCON00429;LGTCON00411;LGTCON00410;LGTCON00409;LGTCON00412;LGTCON00416;LGTCON00425;LGTCON00422,reachable,
LGTNET00427,LGTFIT00155,,unclassified_fitting,LGTLT01801,LGTCON00429;LGTCON00411;LGTCON00410;LGTCON00409;LGTCON00412;LGTCON00416;LGTCON00425;LGTCON00422;LGTCON00421,reachable,
LGTNET00427,LGTFIT00155,,unclassified_fitting,LGTLT01802,LGTCON00429;LGTCON00411;LGTCON00410;LGTCON00409;LGTCON00412;LGTCON00416;LGTCON00420;LGTCON00419,reachable,
LGTNET00427,LGTFIT00155,,unclassified_fitting,LGTLT01803,LGTCON00429;LGTCON00411;LGTCON00410;LGTCON00409;LGTCON00412;LGTCON00416;LGTCON00420;LGTCON00419;LGTCON00418,reachable,
LGTNET00427,LGTFIT00155,,unclassified_fitting,LGTLT01804,LGTCON00429;LGTCON00411;LGTCON00410;LGTCON00409;LGTCON00412;LGTCON00416;LGTCON00420;LGTCON00419;LGTCON00418;LGTCON00417,reachable,
LGTNET00427,LGTFIT00155,,unclassified_fitting,LGTLT01805,LGTCON00429;LGTCON00411;LGTCON00410;LGTCON00409;LGTCON00412;LGTCON00416;LGTCON00415;LGTCON00414,reachable,
LGTNET00427,LGTFIT00155,,unclassified_fitting,LGTLT01806,LGTCON00429;LGTCON00411;LGTCON00410;LGTCON00409;LGTCON00412;LGTCON00416;LGTCON00415;LGTCON00414;LGTCON00413,reachable,
LGTNET00427,LGTFIT00155,,unclassified_fitting,LGTLT01807,LGTCON00429;LGTCON00411;LGTCON00410;LGTCON00409;LGTCON00412;LGTCON00416,reachable,
LGTNET00427,LGTFIT00155,,unclassified_fitting,LGTLT01808,LGTCON00429;LGTCON00411;LGTCON00410;LGTCON00409;LGTCON00412,reachable,
LGTNET00427,LGTFIT00155,,unclassified_fitting,LGTLT01960,LGTCON00429,reachable,
LGTNET00427,LGTFIT00155,,unclassified_fitting,LGTLT01961,LGTCON00429;LGTCON00411,reachable,
LGTNET00427,LGTFIT00155,,unclassified_fitting,LGTLT01962,LGTCON00429;LGTCON00411;LGTCON00410,reachable,
LGTNET00427,LGTFIT00155,,unclassified_fitting,LGTLT01963,LGTCON00429;LGTCON00411;LGTCON00410;LGTCON00409,reachable,
LGTNET00427,LGTFIT00155,,unclassified_fitting,LGTLT01964,LGTCON00429;LGTCON00411;LGTCON00410;LGTCON00409;LGTCON00412;LGTCON00416;LGTCON00425;LGTCON00423;LGTCON00424,reachable,
LGTNET00427,LGTFIT00155,,unclassified_fitting,LGTLT01965,LGTCON00429;LGTCON00411;LGTCON00410;LGTCON00409;LGTCON00412;LGTCON00416;LGTCON00425;LGTCON00423,reachable,
LGTNET00427,LGTFIT00155,,unclassified_fitting,LGTLT02936,LGTCON00429;LGTCON00411;LGTCON00410;LGTCON00409;LGTCON00412;LGTCON00416;LGTCON00415,reachable,
LGTNET00427,LGTFIT00155,,unclassified_fitting,LGTLT02967,LGTCON00429;LGTCON00411;LGTCON00410;LGTCON00409;LGTCON00412;LGTCON00416;LGTCON00420;LGTCON00419;LGTCON00432,reachable,
LGTNET00427,LGTFIT00155,,unclassified_fitting,LGTLT02968,LGTCON00429;LGTCON00411;LGTCON00410;LGTCON00409;LGTCON00412;LGTCON00416;LGTCON00420,reachable,
LGTNET00427,LGTFIT00155,,unclassified_fitting,LGTLT02970,LGTCON00429;LGTCON00411;LGTCON00410;LGTCON00409;LGTCON00408,reachable,
LGTNET00427,LGTFIT00156,,unclassified_fitting,LGTLT01799,LGTCON00430;LGTCON00424;LGTCON00423,reachable,
LGTNET00427,LGTFIT00156,,unclassified_fitting,LGTLT01800,LGTCON00430;LGTCON00424;LGTCON00423;LGTCON00422,reachable,
LGTNET00427,LGTFIT00156,,unclassified_fitting,LGTLT01801,LGTCON00430;LGTCON00424;LGTCON00423;LGTCON00422;LGTCON00421,reachable,
LGTNET00427,LGTFIT00156,,unclassified_fitting,LGTLT01802,LGTCON00430;LGTCON00424;LGTCON00423;LGTCON00425;LGTCON00420;LGTCON00419,reachable,
LGTNET00427,LGTFIT00156,,unclassified_fitting,LGTLT01803,LGTCON00430;LGTCON00424;LGTCON00423;LGTCON00425;LGTCON00420;LGTCON00419;LGTCON00418,reachable,
LGTNET00427,LGTFIT00156,,unclassified_fitting,LGTLT01804,LGTCON00430;LGTCON00424;LGTCON00423;LGTCON00425;LGTCON00420;LGTCON00419;LGTCON00418;LGTCON00417,reachable,
LGTNET00427,LGTFIT00156,,unclassified_fitting,LGTLT01805,LGTCON00430;LGTCON00424;LGTCON00423;LGTCON00425;LGTCON00415;LGTCON00414,reachable,
LGTNET00427,LGTFIT00156,,unclassified_fitting,LGTLT01806,LGTCON00430;LGTCON00424;LGTCON00423;LGTCON00425;LGTCON00415;LGTCON00414;LGTCON00413,reachable,
LGTNET00427,LGTFIT00156,,unclassified_fitting,LGTLT01807,LGTCON00430;LGTCON00424;LGTCON00423;LGTCON00425,reachable,
LGTNET00427,LGTFIT00156,,unclassified_fitting,LGTLT01808,LGTCON00430;LGTCON00424;LGTCON00423;LGTCON00425;LGTCON00416,reachable,
LGTNET00427,LGTFIT00156,,unclassified_fitting,LGTLT01960,LGTCON00430;LGTCON00424;LGTCON00423;LGTCON00425;LGTCON00416;LGTCON00412;LGTCON00409;LGTCON00410;LGTCON00411,reachable,
LGTNET00427,LGTFIT00156,,unclassified_fitting,LGTLT01961,LGTCON00430;LGTCON00424;LGTCON00423;LGTCON00425;LGTCON00416;LGTCON00412;LGTCON00409;LGTCON00410,reachable,
LGTNET00427,LGTFIT00156,,unclassified_fitting,LGTLT01962,LGTCON00430;LGTCON00424;LGTCON00423;LGTCON00425;LGTCON00416;LGTCON00412;LGTCON00409,reachable,
LGTNET00427,LGTFIT00156,,unclassified_fitting,LGTLT01963,LGTCON00430;LGTCON00424;LGTCON00423;LGTCON00425;LGTCON00416;LGTCON00412,reachable,
LGTNET00427,LGTFIT00156,,unclassified_fitting,LGTLT01964,LGTCON00430,reachable,
LGTNET00427,LGTFIT00156,,unclassified_fitting,LGTLT01965,LGTCON00430;LGTCON00424,reachable,
LGTNET00427,LGTFIT00156,,unclassified_fitting,LGTLT02936,LGTCON00430;LGTCON00424;LGTCON00423;LGTCON00425;LGTCON00415,reachable,
LGTNET00427,LGTFIT00156,,unclassified_fitting,LGTLT02967,LGTCON00430;LGTCON00424;LGTCON00423;LGTCON00425;LGTCON00420;LGTCON00419;LGTCON00432,reachable,
LGTNET00427,LGTFIT00156,,unclassified_fitting,LGTLT02968,LGTCON00430;LGTCON00424;LGTCON00423;LGTCON00425;LGTCON00420,reachable,
LGTNET00427,LGTFIT00156,,unclassified_fitting,LGTLT02970,LGTCON00430;LGTCON00424;LGTCON00423;LGTCON00425;LGTCON00416;LGTCON00412;LGTCON00408,reachable,
LGTNET00427,LGTFIT01200,service_box,assumed,LGTLT01799,LGTCON00426;LGTCON00425,reachable,
LGTNET00427,LGTFIT01200,service_box,assumed,LGTLT01800,LGTCON00426;LGTCON00425;LGTCON00422,reachable,
LGTNET00427,LGTFIT01200,service_box,assumed,LGTLT01801,LGTCON00426;LGTCON00425;LGTCON00422;LGTCON00421,reachable,
LGTNET00427,LGTFIT01200,service_box,assumed,LGTLT01802,LGTCON00426;LGTCON00420;LGTCON00419,reachable,
LGTNET00427,LGTFIT01200,service_box,assumed,LGTLT01803,LGTCON00426;LGTCON00420;LGTCON00419;LGTCON00418,reachable,
LGTNET00427,LGTFIT01200,service_box,assumed,LGTLT01804,LGTCON00426;LGTCON00420;LGTCON00419;LGTCON00418;LGTCON00417,reachable,
LGTNET00427,LGTFIT01200,service_box,assumed,LGTLT01805,LGTCON00426;LGTCON00415;LGTCON00414,reachable,
LGTNET00427,LGTFIT01200,service_box,assumed,LGTLT01806,LGTCON00426;LGTCON00415;LGTCON00414;LGTCON00413,reachable,
LGTNET00427,LGTFIT01200,service_box,assumed,LGTLT01807,LGTCON00426,reachable,
LGTNET00427,LGTFIT01200,service_box,assumed,LGTLT01808,LGTCON00426;LGTCON00416,reachable,
LGTNET00427,LGTFIT01200,service_box,assumed,LGTLT01960,LGTCON00426;LGTCON00416;LGTCON00412;LGTCON00409;LGTCON00410;LGTCON00411,reachable,
LGTNET00427,LGTFIT01200,service_box,assumed,LGTLT01961,LGTCON00426;LGTCON00416;LGTCON00412;LGTCON00409;LGTCON00410,reachable,
LGTNET00427,LGTFIT01200,service_box,assumed,LGTLT01962,LGTCON00426;LGTCON00416;LGTCON00412;LGTCON00409,reachable,
LGTNET00427,LGTFIT01200,service_box,assumed,LGTLT01963,LGTCON00426;LGTCON00416;LGTCON00412,reachable,
LGTNET00427,LGTFIT01200,service_box,assumed,LGTLT01964,LGTCON00426;LGTCON00425;LGTCON00423;LGTCON00424,reachable,
LGTNET00427,LGTFIT01200,service_box,assumed,LGTLT01965,LGTCON00426;LGTCON00425;LGTCON00423,reachable,
LGTNET00427,LGTFIT01200,service_box,assumed,LGTLT02936,LGTCON00426;LGTCON00415,reachable,
LGTNET00427,LGTFIT01200,service_box,assumed,LGTLT02967,LGTCON00426;LGTCON00420;LGTCON00419;LGTCON00432,reachable,
LGTNET00427,LGTFIT01200,service_box,assumed,LGTLT02968,LGTCON00426;LGTCON00420,reachable,
LGTNET00427,LGTFIT01200,service_box,assumed,LGTLT02970,LGTCON00426;LGTCON00416;LGTCON00412;LGTCON00408,reachable,
LGTNET00430,LGTFIT01232,service_box,assumed,LGTLT01666,LGTCON02185;LGTCON02182;LGTCON02181;LGTCON02179,reachable,
LGTNET00430,LGTFIT01232,service_box,assumed,LGTLT01667,LGTCON02185;LGTCON02182;LGTCON02181;LGTCON02180,reachable,
LGTNET00430,LGTFIT01232,service_box,assumed,LGTLT01668,LGTCON02185;LGTCON02182;LGTCON02181;LGTCON02196,reachable,
LGTNET00430,LGTFIT01232,service_box,assumed,LGTLT01669,LGTCON02185;LGTCON02182,reachable,
LGTNET00430,LGTFIT01232,service_box,assumed,LGTLT01757,LGTCON02185,reachable,
LGTNET00430,LGTFIT01232,service_box,assumed,LGTLT01758,LGTCON02185;LGTCON02183,reachable,
LGTNET00430,LGTFIT01232,service_box,assumed,LGTLT01759,LGTCON02185;LGTCON02183;LGTCON02184,reachable,
LGTNET00430,LGTFIT01232,service_box,assumed,LGTLT01780,LGTCON02185;LGTCON02183;LGTCON02184;LGTCON02190,reachable,
LGTNET00430,LGTFIT01232,service_box,assumed,LGTLT01781,LGTCON02185;LGTCON02183;LGTCON02184;LGTCON02190;LGTCON02189,reachable,
LGTNET00430,LGTFIT01232,service_box,assumed,LGTLT01782,LGTCON02185;LGTCON02183;LGTCON02184;LGTCON02190;LGTCON02189;LGTCON02188,reachable,
LGTNET00430,LGTFIT01232,service_box,assumed,LGTLT01783,LGTCON02185;LGTCON02183;LGTCON02184;LGTCON02190;LGTCON02189;LGTCON02188;LGTCON02187,reachable,
LGTNET00431,LGTFIT00533,,unclassified_fitting,LGTLT02163,LGTCON01251;LGTCON01245;LGTCON01246;LGTCON01247,reachable,
LGTNET00431,LGTFIT00533,,unclassified_fitting,LGTLT02164,LGTCON01251;LGTCON01245;LGTCON01246,reachable,
LGTNET00431,LGTFIT00533,,unclassified_fitting,LGTLT02165,LGTCON01251;LGTCON01245,reachable,
LGTNET00431,LGTFIT00533,,unclassified_fitting,LGTLT02166,LGTCON01250;LGTCON01252,reachable,
LGTNET00431,LGTFIT00533,,unclassified_fitting,LGTLT02167,LGTCON01251,reachable,
LGTNET00431,LGTFIT00533,,unclassified_fitting,LGTLT02168,LGTCON01249,reachable,
LGTNET00431,LGTFIT00533,,unclassified_fitting,LGTLT02169,LGTCON01250,reachable,
LGTNET00431,LGTFIT00533,,unclassified_fitting,LGTLT02170,LGTCON01249;LGTCON01248,reachable,
LGTNET00431,LGTFIT00533,,unclassified_fitting,LGTLT02171,LGTCON01251;LGTCON01244,reachable,
LGTNET00431,LGTFIT00533,,unclassified_fitting,LGTLT02172,LGTCON01251;LGTCON01244;LGTCON01243,reachable,
LGTNET00432,LGTFIT00048,,unclassified_fitting,LGTLT02246,LGTCON02073;LGTCON02072;LGTCON02071;LGTCON02074,reachable,
LGTNET00432,LGTFIT00048,,unclassified_fitting,LGTLT02247,LGTCON02073;LGTCON02072;LGTCON02071,reachable,
LGTNET00432,LGTFIT00048,,unclassified_fitting,LGTLT02248,LGTCON02073;LGTCON02072,reachable,
LGTNET00432,LGTFIT00048,,unclassified_fitting,LGTLT02249,LGTCON02073,reachable,
LGTNET00432,LGTFIT00048,,unclassified_fitting,LGTLT02250,LGTCON02073;LGTCON02072;LGTCON02071;LGTCON02074;LGTCON02075;LGTCON02076;LGTCON02077,reachable,
LGTNET00432,LGTFIT00048,,unclassified_fitting,LGTLT02251,LGTCON02073;LGTCON02072;LGTCON02071;LGTCON02074;LGTCON02075;LGTCON02076;LGTCON02078;LGTCON02079;LGTCON02080,reachable,
LGTNET00432,LGTFIT00048,,unclassified_fitting,LGTLT02252,LGTCON02073;LGTCON02072;LGTCON02071;LGTCON02074;LGTCON02075;LGTCON02076;LGTCON02078;LGTCON02079;LGTCON02081;LGTCON02082;LGTCON02083,reachable,
LGTNET00432,LGTFIT00048,,unclassified_fitting,LGTLT02253,,unreachable,
LGTNET00432,LGTFIT00048,,unclassified_fitting,LGTLT02254,,unreachable,
LGTNET00432,LGTFIT00048,,unclassified_fitting,LGTLT02255,,unreachable,
LGTNET00432,LGTFIT00048,,unclassified_fitting,LGTLT02256,,unreachable,
LGTNET00432,LGTFIT00048,,unclassified_fitting,LGTLT02257,LGTCON02073;LGTCON02072;LGTCON02071;LGTCON02074;LGTCON02075;LGTCON02076;LGTCON02078;LGTCON02079;LGTCON02081,reachable,
LGTNET00432,LGTFIT00048,,unclassified_fitting,LGTLT02258,LGTCON02073;LGTCON02072;LGTCON02071;LGTCON02074;LGTCON02075;LGTCON02076;LGTCON02078,reachable,
LGTNET00432,LGTFIT00048,,unclassified_fitting,LGTLT02847,,unreachable,
LGTNET00432,LGTFIT00049,,unclassified_fitting,LGTLT02246,LGTCON02084;LGTCON02082;LGTCON02081;LGTCON02079;LGTCON02078;LGTCON02076;LGTCON02075,reachable,
LGTNET00432,LGTFIT00049,,unclassified_fitting,LGTLT02247,LGTCON02084;LGTCON02082;LGTCON02081;LGTCON02079;LGTCON02078;LGTCON02076;LGTCON02075;LGTCON02074,reachable,
LGTNET00432,LGTFIT00049,,unclassified_fitting,LGTLT02248,LGTCON02084;LGTCON02082;LGTCON02081;LGTCON02079;LGTCON02078;LGTCON02076;LGTCON02075;LGTCON02074;LGTCON02071,reachable,
LGTNET00432,LGTFIT00049,,unclassified_fitting,LGTLT02249,LGTCON02084;LGTCON02082;LGTCON02081;LGTCON02079;LGTCON02078;LGTCON02076;LGTCON02075;LGTCON02074;LGTCON02071;LGTCON02072,reachable,
LGTNET00432,LGTFIT00049,,unclassified_fitting,LGTLT02250,LGTCON02084;LGTCON02082;LGTCON02081;LGTCON02079;LGTCON02078;LGTCON02077,reachable,
LGTNET00432,LGTFIT00049,,unclassified_fitting,LGTLT02251,LGTCON02084;LGTCON02082;LGTCON02081;LGTCON02080,reachable,
LGTNET00432,LGTFIT00049,,unclassified_fitting,LGTLT02252,LGTCON02084;LGTCON02083,reachable,
LGTNET00432,LGTFIT00049,,unclassified_fitting,LGTLT02253,,unreachable,
LGTNET00432,LGTFIT00049,,unclassified_fitting,LGTLT02254,,unreachable,
LGTNET00432,LGTFIT00049,,unclassified_fitting,LGTLT02255,,unreachable,
LGTNET00432,LGTFIT00049,,unclassified_fitting,LGTLT02256,,unreachable,
LGTNET00432,LGTFIT00049,,unclassified_fitting,LGTLT02257,LGTCON02084;LGTCON02082,reachable,
LGTNET00432,LGTFIT00049,,unclassified_fitting,LGTLT02258,LGTCON02084;LGTCON02082;LGTCON02081;LGTCON02079,reachable,
LGTNET00432,LGTFIT00049,,unclassified_fitting,LGTLT02847,,unreachable,
LGTNET00434,LGTFIT00200,,unclassified_fitting,LGTLT01383,LGTCON01566;LGTCON01570;LGTCON01571;LGTCON01572;LGTCON01573;LGTCON01574;LGTCON01587;LGTCON01585;LGTCON01618,reachable,
LGTNET00434,LGTFIT00200,,unclassified_fitting,LGTLT01416,LGTCON01566;LGTCON01567;LGTCON01569;LGTCON01568,reachable,
LGTNET00434,LGTFIT00200,,unclassified_fitting,LGTLT01981,LGTCON01566;LGTCON01570;LGTCON01571;LGTCON01572;LGTCON01573;LGTCON01574;LGTCON01587;LGTCON01585;LGTCON01617;LGTCON01615,reachable,
LGTNET00434,LGTFIT00200,,unclassified_fitting,LGTLT01982,LGTCON01566;LGTCON01570;LGTCON01571;LGTCON01572;LGTCON01573;LGTCON01574;LGTCON01587;LGTCON01585;LGTCON01617;LGTCON01616,reachable,
LGTNET00434,LGTFIT00200,,unclassified_fitting,LGTLT01993,LGTCON01566;LGTCON01570;LGTCON01571;LGTCON01572;LGTCON01573;LGTCON01574;LGTCON01586,reachable,
LGTNET00434,LGTFIT00200,,unclassified_fitting,LGTLT01994,LGTCON01566;LGTCON01570;LGTCON01571;LGTCON01572;LGTCON01573;LGTCON01574;LGTCON01587,reachable,
LGTNET00434,LGTFIT00200,,unclassified_fitting,LGTLT01995,LGTCON01566;LGTCON01570;LGTCON01571;LGTCON01572;LGTCON01573,reachable,
LGTNET00434,LGTFIT00200,,unclassified_fitting,LGTLT02010,LGTCON01566;LGTCON01570;LGTCON01571;LGTCON01572;LGTCON01575,reachable,
LGTNET00434,LGTFIT00200,,unclassified_fitting,LGTLT02582,LGTCON01566;LGTCON01567;LGTCON01569,reachable,
LGTNET00434,LGTFIT00200,,unclassified_fitting,LGTLT02583,LGTCON01566;LGTCON01567,reachable,
LGTNET00434,LGTFIT00200,,unclassified_fitting,LGTLT02584,LGTCON01566,reachable,
LGTNET00434,LGTFIT00200,,unclassified_fitting,LGTLT02585,LGTCON01566;LGTCON01570;LGTCON01571,reachable,
LGTNET00434,LGTFIT00200,,unclassified_fitting,LGTLT02586,LGTCON01566;LGTCON01570,reachable,
LGTNET00434,LGTFIT01100,service_box,assumed,LGTLT01383,LGTCON01576;LGTCON01575;LGTCON01573;LGTCON01574;LGTCON01587;LGTCON01585;LGTCON01618,reachable,
LGTNET00434,LGTFIT01100,service_box,assumed,LGTLT01416,LGTCON01576;LGTCON01575;LGTCON01572;LGTCON01571;LGTCON01570;LGTCON01567;LGTCON01569;LGTCON01568,reachable,
LGTNET00434,LGTFIT01100,service_box,assumed,LGTLT01981,LGTCON01576;LGTCON01575;LGTCON01573;LGTCON01574;LGTCON01587;LGTCON01585;LGTCON01617;LGTCON01615,reachable,
LGTNET00434,LGTFIT01100,service_box,assumed,LGTLT01982,LGTCON01576;LGTCON01575;LGTCON01573;LGTCON01574;LGTCON01587;LGTCON01585;LGTCON01617;LGTCON01616,reachable,
LGTNET00434,LGTFIT01100,service_box,assumed,LGTLT01993,LGTCON01576;LGTCON01575;LGTCON01573;LGTCON01574;LGTCON01586,reachable,
LGTNET00434,LGTFIT01100,service_box,assumed,LGTLT01994,LGTCON01576;LGTCON01575;LGTCON01573;LGTCON01574;LGTCON01587,reachable,
LGTNET00434,LGTFIT01100,service_box,assumed,LGTLT01995,LGTCON01576;LGTCON01575;LGTCON01573,reachable,
LGTNET00434,LGTFIT01100,service_box,assumed,LGTLT02010,LGTCON01576,reachable,
LGTNET00434,LGTFIT01100,service_box,assumed,LGTLT02582,LGTCON01576;LGTCON01575;LGTCON01572;LGTCON01571;LGTCON01570;LGTCON01567;LGTCON01569,reachable,
LGTNET00434,LGTFIT01100,service_box,assumed,LGTLT02583,LGTCON01576;LGTCON01575;LGTCON01572;LGTCON01571;LGTCON01570;LGTCON01567,reachable,
LGTNET00434,LGTFIT01100,service_box,assumed,LGTLT02584,LGTCON01576;LGTCON01575;LGTCON01572;LGTCON01571;LGTCON01570,reachable,
LGTNET00434,LGTFIT01100,service_box,assumed,LGTLT02585,LGTCON01576;LGTCON01575;LGTCON01572,reachable,
LGTNET00434,LGTFIT01100,service_box,assumed,LGTLT02586,LGTCON01576;LGTCON01575;LGTCON01572;LGTCON01571,reachable,
LGTNET00435,LGTFIT00023,,unclassified_fitting,LGTLT00226,LGTCON01612;LGTCON01611;LGTCON01606;LGTCON01605;LGTCON01604;LGTCON01602;LGTCON01601;LGTCON01599;LGTCON01598;LGTCON01596;LGTCON01595;LGTCON01635;LGTCON01634;LGTCON01633,reachable,
LGTNET00435,LGTFIT00023,,unclassified_fitting,LGTLT00227,LGTCON01612;LGTCON01611;LGTCON01606;LGTCON01605;LGTCON01604;LGTCON01602;LGTCON01601;LGTCON01599;LGTCON01598;LGTCON01596;LGTCON01595;LGTCON01635;LGTCON01634,reachable,
LGTNET00435,LGTFIT00023,,unclassified_fitting,LGTLT00228,LGTCON01612;LGTCON01611;LGTCON01606;LGTCON01605;LGTCON01604;LGTCON01602;LGTCON01601;LGTCON01599;LGTCON01598;LGTCON01596;LGTCON01595;LGTCON01635,reachable,
LGTNET00435,LGTFIT00023,,unclassified_fitting,LGTLT00229,LGTCON01612;LGTCON01611;LGTCON01606;LGTCON01605;LGTCON01604;LGTCON01602;LGTCON01601;LGTCON01599;LGTCON01598;LGTCON01596;LGTCON01595,reachable,
LGTNET00435,LGTFIT00023,,unclassified_fitting,LGTLT00230,LGTCON01612;LGTCON01611;LGTCON01606;LGTCON01605;LGTCON01604;LGTCON01602;LGTCON01601;LGTCON01599;LGTCON01598;LGTCON01596,reachable,
LGTNET00435,LGTFIT00023,,unclassified_fitting,LGTLT00231,LGTCON01612;LGTCON01611;LGTCON01606;LGTCON01605;LGTCON01604;LGTCON01602;LGTCON01601;LGTCON01599;LGTCON01598;LGTCON01597,reachable,
LGTNET00435,LGTFIT00023,,unclassified_fitting,LGTLT00232,LGTCON01612;LGTCON01611;LGTCON01606;LGTCON01605;LGTCON01604;LGTCON01602;LGTCON01601;LGTCON01599,reachable,
LGTNET00435,LGTFIT00023,,unclassified_fitting,LGTLT00233,LGTCON01612;LGTCON01611;LGTCON01606;LGTCON01605;LGTCON01604;LGTCON01602;LGTCON01601;LGTCON01600,reachable,
LGTNET00435,LGTFIT00023,,unclassified_fitting,LGTLT00234,LGTCON01612;LGTCON01611;LGTCON01606;LGTCON01605;LGTCON01604;LGTCON01602,reachable,
LGTNET00435,LGTFIT00023,,unclassified_fitting,LGTLT00235,,unreachable,
LGTNET00435,LGTFIT00023,,unclassified_fitting,LGTLT00236,LGTCON01612;LGTCON01611;LGTCON01606;LGTCON01605;LGTCON01604;LGTCON01603,reachable,
LGTNET00435,LGTFIT00023,,unclassified_fitting,LGTLT00244,LGTCON01612;LGTCON01611;LGTCON01606;LGTCON01605;LGTCON01613,reachable,
LGTNET00435,LGTFIT00023,,unclassified_fitting,LGTLT00245,LGTCON01612;LGTCON01611;LGTCON01606,reachable,
LGTNET00435,LGTFIT00023,,unclassified_fitting,LGTLT00246,LGTCON01612,reachable,
LGTNET00435,LGTFIT00023,,unclassified_fitting,LGTLT00247,LGTCON01612;LGTCON01611;LGTCON01608;LGTCON01610,reachable,
LGTNET00435,LGTFIT00023,,unclassified_fitting,LGTLT00248,LGTCON01612;LGTCON01611;LGTCON01608;LGTCON01609,reachable,
LGTNET00435,LGTFIT01103,service_box,assumed,LGTLT00226,LGTCON01607;LGTCON01605;LGTCON01604;LGTCON01602;LGTCON01601;LGTCON01599;LGTCON01598;LGTCON01596;LGTCON01595;LGTCON01635;LGTCON01634;LGTCON01633,reachable,
LGTNET00435,LGTFIT01103,service_box,assumed,LGTLT00227,LGTCON01607;LGTCON01605;LGTCON01604;LGTCON01602;LGTCON01601;LGTCON01599;LGTCON01598;LGTCON01596;LGTCON01595;LGTCON01635;LGTCON01634,reachable,
LGTNET00435,LGTFIT01103,service_box,assumed,LGTLT00228,LGTCON01607;LGTCON01605;LGTCON01604;LGTCON01602;LGTCON01601;LGTCON01599;LGTCON01598;LGTCON01596;LGTCON01595;LGTCON01635,reachable,
LGTNET00435,LGTFIT01103,service_box,assumed,LGTLT00229,LGTCON01607;LGTCON01605;LGTCON01604;LGTCON01602;LGTCON01601;LGTCON01599;LGTCON01598;LGTCON01596;LGTCON01595,reachable,
LGTNET00435,LGTFIT01103,service_box,assumed,LGTLT00230,LGTCON01607;LGTCON01605;LGTCON01604;LGTCON01602;LGTCON01601;LGTCON01599;LGTCON01598;LGTCON01596,reachable,
LGTNET00435,LGTFIT01103,service_box,assumed,LGTLT00231,LGTCON01607;LGTCON01605;LGTCON01604;LGTCON01602;LGTCON01601;LGTCON01599;LGTCON01598;LGTCON01597,reachable,
LGTNET00435,LGTFIT01103,service_box,assumed,LGTLT00232,LGTCON01607;LGTCON01605;LGTCON01604;LGTCON01602;LGTCON01601;LGTCON01599,reachable,
LGTNET00435,LGTFIT01103,service_box,assumed,LGTLT00233,LGTCON01607;LGTCON01605;LGTCON01604;LGTCON01602;LGTCON01601;LGTCON01600,reachable,
LGTNET00435,LGTFIT01103,service_box,assumed,LGTLT00234,LGTCON01607;LGTCON01605;LGTCON01604;LGTCON01602,reachable,
LGTNET00435,LGTFIT01103,service_box,assumed,LGTLT00235,,unreachable,
LGTNET00435,LGTFIT01103,service_box,assumed,LGTLT00236,LGTCON01607;LGTCON01605;LGTCON01604;LGTCON01603,reachable,
LGTNET00435,LGTFIT01103,service_box,assumed,LGTLT00244,LGTCON01607;LGTCON01605;LGTCON01613,reachable,
LGTNET00435,LGTFIT01103,service_box,assumed,LGTLT00245,LGTCON01607,reachable,
LGTNET00435,LGTFIT01103,service_box,assumed,LGTLT00246,LGTCON01607;LGTCON01606;LGTCON01611,reachable,
LGTNET00435,LGTFIT01103,service_box,assumed,LGTLT00247,LGTCON01607;LGTCON01606;LGTCON01608;LGTCON01610,reachable,
LGTNET00435,LGTFIT01103,service_box,assumed,LGTLT00248,LGTCON01607;LGTCON01606;LGTCON01608;LGTCON01609,reachable,
LGTNET00437,LGTFIT00025,,unclassified_fitting,LGTLT01103,,unreachable,
LGTNET00437,LGTFIT00025,,unclassified_fitting,LGTLT01104,,unreachable,
LGTNET00437,LGTFIT00025,,unclassified_fitting,LGTLT01105,,unreachable,
LGTNET00437,LGTFIT00025,,unclassified_fitting,LGTLT01106,,unreachable,
LGTNET00437,LGTFIT00025,,unclassified_fitting,LGTLT01107,,unreachable,
LGTNET00437,LGTFIT00025,,unclassified_fitting,LGTLT01108,,unreachable,
LGTNET00437,LGTFIT00025,,unclassified_fitting,LGTLT01109,,unreachable,
LGTNET00437,LGTFIT00025,,unclassified_fitting,LGTLT01110,,unreachable,
LGTNET00437,LGTFIT00025,,unclassified_fitting,LGTLT01111,,unreachable,
LGTNET00437,LGTFIT00025,,unclassified_fitting,LGTLT01112,LGTCON03317;LGTCON03316;LGTCON03315;LGTCON03314;LGTCON02651;LGTCON02650,reachable,
LGTNET00437,LGTFIT00025,,unclassified_fitting,LGTLT01113,LGTCON03317;LGTCON03316;LGTCON03315;LGTCON03314;LGTCON02651;LGTCON02650;LGTCON02649,reachable,
LGTNET00437,LGTFIT00025,,unclassified_fitting,LGTLT01114,LGTCON03317;LGTCON03316;LGTCON03315;LGTCON03314;LGTCON02651;LGTCON02650;LGTCON02649;LGTCON02648,reachable,
LGTNET00437,LGTFIT00025,,unclassified_fitting,LGTLT01115,LGTCON03317;LGTCON03316;LGTCON03315;LGTCON03314;LGTCON02651;LGTCON02650;LGTCON02649;LGTCON02648;LGTCON02647,reachable,
LGTNET00437,LGTFIT00025,,unclassified_fitting,LGTLT01116,LGTCON03317;LGTCON03316;LGTCON03315;LGTCON03314;LGTCON02651;LGTCON02650;LGTCON02649;LGTCON02648;LGTCON02647;LGTCON02646,reachable,
LGTNET00437,LGTFIT00025,,unclassified_fitting,LGTLT01117,LGTCON03317;LGTCON03316;LGTCON03315;LGTCON03314;LGTCON02651;LGTCON02650;LGTCON02649;LGTCON02648;LGTCON02647;LGTCON02646;LGTCON02645,reachable,
LGTNET00437,LGTFIT00025,,unclassified_fitting,LGTLT02512,LGTCON03317,reachable,
LGTNET00437,LGTFIT00025,,unclassified_fitting,LGTLT02513,LGTCON03317;LGTCON03316,reachable,
LGTNET00437,LGTFIT00025,,unclassified_fitting,LGTLT02514,LGTCON03317;LGTCON03316;LGTCON03315,reachable,
LGTNET00437,LGTFIT00025,,unclassified_fitting,LGTLT02515,LGTCON03317;LGTCON03316;LGTCON03315;LGTCON03314,reachable,
LGTNET00437,LGTFIT00788,,unclassified_fitting,LGTLT01103,LGTCON02658;LGTCON02657;LGTCON02656;LGTCON02655;LGTCON02654;LGTCON02653;LGTCON02652,reachable,
LGTNET00437,LGTFIT00788,,unclassified_fitting,LGTLT01104,LGTCON02658;LGTCON02657;LGTCON02656;LGTCON02655;LGTCON02654;LGTCON02653,reachable,
LGTNET00437,LGTFIT00788,,unclassified_fitting,LGTLT01105,LGTCON02658;LGTCON02657;LGTCON02656;LGTCON02655;LGTCON02654,reachable,
LGTNET00437,LGTFIT00788,,unclassified_fitting,LGTLT01106,LGTCON02658;LGTCON02657;LGTCON02656;LGTCON02655,reachable,
LGTNET00437,LGTFIT00788,,unclassified_fitting,LGTLT01107,LGTCON02658;LGTCON02657;LGTCON02656,reachable,
LGTNET00437,LGTFIT00788,,unclassified_fitting,LGTLT01108,LGTCON02658;LGTCON02657,reachable,
LGTNET00437,LGTFIT00788,,unclassified_fitting,LGTLT01109,LGTCON02658,reachable,
LGTNET00437,LGTFIT00788,,unclassified_fitting,LGTLT01110,LGTCON02660,reachable,
LGTNET00437,LGTFIT00788,,unclassified_fitting,LGTLT01111,LGTCON02660;LGTCON02659,reachable,
LGTNET00437,LGTFIT00788,,unclassified_fitting,LGTLT01112,,unreachable,
LGTNET00437,LGTFIT00788,,unclassified_fitting,LGTLT01113,,unreachable,
LGTNET00437,LGTFIT00788,,unclassified_fitting,LGTLT01114,,unreachable,
LGTNET00437,LGTFIT00788,,unclassified_fitting,LGTLT01115,,unreachable,
LGTNET00437,LGTFIT00788,,unclassified_fitting,LGTLT01116,,unreachable,
LGTNET00437,LGTFIT00788,,unclassified_fitting,LGTLT01117,,unreachable,
LGTNET00437,LGTFIT00788,,unclassified_fitting,LGTLT02512,,unreachable,
LGTNET00437,LGTFIT00788,,unclassified_fitting,LGTLT02513,,unreachable,
LGTNET00437,LGTFIT00788,,unclassified_fitting,LGTLT02514,,unreachable,
LGTNET00437,LGTFIT00788,,unclassified_fitting,LGTLT02515,,unreachable,
LGTNET00438,LGTFIT00043,,unclassified_fitting,LGTLT02207,LGTCON02043;LGTCON02037;LGTCON02038;LGTCON02042;LGTCON02040,reachable,
LGTNET00438,LGTFIT00043,,unclassified_fitting,LGTLT02208,LGTCON02043;LGTCON02037;LGTCON02039,reachable,
LGTNET00438,LGTFIT00043,,unclassified_fitting,LGTLT02209,LGTCON02043,reachable,
LGTNET00438,LGTFIT00043,,unclassified_fitting,LGTLT02210,LGTCON02043;LGTCON02037;LGTCON02038,reachable,
LGTNET00438,LGTFIT00043,,unclassified_fitting,LGTLT02211,LGTCON02043;LGTCON02037;LGTCON02038;LGTCON02042;LGTCON02041,reachable,
LGTNET00439,LGTFIT00176,,unclassified_fitting,LGTLT02219,LGTCON03291,reachable,
LGTNET00439,LGTFIT00176,,unclassified_fitting,LGTLT02220,LGTCON03291;LGTCON03290,reachable,
LGTNET00439,LGTFIT00176,,unclassified_fitting,LGTLT02221,LGTCON03291;LGTCON03290;LGTCON00878,reachable,
LGTNET00439,LGTFIT00176,,unclassified_fitting,LGTLT02222,LGTCON03291;LGTCON03290;LGTCON00878;LGTCON00877;LGTCON03296,reachable,
LGTNET00439,LGTFIT00176,,unclassified_fitting,LGTLT02223,LGTCON03291;LGTCON03290;LGTCON00878;LGTCON00877;LGTCON03296;LGTCON00876,reachable,
LGTNET00439,LGTFIT00176,,unclassified_fitting,LGTLT02224,,unreachable,
LGTNET00439,LGTFIT00176,,unclassified_fitting,LGTLT02225,LGTCON03291;LGTCON03290;LGTCON00878;LGTCON00877;LGTCON03302;LGTCON03304;LGTCON03305;LGTCON03306;LGTCON03308;LGTCON03309,reachable,
LGTNET00439,LGTFIT00176,,unclassified_fitting,LGTLT02226,LGTCON03291;LGTCON03290;LGTCON00878;LGTCON00877;LGTCON03302;LGTCON03304;LGTCON03305;LGTCON03306,reachable,
LGTNET00439,LGTFIT00176,,unclassified_fitting,LGTLT02227,LGTCON03291;LGTCON03290;LGTCON00878;LGTCON00877;LGTCON03302;LGTCON03304;LGTCON03305,reachable,
LGTNET00439,LGTFIT00176,,unclassified_fitting,LGTLT02228,LGTCON03291;LGTCON03290;LGTCON00878;LGTCON00877;LGTCON03302;LGTCON03304,reachable,
LGTNET00439,LGTFIT00176,,unclassified_fitting,LGTLT02229,LGTCON03291;LGTCON03290;LGTCON00878;LGTCON00877;LGTCON03302;LGTCON03303,reachable,
LGTNET00439,LGTFIT00176,,unclassified_fitting,LGTLT02230,LGTCON03291;LGTCON03290;LGTCON00878;LGTCON00877;LGTCON03302;LGTCON03303;LGTCON03301;LGTCON03299,reachable,
LGTNET00439,LGTFIT00176,,unclassified_fitting,LGTLT02231,LGTCON03291;LGTCON03290;LGTCON00878;LGTCON00877;LGTCON03302;LGTCON03303;LGTCON03301;LGTCON03299;LGTCON03298,reachable,
LGTNET00439,LGTFIT00176,,unclassified_fitting,LGTLT02501,,unreachable,
LGTNET00439,LGTFIT00176,,unclassified_fitting,LGTLT02502,,unreachable,
LGTNET00439,LGTFIT00176,,unclassified_fitting,LGTLT02503,,unreachable,
LGTNET00439,LGTFIT00176,,unclassified_fitting,LGTLT02504,,unreachable,
LGTNET00439,LGTFIT00176,,unclassified_fitting,LGTLT02507,LGTCON03291;LGTCON03290;LGTCON00878;LGTCON00877;LGTCON03302;LGTCON03304;LGTCON03305;LGTCON03306;LGTCON03308;LGTCON03309;LGTCON03310;LGTCON03311;LGTCON03312,reachable,
LGTNET00439,LGTFIT00176,,unclassified_fitting,LGTLT02508,LGTCON03291;LGTCON03290;LGTCON00878;LGTCON00877;LGTCON03302;LGTCON03304;LGTCON03305;LGTCON03306;LGTCON03308;LGTCON03309;LGTCON03310;LGTCON03311,reachable,
LGTNET00439,LGTFIT00176,,unclassified_fitting,LGTLT02509,LGTCON03291;LGTCON03290;LGTCON00878;LGTCON00877;LGTCON03302;LGTCON03304;LGTCON03305;LGTCON03306;LGTCON03308;LGTCON03309;LGTCON03310,reachable,
LGTNET00439,LGTFIT00176,,unclassified_fitting,LGTLT02510,,unreachable,
LGTNET00439,LGTFIT00176,,unclassified_fitting,LGTLT02960,,unreachable,
LGTNET00439,LGTFIT00177,,unclassified_fitting,LGTLT02219,LGTCON03297;LGTCON03298;LGTCON03299;LGTCON03301;LGTCON03303;LGTCON03302;LGTCON00877;LGTCON00878;LGTCON03290,reachable,
LGTNET00439,LGTFIT00177,,unclassified_fitting,LGTLT02220,LGTCON03297;LGTCON03298;LGTCON03299;LGTCON03301;LGTCON03303;LGTCON03302;LGTCON00877;LGTCON00878,reachable,
LGTNET00439,LGTFIT00177,,unclassified_fitting,LGTLT02221,LGTCON03297;LGTCON03298;LGTCON03299;LGTCON03301;LGTCON03303;LGTCON03302;LGTCON00877,reachable,
LGTNET00439,LGTFIT00177,,unclassified_fitting,LGTLT02222,LGTCON03297;LGTCON03298;LGTCON03299;LGTCON03301;LGTCON03303;LGTCON03302;LGTCON03296,reachable,
LGTNET00439,LGTFIT00177,,unclassified_fitting,LGTLT02223,LGTCON03297;LGTCON03298;LGTCON03299;LGTCON03301;LGTCON03303;LGTCON03302;LGTCON03296;LGTCON00876,reachable,
LGTNET00439,LGTFIT00177,,unclassified_fitting,LGTLT02224,,unreachable,
LGTNET00439,LGTFIT00177,,unclassified_fitting,LGTLT02225,LGTCON03297;LGTCON03298;LGTCON03299;LGTCON03301;LGTCON03303;LGTCON03304;LGTCON03305;LGTCON03306;LGTCON03308;LGTCON03309,reachable,
LGTNET00439,LGTFIT00177,,unclassified_fitting,LGTLT02226,LGTCON03297;LGTCON03298;LGTCON03299;LGTCON03301;LGTCON03303;LGTCON03304;LGTCON03305;LGTCON03306,reachable,
LGTNET00439,LGTFIT00177,,unclassified_fitting,LGTLT02227,LGTCON03297;LGTCON03298;LGTCON03299;LGTCON03301;LGTCON03303;LGTCON03304;LGTCON03305,reachable,
LGTNET00439,LGTFIT00177,,unclassified_fitting,LGTLT02228,LGTCON03297;LGTCON03298;LGTCON03299;LGTCON03301;LGTCON03303;LGTCON03304,reachable,
LGTNET00439,LGTFIT00177,,unclassified_fitting,LGTLT02229,LGTCON03297;LGTCON03298;LGTCON03299;LGTCON03301,reachable,
LGTNET00439,LGTFIT00177,,unclassified_fitting,LGTLT02230,LGTCON03297;LGTCON03298,reachable,
LGTNET00439,LGTFIT00177,,unclassified_fitting,LGTLT02231,LGTCON03297,reachable,
LGTNET00439,LGTFIT00177,,unclassified_fitting,LGTLT02501,,unreachable,
LGTNET00439,LGTFIT00177,,unclassified_fitting,LGTLT02502,,unreachable,
LGTNET00439,LGTFIT00177,,unclassified_fitting,LGTLT02503,,unreachable,
LGTNET00439,LGTFIT00177,,unclassified_fitting,LGTLT02504,,unreachable,
LGTNET00439,LGTFIT00177,,unclassified_fitting,LGTLT02507,LGTCON03297;LGTCON03298;LGTCON03299;LGTCON03301;LGTCON03303;LGTCON03304;LGTCON03305;LGTCON03306;LGTCON03308;LGTCON03309;LGTCON03310;LGTCON03311;LGTCON03312,reachable,
LGTNET00439,LGTFIT00177,,unclassified_fitting,LGTLT02508,LGTCON03297;LGTCON03298;LGTCON03299;LGTCON03301;LGTCON03303;LGTCON03304;LGTCON03305;LGTCON03306;LGTCON03308;LGTCON03309;LGTCON03310;LGTCON03311,reachable,
LGTNET00439,LGTFIT00177,,unclassified_fitting,LGTLT02509,LGTCON03297;LGTCON03298;LGTCON03299;LGTCON03301;LGTCON03303;LGTCON03304;LGTCON03305;LGTCON03306;LGTCON03308;LGTCON03309;LGTCON03310,reachable,
LGTNET00439,LGTFIT00177,,unclassified_fitting,LGTLT02510,,unreachable,
LGTNET00439,LGTFIT00177,,unclassified_fitting,LGTLT02960,,unreachable,
LGTNET00439,LGTFIT00948,,unclassified_fitting,LGTLT02219,LGTCON03300;LGTCON03301;LGTCON03303;LGTCON03302;LGTCON00877;LGTCON00878;LGTCON03290,reachable,
LGTNET00439,LGTFIT00948,,unclassified_fitting,LGTLT02220,LGTCON03300;LGTCON03301;LGTCON03303;LGTCON03302;LGTCON00877;LGTCON00878,reachable,
LGTNET00439,LGTFIT00948,,unclassified_fitting,LGTLT02221,LGTCON03300;LGTCON03301;LGTCON03303;LGTCON03302;LGTCON00877,reachable,
LGTNET00439,LGTFIT00948,,unclassified_fitting,LGTLT02222,LGTCON03300;LGTCON03301;LGTCON03303;LGTCON03302;LGTCON03296,reachable,
LGTNET00439,LGTFIT00948,,unclassified_fitting,LGTLT02223,LGTCON03300;LGTCON03301;LGTCON03303;LGTCON03302;LGTCON03296;LGTCON00876,reachable,
LGTNET00439,LGTFIT00948,,unclassified_fitting,LGTLT02224,,unreachable,
LGTNET00439,LGTFIT00948,,unclassified_fitting,LGTLT02225,LGTCON03300;LGTCON03301;LGTCON03303;LGTCON03304;LGTCON03305;LGTCON03306;LGTCON03308;LGTCON03309,reachable,
LGTNET00439,LGTFIT00948,,unclassified_fitting,LGTLT02226,LGTCON03300;LGTCON03301;LGTCON03303;LGTCON03304;LGTCON03305;LGTCON03306,reachable,
LGTNET00439,LGTFIT00948,,unclassified_fitting,LGTLT02227,LGTCON03300;LGTCON03301;LGTCON03303;LGTCON03304;LGTCON03305,reachable,
LGTNET00439,LGTFIT00948,,unclassified_fitting,LGTLT02228,LGTCON03300;LGTCON03301;LGTCON03303;LGTCON03304,reachable,
LGTNET00439,LGTFIT00948,,unclassified_fitting,LGTLT02229,LGTCON03300;LGTCON03301,reachable,
LGTNET00439,LGTFIT00948,,unclassified_fitting,LGTLT02230,LGTCON03300;LGTCON03299,reachable,
LGTNET00439,LGTFIT00948,,unclassified_fitting,LGTLT02231,LGTCON03300;LGTCON03299;LGTCON03298,reachable,
LGTNET00439,LGTFIT00948,,unclassified_fitting,LGTLT02501,,unreachable,
LGTNET00439,LGTFIT00948,,unclassified_fitting,LGTLT02502,,unreachable,
LGTNET00439,LGTFIT00948,,unclassified_fitting,LGTLT02503,,unreachable,
LGTNET00439,LGTFIT00948,,unclassified_fitting,LGTLT02504,,unreachable,
LGTNET00439,LGTFIT00948,,unclassified_fitting,LGTLT02507,LGTCON03300;LGTCON03301;LGTCON03303;LGTCON03304;LGTCON03305;LGTCON03306;LGTCON03308;LGTCON03309;LGTCON03310;LGTCON03311;LGTCON03312,reachable,
LGTNET00439,LGTFIT00948,,unclassified_fitting,LGTLT02508,LGTCON03300;LGTCON03301;LGTCON03303;LGTCON03304;LGTCON03305;LGTCON03306;LGTCON03308;LGTCON03309;LGTCON03310;LGTCON03311,reachable,
LGTNET00439,LGTFIT00948,,unclassified_fitting,LGTLT02509,LGTCON03300;LGTCON03301;LGTCON03303;LGTCON03304;LGTCON03305;LGTCON03306;LGTCON03308;LGTCON03309;LGTCON03310,reachable,
LGTNET00439,LGTFIT00948,,unclassified_fitting,LGTLT02510,,unreachable,
LGTNET00439,LGTFIT00948,,unclassified_fitting,LGTLT02960,,unreachable,
LGTNET00439,LGTFIT00950,,unclassified_fitting,LGTLT02219,LGTCON03307;LGTCON03308;LGTCON03306;LGTCON03305;LGTCON03304;LGTCON03302;LGTCON00877;LGTCON00878;LGTCON03290,reachable,
LGTNET00439,LGTFIT00950,,unclassified_fitting,LGTLT02220,LGTCON03307;LGTCON03308;LGTCON03306;LGTCON03305;LGTCON03304;LGTCON03302;LGTCON00877;LGTCON00878,reachable,
LGTNET00439,LGTFIT00950,,unclassified_fitting,LGTLT02221,LGTCON03307;LGTCON03308;LGTCON03306;LGTCON03305;LGTCON03304;LGTCON03302;LGTCON00877,reachable,
LGTNET00439,LGTFIT00950,,unclassified_fitting,LGTLT02222,LGTCON03307;LGTCON03308;LGTCON03306;LGTCON03305;LGTCON03304;LGTCON03302;LGTCON03296,reachable,
LGTNET00439,LGTFIT00950,,unclassified_fitting,LGTLT02223,LGTCON03307;LGTCON03308;LGTCON03306;LGTCON03305;LGTCON03304;LGTCON03302;LGTCON03296;LGTCON00876,reachable,
LGTNET00439,LGTFIT00950,,unclassified_fitting,LGTLT02224,,unreachable,
LGTNET00439,LGTFIT00950,,unclassified_fitting,LGTLT02225,LGTCON03307;LGTCON03309,reachable,
LGTNET00439,LGTFIT00950,,unclassified_fitting,LGTLT02226,LGTCON03307;LGTCON03308,reachable,
LGTNET00439,LGTFIT00950,,unclassified_fitting,LGTLT02227,LGTCON03307;LGTCON03308;LGTCON03306,reachable,
LGTNET00439,LGTFIT00950,,unclassified_fitting,LGTLT02228,LGTCON03307;LGTCON03308;LGTCON03306;LGTCON03305,reachable,
LGTNET00439,LGTFIT00950,,unclassified_fitting,LGTLT02229,LGTCON03307;LGTCON03308;LGTCON03306;LGTCON03305;LGTCON03304;LGTCON03303,reachable,
LGTNET00439,LGTFIT00950,,unclassified_fitting,LGTLT02230,LGTCON03307;LGTCON03308;LGTCON03306;LGTCON03305;LGTCON03304;LGTCON03303;LGTCON03301;LGTCON03299,reachable,
LGTNET00439,LGTFIT00950,,unclassified_fitting,LGTLT02231,LGTCON03307;LGTCON03308;LGTCON03306;LGTCON03305;LGTCON03304;LGTCON03303;LGTCON03301;LGTCON03299;LGTCON03298,reachable,
LGTNET00439,LGTFIT00950,,unclassified_fitting,LGTLT02501,,unreachable,
LGTNET00439,LGTFIT00950,,unclassified_fitting,LGTLT02502,,unreachable,
LGTNET00439,LGTFIT00950,,unclassified_fitting,LGTLT02503,,unreachable,
LGTNET00439,LGTFIT00950,,unclassified_fitting,LGTLT02504,,unreachable,
LGTNET00439,LGTFIT00950,,unclassified_fitting,LGTLT02507,LGTCON03307;LGTCON03309;LGTCON03310;LGTCON03311;LGTCON03312,reachable,
LGTNET00439,LGTFIT00950,,unclassified_fitting,LGTLT02508,LGTCON03307;LGTCON03309;LGTCON03310;LGTCON03311,reachable,
LGTNET00439,LGTFIT00950,,unclassified_fitting,LGTLT02509,LGTCON03307;LGTCON03309;LGTCON03310,reachable,
LGTNET00439,LGTFIT00950,,unclassified_fitting,LGTLT02510,,unreachable,
LGTNET00439,LGTFIT00950,,unclassified_fitting,LGTLT02960,,unreachable,
LGTNET00440,LGTFIT00983,,unclassified_fitting,LGTLT00690,LGTCON03780;LGTCON03779;LGTCON02576;LGTCON02575;LGTCON02574;LGTCON02573;LGTCON02572;LGTCON02560,reachable,
LGTNET00440,LGTFIT00983,,unclassified_fitting,LGTLT00691,LGTCON03780;LGTCON03779;LGTCON02576;LGTCON02575;LGTCON02574;LGTCON02573;LGTCON02561,reachable,
LGTNET00440,LGTFIT00983,,unclassified_fitting,LGTLT00692,LGTCON03780;LGTCON03779;LGTCON02576;LGTCON02575;LGTCON02574;LGTCON02562,reachable,
LGTNET00440,LGTFIT00983,,unclassified_fitting,LGTLT00693,LGTCON03780;LGTCON03779;LGTCON02576;LGTCON02575;LGTCON02563,reachable,
LGTNET00440,LGTFIT00983,,unclassified_fitting,LGTLT02929,LGTCON03780;LGTCON03779;LGTCON02576;LGTCON02564,reachable,
LGTNET00440,LGTFIT00983,,unclassified_fitting,LGTLT02930,LGTCON03780;LGTCON03779;LGTCON02565,reachable,
LGTNET00441,LGTFIT01316,,unclassified_fitting,LGTLT05090,LGTCON04094,reachable,
LGTNET00442,LGTFIT00872,,unclassified_fitting,LGTLT00157,LGTCON02597;LGTCON02583,reachable,
LGTNET00442,LGTFIT00872,,unclassified_fitting,LGTLT00158,LGTCON02597;LGTCON02590;LGTCON02584,reachable,
LGTNET00442,LGTFIT00872,,unclassified_fitting,LGTLT00159,LGTCON02597;LGTCON02590;LGTCON02591;LGTCON02585,reachable,
LGTNET00442,LGTFIT00872,,unclassified_fitting,LGTLT00160,,unreachable,
LGTNET00442,LGTFIT00872,,unclassified_fitting,LGTLT00161,LGTCON02597;LGTCON02590;LGTCON02591;LGTCON02592;LGTCON02593;LGTCON02587,reachable,
LGTNET00442,LGTFIT00872,,unclassified_fitting,LGTLT00162,LGTCON02597;LGTCON02590;LGTCON02591;LGTCON02592;LGTCON02593;LGTCON02594;LGTCON02588,reachable,
LGTNET00442,LGTFIT00880,,unclassified_fitting,LGTLT00157,LGTCON02596;LGTCON02583,reachable,
LGTNET00442,LGTFIT00880,,unclassified_fitting,LGTLT00158,LGTCON02596;LGTCON02590;LGTCON02584,reachable,
LGTNET00442,LGTFIT00880,,unclassified_fitting,LGTLT00159,LGTCON02596;LGTCON02590;LGTCON02591;LGTCON02585,reachable,
LGTNET00442,LGTFIT00880,,unclassified_fitting,LGTLT00160,,unreachable,
LGTNET00442,LGTFIT00880,,unclassified_fitting,LGTLT00161,LGTCON02596;LGTCON02590;LGTCON02591;LGTCON02592;LGTCON02593;LGTCON02587,reachable,
LGTNET00442,LGTFIT00880,,unclassified_fitting,LGTLT00162,LGTCON02596;LGTCON02590;LGTCON02591;LGTCON02592;LGTCON02593;LGTCON02594;LGTCON02588,reachable,
LGTNET00442,LGTFIT01508,,unclassified_fitting,LGTLT00157,LGTCON02589;LGTCON02595;LGTCON02594;LGTCON02593;LGTCON02592;LGTCON02591;LGTCON02590;LGTCON02583,reachable,
LGTNET00442,LGTFIT01508,,unclassified_fitting,LGTLT00158,LGTCON02589;LGTCON02595;LGTCON02594;LGTCON02593;LGTCON02592;LGTCON02591;LGTCON02584,reachable,
LGTNET00442,LGTFIT01508,,unclassified_fitting,LGTLT00159,LGTCON02589;LGTCON02595;LGTCON02594;LGTCON02593;LGTCON02592;LGTCON02585,reachable,
LGTNET00442,LGTFIT01508,,unclassified_fitting,LGTLT00160,,unreachable,
LGTNET00442,LGTFIT01508,,unclassified_fitting,LGTLT00161,LGTCON02589;LGTCON02595;LGTCON02594;LGTCON02587,reachable,
LGTNET00442,LGTFIT01508,,unclassified_fitting,LGTLT00162,LGTCON02589;LGTCON02595;LGTCON02588,reachable,
LGTNET00443,LGTFIT00867,,unclassified_fitting,LGTLT01299,LGTCON02566,reachable,
LGTNET00443,LGTFIT00867,,unclassified_fitting,LGTLT01300,LGTCON02578;LGTCON02579;LGTCON02568,reachable,
LGTNET00443,LGTFIT00867,,unclassified_fitting,LGTLT01301,LGTCON02578;LGTCON02579;LGTCON02580;LGTCON02569,reachable,
LGTNET00443,LGTFIT00867,,unclassified_fitting,LGTLT01302,,unreachable,
LGTNET00443,LGTFIT00867,,unclassified_fitting,LGTLT01303,LGTCON02578;LGTCON02579;LGTCON02580;LGTCON02581;LGTCON02570,reachable,
LGTNET00443,LGTFIT00867,,unclassified_fitting,LGTLT02942,LGTCON02578;LGTCON02567,reachable,
LGTNET00444,LGTFIT01573,,unclassified_fitting,LGTLT01121,LGTCON04719;LGTCON04718;LGTCON04717;LGTCON02636,reachable,
LGTNET00444,LGTFIT01573,,unclassified_fitting,LGTLT01122,LGTCON04719;LGTCON04718;LGTCON04717;LGTCON02636;LGTCON02635,reachable,
LGTNET00444,LGTFIT01573,,unclassified_fitting,LGTLT01123,LGTCON04719;LGTCON04718;LGTCON04717;LGTCON02636;LGTCON02635;LGTCON02634,reachable,
LGTNET00444,LGTFIT01573,,unclassified_fitting,LGTLT01124,LGTCON04719;LGTCON04718;LGTCON04717;LGTCON02636;LGTCON02635;LGTCON02634;LGTCON02633,reachable,
LGTNET00444,LGTFIT01573,,unclassified_fitting,LGTLT01125,LGTCON04719;LGTCON04718;LGTCON04717;LGTCON02636;LGTCON02635;LGTCON02634;LGTCON02633;LGTCON02632,reachable,
LGTNET00444,LGTFIT01573,,unclassified_fitting,LGTLT01126,LGTCON04719;LGTCON04718;LGTCON04717;LGTCON02636;LGTCON02635;LGTCON02634;LGTCON02633;LGTCON02632;LGTCON02631,reachable,
LGTNET00444,LGTFIT01573,,unclassified_fitting,LGTLT01127,LGTCON04719;LGTCON04718;LGTCON04717;LGTCON02636;LGTCON02635;LGTCON02634;LGTCON02633;LGTCON02632;LGTCON02631;LGTCON02630,reachable,
LGTNET00444,LGTFIT01573,,unclassified_fitting,LGTLT01128,LGTCON04719;LGTCON04718;LGTCON04717;LGTCON02636;LGTCON02635;LGTCON03798;LGTCON02641;LGTCON02640;LGTCON02639;LGTCON02638;LGTCON02637,reachable,
LGTNET00444,LGTFIT01573,,unclassified_fitting,LGTLT01129,LGTCON04719;LGTCON04718;LGTCON04717;LGTCON02636;LGTCON02635;LGTCON03798;LGTCON02641;LGTCON02640;LGTCON02639;LGTCON02638,reachable,
LGTNET00444,LGTFIT01573,,unclassified_fitting,LGTLT01130,LGTCON04719;LGTCON04718;LGTCON04717;LGTCON02636;LGTCON02635;LGTCON03798;LGTCON02641;LGTCON02640;LGTCON02639,reachable,
LGTNET00444,LGTFIT01573,,unclassified_fitting,LGTLT01131,LGTCON04719;LGTCON04718;LGTCON04717;LGTCON02636;LGTCON02635;LGTCON03798;LGTCON02641;LGTCON02640,reachable,
LGTNET00444,LGTFIT01573,,unclassified_fitting,LGTLT01132,LGTCON04719;LGTCON04718;LGTCON04717;LGTCON02636;LGTCON02635;LGTCON03798;LGTCON02641,reachable,
LGTNET00444,LGTFIT01573,,unclassified_fitting,LGTLT01133,LGTCON04719;LGTCON04718;LGTCON04717;LGTCON02636;LGTCON02635;LGTCON03798,reachable,
LGTNET00444,LGTFIT01573,,unclassified_fitting,LGTLT01134,LGTCON04719;LGTCON04718;LGTCON04717;LGTCON02636;LGTCON02635;LGTCON03798;LGTCON02642,reachable,
LGTNET00444,LGTFIT01573,,unclassified_fitting,LGTLT01135,LGTCON04719;LGTCON04718;LGTCON04717;LGTCON02636;LGTCON02635;LGTCON03798;LGTCON02642;LGTCON02643,reachable,
LGTNET00444,LGTFIT01573,,unclassified_fitting,LGTLT01136,LGTCON04719;LGTCON04718;LGTCON04717;LGTCON02636;LGTCON02635;LGTCON03798;LGTCON02642;LGTCON02643;LGTCON02644,reachable,
LGTNET00444,LGTFIT01573,,unclassified_fitting,LGTLT05503,LGTCON04719;LGTCON04718,reachable,
LGTNET00444,LGTFIT01573,,unclassified_fitting,LGTLT05504,LGTCON04719,reachable,
LGTNET00445,LGTFIT00079,,unclassified_fitting,LGTLT01874,LGTCON02938;LGTCON02936;LGTCON02937;LGTCON02911;LGTCON02910;LGTCON02909;LGTCON02908;LGTCON02907;LGTCON03452;LGTCON02906;LGTCON02905;LGTCON02904,reachable,
LGTNET00445,LGTFIT00079,,unclassified_fitting,LGTLT01875,LGTCON02938;LGTCON02936;LGTCON02937;LGTCON02911;LGTCON02910;LGTCON02909;LGTCON02908;LGTCON02907;LGTCON03452;LGTCON02906;LGTCON02905,reachable,
LGTNET00445,LGTFIT00079,,unclassified_fitting,LGTLT01876,LGTCON02938;LGTCON02936;LGTCON02937;LGTCON02911;LGTCON02910;LGTCON02909;LGTCON02908;LGTCON02907;LGTCON03452;LGTCON02906,reachable,
LGTNET00445,LGTFIT00079,,unclassified_fitting,LGTLT01877,LGTCON02938;LGTCON02936;LGTCON02937;LGTCON02911;LGTCON02910;LGTCON02909;LGTCON02908;LGTCON02907,reachable,
LGTNET00445,LGTFIT00079,,unclassified_fitting,LGTLT01878,LGTCON02938;LGTCON02936;LGTCON02937;LGTCON02911;LGTCON02910;LGTCON02909;LGTCON02908,reachable,
LGTNET00445,LGTFIT00079,,unclassified_fitting,LGTLT01879,LGTCON02938;LGTCON02936;LGTCON02937;LGTCON02911;LGTCON02910;LGTCON02909,reachable,
LGTNET00445,LGTFIT00079,,unclassified_fitting,LGTLT01880,LGTCON02938;LGTCON02936;LGTCON02937;LGTCON02911;LGTCON02910,reachable,
LGTNET00445,LGTFIT00079,,unclassified_fitting,LGTLT01881,LGTCON02938;LGTCON02936;LGTCON02937;LGTCON02911,reachable,
LGTNET00445,LGTFIT00079,,unclassified_fitting,LGTLT01882,LGTCON02938;LGTCON02936;LGTCON02937,reachable,
LGTNET00445,LGTFIT00079,,unclassified_fitting,LGTLT01883,LGTCON02938;LGTCON02936,reachable,
LGTNET00445,LGTFIT00079,,unclassified_fitting,LGTLT01884,LGTCON02938,reachable,
LGTNET00445,LGTFIT00079,,unclassified_fitting,LGTLT01885,LGTCON02938;LGTCON02936;LGTCON02937;LGTCON02911;LGTCON02910;LGTCON02909;LGTCON02908;LGTCON02907;LGTCON03452;LGTCON02906;LGTCON02905;LGTCON02904;LGTCON02903,reachable,
LGTNET00445,LGTFIT00079,,unclassified_fitting,LGTLT02738,LGTCON02938;LGTCON02936;LGTCON02937;LGTCON02911;LGTCON02910;LGTCON02909;LGTCON02908;LGTCON02907;LGTCON03452,reachable,
LGTNET00447,LGTFIT00139,,unclassified_fitting,LGTLT00127,LGTCON02991;LGTCON02989;LGTCON02990,reachable,
LGTNET00447,LGTFIT00139,,unclassified_fitting,LGTLT00128,LGTCON02991;LGTCON02989,reachable,
LGTNET00447,LGTFIT00139,,unclassified_fitting,LGTLT00129,LGTCON02991,reachable,
LGTNET00449,LGTFIT00209,,unclassified_fitting,LGTLT01840,LGTCON01874;LGTCON01873;LGTCON01870,reachable,
LGTNET00449,LGTFIT00209,,unclassified_fitting,LGTLT01841,LGTCON01874;LGTCON01873;LGTCON01871,reachable,
LGTNET00449,LGTFIT00209,,unclassified_fitting,LGTLT01842,LGTCON01874,reachable,
LGTNET00449,LGTFIT00209,,unclassified_fitting,LGTLT01860,LGTCON01874;LGTCON01873;LGTCON01870;LGTCON01869,reachable,
LGTNET00449,LGTFIT00209,,unclassified_fitting,LGTLT05094,LGTCON01874;LGTCON01873;LGTCON01870;LGTCON01869;LGTCON02915;LGTCON01868;LGTCON04108,reachable,
LGTNET00449,LGTFIT01062,service_box,assumed,LGTLT01840,LGTCON01872;LGTCON01873;LGTCON01870,reachable,
LGTNET00449,LGTFIT01062,service_box,assumed,LGTLT01841,LGTCON01872;LGTCON01873;LGTCON01871,reachable,
LGTNET00449,LGTFIT01062,service_box,assumed,LGTLT01842,LGTCON01872,reachable,
LGTNET00449,LGTFIT01062,service_box,assumed,LGTLT01860,LGTCON01872;LGTCON01873;LGTCON01870;LGTCON01869,reachable,
LGTNET00449,LGTFIT01062,service_box,assumed,LGTLT05094,LGTCON01872;LGTCON01873;LGTCON01870;LGTCON01869;LGTCON02915;LGTCON01868;LGTCON04108,reachable,
LGTNET00450,LGTFIT00923,,unclassified_fitting,LGTLT00383,LGTCON03181;LGTCON01538;LGTCON01537;LGTCON01536;LGTCON01535;LGTCON03177;LGTCON01546;LGTCON01545;LGTCON01544;LGTCON01543;LGTCON01542;LGTCON01541;LGTCON01540;LGTCON01539;LGTCON01552;LGTCON01547;LGTCON01548;LGTCON01549;LGTCON01550;LGTCON01551,reachable,
LGTNET00450,LGTFIT00923,,unclassified_fitting,LGTLT02422,LGTCON03181;LGTCON01538;LGTCON01537;LGTCON01536;LGTCON01535;LGTCON03177;LGTCON01546;LGTCON01545;LGTCON01544;LGTCON01543,reachable,
LGTNET00450,LGTFIT00923,,unclassified_fitting,LGTLT02423,LGTCON03181;LGTCON01538;LGTCON01537;LGTCON01536;LGTCON01535;LGTCON03177;LGTCON01546;LGTCON01545;LGTCON01544;LGTCON01543;LGTCON01542,reachable,
LGTNET00450,LGTFIT00923,,unclassified_fitting,LGTLT02424,LGTCON03181;LGTCON01538;LGTCON01537;LGTCON01536;LGTCON01535;LGTCON03177;LGTCON01546;LGTCON01545;LGTCON01544;LGTCON01543;LGTCON01542;LGTCON01541,reachable,
LGTNET00450,LGTFIT00923,,unclassified_fitting,LGTLT02425,LGTCON03181;LGTCON01538;LGTCON01537;LGTCON01536;LGTCON01535;LGTCON03177;LGTCON01546;LGTCON01545;LGTCON01544;LGTCON01543;LGTCON01542;LGTCON01541;LGTCON01540,reachable,
LGTNET00450,LGTFIT00923,,unclassified_fitting,LGTLT02426,LGTCON03181;LGTCON01538;LGTCON01537;LGTCON01536;LGTCON01535;LGTCON03177;LGTCON01546;LGTCON01545;LGTCON01544;LGTCON01543;LGTCON01542;LGTCON01541;LGTCON01540;LGTCON01539,reachable,
LGTNET00450,LGTFIT00923,,unclassified_fitting,LGTLT02427,LGTCON03181;LGTCON01538;LGTCON01537;LGTCON01536;LGTCON01535;LGTCON03177;LGTCON01546;LGTCON01545;LGTCON01544;LGTCON01543;LGTCON01542;LGTCON01541;LGTCON01540;LGTCON01539;LGTCON01552;LGTCON01547,reachable,
LGTNET00450,LGTFIT00923,,unclassified_fitting,LGTLT02428,LGTCON03181;LGTCON01538;LGTCON01537;LGTCON01536;LGTCON01535;LGTCON03177;LGTCON01546;LGTCON01545;LGTCON01544;LGTCON01543;LGTCON01542;LGTCON01541;LGTCON01540;LGTCON01539;LGTCON01552;LGTCON01547;LGTCON01548,reachable,
LGTNET00450,LGTFIT00923,,unclassified_fitting,LGTLT02429,LGTCON03181;LGTCON01538;LGTCON01537;LGTCON01536;LGTCON01535;LGTCON03177;LGTCON01546;LGTCON01545;LGTCON01544;LGTCON01543;LGTCON01542;LGTCON01541;LGTCON01540;LGTCON01539;LGTCON01552;LGTCON01547;LGTCON01548;LGTCON01549,reachable,
LGTNET00450,LGTFIT00923,,unclassified_fitting,LGTLT02430,LGTCON03181;LGTCON01538;LGTCON01537;LGTCON01536;LGTCON01535;LGTCON03177;LGTCON01546;LGTCON01545;LGTCON01544;LGTCON01543;LGTCON01542;LGTCON01541;LGTCON01540;LGTCON01539;LGTCON01552;LGTCON01547;LGTCON01548;LGTCON01549;LGTCON01550,reachable,
LGTNET00450,LGTFIT00923,,unclassified_fitting,LGTLT02431,LGTCON03182;LGTCON01521;LGTCON01520;LGTCON01529;LGTCON01518;LGTCON01530;LGTCON01523;LGTCON01524;LGTCON03179;LGTCON01525;LGTCON01526;LGTCON01527;LGTCON01657;LGTCON01528;LGTCON01531;LGTCON01532;LGTCON01533;LGTCON01022;LGTCON01534;LGTCON01023,reachable,
LGTNET00450,LGTFIT00923,,unclassified_fitting,LGTLT02432,LGTCON03182;LGTCON01521;LGTCON01520;LGTCON01529;LGTCON01518;LGTCON01530;LGTCON01523;LGTCON01524;LGTCON03179;LGTCON01525;LGTCON01526;LGTCON01527;LGTCON01657;LGTCON01528;LGTCON01531;LGTCON01532;LGTCON01533;LGTCON01022;LGTCON01534,reachable,
LGTNET00450,LGTFIT00923,,unclassified_fitting,LGTLT02433,LGTCON03182;LGTCON01521;LGTCON01520;LGTCON01529;LGTCON01518;LGTCON01530;LGTCON01523;LGTCON01524;LGTCON03179;LGTCON01525;LGTCON01526;LGTCON01527;LGTCON01657;LGTCON01528;LGTCON01531;LGTCON01532;LGTCON01533;LGTCON01022,reachable,
LGTNET00450,LGTFIT00923,,unclassified_fitting,LGTLT02434,LGTCON03182;LGTCON01521;LGTCON01520;LGTCON01529;LGTCON01518;LGTCON01530;LGTCON01523;LGTCON01524;LGTCON03179;LGTCON01525;LGTCON01526;LGTCON01527;LGTCON01657;LGTCON01528;LGTCON01531;LGTCON01532;LGTCON01533,reachable,
LGTNET00450,LGTFIT00923,,unclassified_fitting,LGTLT02435,LGTCON03182;LGTCON01521;LGTCON01520;LGTCON01529;LGTCON01518;LGTCON01530;LGTCON01523;LGTCON01524;LGTCON03179;LGTCON01525;LGTCON01526;LGTCON01527;LGTCON01657;LGTCON01528;LGTCON01531;LGTCON01532,reachable,
LGTNET00450,LGTFIT00923,,unclassified_fitting,LGTLT02436,LGTCON03182;LGTCON01521;LGTCON01520;LGTCON01529;LGTCON01518;LGTCON01530;LGTCON01523;LGTCON01524;LGTCON03179;LGTCON01525;LGTCON01526;LGTCON01527;LGTCON01657;LGTCON01528;LGTCON01531,reachable,
LGTNET00450,LGTFIT00923,,unclassified_fitting,LGTLT02437,LGTCON03182;LGTCON01521;LGTCON01520;LGTCON01529;LGTCON01518;LGTCON01530;LGTCON01523;LGTCON01524;LGTCON03179;LGTCON01525;LGTCON01526;LGTCON01527;LGTCON01657;LGTCON01528,reachable,
LGTNET00450,LGTFIT00923,,unclassified_fitting,LGTLT02438,LGTCON03182;LGTCON01521;LGTCON01520;LGTCON01529;LGTCON01518;LGTCON01530;LGTCON01523;LGTCON01524;LGTCON03179;LGTCON01525;LGTCON01526;LGTCON01527;LGTCON01657,reachable,
LGTNET00450,LGTFIT00923,,unclassified_fitting,LGTLT02439,LGTCON03182;LGTCON01521;LGTCON01520;LGTCON01529;LGTCON01518;LGTCON01530;LGTCON01523;LGTCON01524;LGTCON03179;LGTCON01525;LGTCON01526;LGTCON01527,reachable,
LGTNET00450,LGTFIT00923,,unclassified_fitting,LGTLT02440,LGTCON03182;LGTCON01521;LGTCON01520;LGTCON01529;LGTCON01518;LGTCON01530;LGTCON01523;LGTCON01524;LGTCON03179;LGTCON01525;LGTCON01526,reachable,
LGTNET00450,LGTFIT00923,,unclassified_fitting,LGTLT02441,LGTCON03182;LGTCON01521;LGTCON01520;LGTCON01529;LGTCON01518;LGTCON01530;LGTCON01523;LGTCON01524;LGTCON03179;LGTCON01525,reachable,
LGTNET00450,LGTFIT00923,,unclassified_fitting,LGTLT02442,LGTCON03182;LGTCON01521;LGTCON01520;LGTCON01529;LGTCON01518;LGTCON01530;LGTCON01523;LGTCON01524,reachable,
LGTNET00450,LGTFIT00923,,unclassified_fitting,LGTLT02443,LGTCON03182;LGTCON01521;LGTCON01520;LGTCON01529;LGTCON01518;LGTCON01530;LGTCON01523,reachable,
LGTNET00450,LGTFIT00923,,unclassified_fitting,LGTLT02444,LGTCON03182;LGTCON01521;LGTCON01520;LGTCON01529;LGTCON01518;LGTCON01530,reachable,
LGTNET00450,LGTFIT00923,,unclassified_fitting,LGTLT02445,LGTCON03182;LGTCON01521;LGTCON01520;LGTCON01529;LGTCON01518,reachable,
LGTNET00450,LGTFIT00923,,unclassified_fitting,LGTLT02446,LGTCON03182;LGTCON01521;LGTCON01520;LGTCON01529,reachable,
LGTNET00450,LGTFIT00923,,unclassified_fitting,LGTLT02447,LGTCON03182;LGTCON01521;LGTCON01520,reachable,
LGTNET00450,LGTFIT00923,,unclassified_fitting,LGTLT02448,LGTCON03182;LGTCON01521,reachable,
LGTNET00450,LGTFIT00923,,unclassified_fitting,LGTLT02449,LGTCON03182,reachable,
LGTNET00450,LGTFIT00923,,unclassified_fitting,LGTLT02450,LGTCON03181,reachable,
LGTNET00450,LGTFIT00923,,unclassified_fitting,LGTLT02451,LGTCON03181;LGTCON01538,reachable,
LGTNET00450,LGTFIT00923,,unclassified_fitting,LGTLT02452,LGTCON03181;LGTCON01538;LGTCON01537,reachable,
LGTNET00450,LGTFIT00923,,unclassified_fitting,LGTLT02453,LGTCON03181;LGTCON01538;LGTCON01537;LGTCON01536,reachable,
LGTNET00450,LGTFIT00923,,unclassified_fitting,LGTLT02454,LGTCON03181;LGTCON01538;LGTCON01537;LGTCON01536;LGTCON01535;LGTCON03177,reachable,
LGTNET00450,LGTFIT00923,,unclassified_fitting,LGTLT02455,LGTCON03181;LGTCON01538;LGTCON01537;LGTCON01536;LGTCON01535;LGTCON03177;LGTCON01546,reachable,
LGTNET00450,LGTFIT00923,,unclassified_fitting,LGTLT02456,LGTCON03181;LGTCON01538;LGTCON01537;LGTCON01536;LGTCON01535;LGTCON03177;LGTCON01546;LGTCON01545,reachable,
LGTNET00450,LGTFIT00923,,unclassified_fitting,LGTLT02816,LGTCON03181;LGTCON01538;LGTCON01537;LGTCON01536;LGTCON01535;LGTCON03177;LGTCON01546;LGTCON01545;LGTCON01544;LGTCON01543;LGTCON01542;LGTCON01541;LGTCON01540;LGTCON01539;LGTCON01552,reachable,
LGTNET00450,LGTFIT00923,,unclassified_fitting,LGTLT02822,LGTCON03181;LGTCON01538;LGTCON01537;LGTCON01536;LGTCON01535;LGTCON03177;LGTCON01546;LGTCON01545;LGTCON01544,reachable,
LGTNET00450,LGTFIT01097,service_box,assumed,LGTLT00383,LGTCON01522;LGTCON01530;LGTCON03178;LGTCON03177;LGTCON01546;LGTCON01545;LGTCON01544;LGTCON01543;LGTCON01542;LGTCON01541;LGTCON01540;LGTCON01539;LGTCON01552;LGTCON01547;LGTCON01548;LGTCON01549;LGTCON01550;LGTCON01551,reachable,
LGTNET00450,LGTFIT01097,service_box,assumed,LGTLT02422,LGTCON01522;LGTCON01530;LGTCON03178;LGTCON03177;LGTCON01546;LGTCON01545;LGTCON01544;LGTCON01543,reachable,
LGTNET00450,LGTFIT01097,service_box,assumed,LGTLT02423,LGTCON01522;LGTCON01530;LGTCON03178;LGTCON03177;LGTCON01546;LGTCON01545;LGTCON01544;LGTCON01543;LGTCON01542,reachable,
LGTNET00450,LGTFIT01097,service_box,assumed,LGTLT02424,LGTCON01522;LGTCON01530;LGTCON03178;LGTCON03177;LGTCON01546;LGTCON01545;LGTCON01544;LGTCON01543;LGTCON01542;LGTCON01541,reachable,
LGTNET00450,LGTFIT01097,service_box,assumed,LGTLT02425,LGTCON01522;LGTCON01530;LGTCON03178;LGTCON03177;LGTCON01546;LGTCON01545;LGTCON01544;LGTCON01543;LGTCON01542;LGTCON01541;LGTCON01540,reachable,
LGTNET00450,LGTFIT01097,service_box,assumed,LGTLT02426,LGTCON01522;LGTCON01530;LGTCON03178;LGTCON03177;LGTCON01546;LGTCON01545;LGTCON01544;LGTCON01543;LGTCON01542;LGTCON01541;LGTCON01540;LGTCON01539,reachable,
LGTNET00450,LGTFIT01097,service_box,assumed,LGTLT02427,LGTCON01522;LGTCON01530;LGTCON03178;LGTCON03177;LGTCON01546;LGTCON01545;LGTCON01544;LGTCON01543;LGTCON01542;LGTCON01541;LGTCON01540;LGTCON01539;LGTCON01552;LGTCON01547,reachable,
LGTNET00450,LGTFIT01097,service_box,assumed,LGTLT02428,LGTCON01522;LGTCON01530;LGTCON03178;LGTCON03177;LGTCON01546;LGTCON01545;LGTCON01544;LGTCON01543;LGTCON01542;LGTCON01541;LGTCON01540;LGTCON01539;LGTCON01552;LGTCON01547;LGTCON01548,reachable,
LGTNET00450,LGTFIT01097,service_box,assumed,LGTLT02429,LGTCON01522;LGTCON01530;LGTCON03178;LGTCON03177;LGTCON01546;LGTCON01545;LGTCON01544;LGTCON01543;LGTCON01542;LGTCON01541;LGTCON01540;LGTCON01539;LGTCON01552;LGTCON01547;LGTCON01548;LGTCON01549,reachable,
LGTNET00450,LGTFIT01097,service_box,assumed,LGTLT02430,LGTCON01522;LGTCON01530;LGTCON03178;LGTCON03177;LGTCON01546;LGTCON01545;LGTCON01544;LGTCON01543;LGTCON01542;LGTCON01541;LGTCON01540;LGTCON01539;LGTCON01552;LGTCON01547;LGTCON01548;LGTCON01549;LGTCON01550,reachable,
LGTNET00450,LGTFIT01097,service_box,assumed,LGTLT02431,LGTCON01522;LGTCON01523;LGTCON01524;LGTCON03179;LGTCON01525;LGTCON01526;LGTCON01527;LGTCON01657;LGTCON01528;LGTCON01531;LGTCON01532;LGTCON01533;LGTCON01022;LGTCON01534;LGTCON01023,reachable,
LGTNET00450,LGTFIT01097,service_box,assumed,LGTLT02432,LGTCON01522;LGTCON01523;LGTCON01524;LGTCON03179;LGTCON01525;LGTCON01526;LGTCON01527;LGTCON01657;LGTCON01528;LGTCON01531;LGTCON01532;LGTCON01533;LGTCON01022;LGTCON01534,reachable,
LGTNET00450,LGTFIT01097,service_box,assumed,LGTLT02433,LGTCON01522;LGTCON01523;LGTCON01524;LGTCON03179;LGTCON01525;LGTCON01526;LGTCON01527;LGTCON01657;LGTCON01528;LGTCON01531;LGTCON01532;LGTCON01533;LGTCON01022,reachable,
LGTNET00450,LGTFIT01097,service_box,assumed,LGTLT02434,LGTCON01522;LGTCON01523;LGTCON01524;LGTCON03179;LGTCON01525;LGTCON01526;LGTCON01527;LGTCON01657;LGTCON01528;LGTCON01531;LGTCON01532;LGTCON01533,reachable,
LGTNET00450,LGTFIT01097,service_box,assumed,LGTLT02435,LGTCON01522;LGTCON01523;LGTCON01524;LGTCON03179;LGTCON01525;LGTCON01526;LGTCON01527;LGTCON01657;LGTCON01528;LGTCON01531;LGTCON01532,reachable,
LGTNET00450,LGTFIT01097,service_box,assumed,LGTLT02436,LGTCON01522;LGTCON01523;LGTCON01524;LGTCON03179;LGTCON01525;LGTCON01526;LGTCON01527;LGTCON01657;LGTCON01528;LGTCON01531,reachable,
LGTNET00450,LGTFIT01097,service_box,assumed,LGTLT02437,LGTCON01522;LGTCON01523;LGTCON01524;LGTCON03179;LGTCON01525;LGTCON01526;LGTCON01527;LGTCON01657;LGTCON01528,reachable,
LGTNET00450,LGTFIT01097,service_box,assumed,LGTLT02438,LGTCON01522;LGTCON01523;LGTCON01524;LGTCON03179;LGTCON01525;LGTCON01526;LGTCON01527;LGTCON01657,reachable,
LGTNET00450,LGTFIT01097,service_box,assumed,LGTLT02439,LGTCON01522;LGTCON01523;LGTCON01524;LGTCON03179;LGTCON01525;LGTCON01526;LGTCON01527,reachable,
LGTNET00450,LGTFIT01097,service_box,assumed,LGTLT02440,LGTCON01522;LGTCON01523;LGTCON01524;LGTCON03179;LGTCON01525;LGTCON01526,reachable,
LGTNET00450,LGTFIT01097,service_box,assumed,LGTLT02441,LGTCON01522;LGTCON01523;LGTCON01524;LGTCON03179;LGTCON01525,reachable,
LGTNET00450,LGTFIT01097,service_box,assumed,LGTLT02442,LGTCON01522;LGTCON01523;LGTCON01524,reachable,
LGTNET00450,LGTFIT01097,service_box,assumed,LGTLT02443,LGTCON01522;LGTCON01523,reachable,
LGTNET00450,LGTFIT01097,service_box,assumed,LGTLT02444,LGTCON01522,reachable,
LGTNET00450,LGTFIT01097,service_box,assumed,LGTLT02445,LGTCON01522;LGTCON01530,reachable,
LGTNET00450,LGTFIT01097,service_box,assumed,LGTLT02446,LGTCON01522;LGTCON01530;LGTCON01518,reachable,
LGTNET00450,LGTFIT01097,service_box,assumed,LGTLT02447,LGTCON01522;LGTCON01530;LGTCON01518;LGTCON01529,reachable,
LGTNET00450,LGTFIT01097,service_box,assumed,LGTLT02448,LGTCON01522;LGTCON01530;LGTCON01518;LGTCON01529;LGTCON01520,reachable,
LGTNET00450,LGTFIT01097,service_box,assumed,LGTLT02449,LGTCON01522;LGTCON01530;LGTCON01518;LGTCON01529;LGTCON01520;LGTCON01521,reachable,
LGTNET00450,LGTFIT01097,service_box,assumed,LGTLT02450,LGTCON01522;LGTCON01530;LGTCON03178;LGTCON01535;LGTCON01536;LGTCON01537;LGTCON01538,reachable,
LGTNET00450,LGTFIT01097,service_box,assumed,LGTLT02451,LGTCON01522;LGTCON01530;LGTCON03178;LGTCON01535;LGTCON01536;LGTCON01537,reachable,
LGTNET00450,LGTFIT01097,service_box,assumed,LGTLT02452,LGTCON01522;LGTCON01530;LGTCON03178;LGTCON01535;LGTCON01536,reachable,
LGTNET00450,LGTFIT01097,service_box,assumed,LGTLT02453,LGTCON01522;LGTCON01530;LGTCON03178;LGTCON01535,reachable,
LGTNET00450,LGTFIT01097,service_box,assumed,LGTLT02454,LGTCON01522;LGTCON01530;LGTCON03178;LGTCON03177,reachable,
LGTNET00450,LGTFIT01097,service_box,assumed,LGTLT02455,LGTCON01522;LGTCON01530;LGTCON03178;LGTCON03177;LGTCON01546,reachable,
LGTNET00450,LGTFIT01097,service_box,assumed,LGTLT02456,LGTCON01522;LGTCON01530;LGTCON03178;LGTCON03177;LGTCON01546;LGTCON01545,reachable,
LGTNET00450,LGTFIT01097,service_box,assumed,LGTLT02816,LGTCON01522;LGTCON01530;LGTCON03178;LGTCON03177;LGTCON01546;LGTCON01545;LGTCON01544;LGTCON01543;LGTCON01542;LGTCON01541;LGTCON01540;LGTCON01539;LGTCON01552,reachable,
LGTNET00450,LGTFIT01097,service_box,assumed,LGTLT02822,LGTCON01522;LGTCON01530;LGTCON03178;LGTCON03177;LGTCON01546;LGTCON01545;LGTCON01544,reachable,
LGTNET00451,LGTFIT01220,service_box,assumed,LGTLT01390,,unreachable,
LGTNET00451,LGTFIT01220,service_box,assumed,LGTLT01391,,unreachable,
LGTNET00451,LGTFIT01220,service_box,assumed,LGTLT01392,,unreachable,
LGTNET00451,LGTFIT01220,service_box,assumed,LGTLT01393,,unreachable,
LGTNET00451,LGTFIT01220,service_box,assumed,LGTLT01394,,unreachable,
LGTNET00451,LGTFIT01220,service_box,assumed,LGTLT01395,,unreachable,
LGTNET00451,LGTFIT01220,service_box,assumed,LGTLT01396,,unreachable,
LGTNET00451,LGTFIT01220,service_box,assumed,LGTLT01397,,unreachable,
LGTNET00451,LGTFIT01220,service_box,assumed,LGTLT01398,,unreachable,
LGTNET00451,LGTFIT01220,service_box,assumed,LGTLT01399,,unreachable,
LGTNET00451,LGTFIT01220,service_box,assumed,LGTLT01400,,unreachable,
LGTNET00451,LGTFIT01220,service_box,assumed,LGTLT01401,,unreachable,
LGTNET00451,LGTFIT01220,service_box,assumed,LGTLT01402,,unreachable,
LGTNET00451,LGTFIT01220,service_box,assumed,LGTLT01403,LGTCON03373;LGTCON03372,reachable,
LGTNET00451,LGTFIT01220,service_box,assumed,LGTLT01404,LGTCON03373,reachable,
LGTNET00451,LGTFIT01220,service_box,assumed,LGTLT01405,LGTCON03373;LGTCON03374,reachable,
LGTNET00451,LGTFIT01220,service_box,assumed,LGTLT01406,LGTCON03373;LGTCON03374;LGTCON03375,reachable,
LGTNET00451,LGTFIT01220,service_box,assumed,LGTLT01407,LGTCON03373;LGTCON03374;LGTCON03375;LGTCON03376,reachable,
LGTNET00451,LGTFIT01220,service_box,assumed,LGTLT01408,LGTCON03373;LGTCON03374;LGTCON03375;LGTCON03376;LGTCON03377,reachable,
LGTNET00451,LGTFIT01220,service_box,assumed,LGTLT01409,LGTCON03373;LGTCON03374;LGTCON03375;LGTCON03376;LGTCON03377;LGTCON03378,reachable,
LGTNET00451,LGTFIT01220,service_box,assumed,LGTLT01410,LGTCON03373;LGTCON03374;LGTCON03375;LGTCON03376;LGTCON03377;LGTCON03378;LGTCON03379,reachable,
LGTNET00451,LGTFIT01220,service_box,assumed,LGTLT01411,LGTCON03373;LGTCON03374;LGTCON03375;LGTCON03376;LGTCON03377;LGTCON03378;LGTCON03379;LGTCON03380,reachable,
LGTNET00451,LGTFIT01220,service_box,assumed,LGTLT01412,LGTCON03373;LGTCON03374;LGTCON03375;LGTCON03376;LGTCON03377;LGTCON03378;LGTCON03379;LGTCON03380;LGTCON03381,reachable,
LGTNET00451,LGTFIT01220,service_box,assumed,LGTLT01413,LGTCON03373;LGTCON03374;LGTCON03375;LGTCON03376;LGTCON03377;LGTCON03378;LGTCON03379;LGTCON03380;LGTCON03381;LGTCON03382,reachable,
LGTNET00451,LGTFIT01220,service_box,assumed,LGTLT01414,LGTCON03373;LGTCON03374;LGTCON03375;LGTCON03376;LGTCON03377;LGTCON03378;LGTCON03379;LGTCON03380;LGTCON03381;LGTCON03382;LGTCON03383,reachable,
LGTNET00451,LGTFIT01220,service_box,assumed,LGTLT01417,,unreachable,
LGTNET00451,LGTFIT01220,service_box,assumed,LGTLT01418,,unreachable,
LGTNET00451,LGTFIT01220,service_box,assumed,LGTLT01419,,unreachable,
LGTNET00451,LGTFIT01220,service_box,assumed,LGTLT01420,,unreachable,
LGTNET00451,LGTFIT01220,service_box,assumed,LGTLT01421,,unreachable,
LGTNET00451,LGTFIT01220,service_box,assumed,LGTLT01422,,unreachable,
LGTNET00451,LGTFIT01220,service_box,assumed,LGTLT01423,,unreachable,
LGTNET00451,LGTFIT01220,service_box,assumed,LGTLT01424,,unreachable,
LGTNET00451,LGTFIT01220,service_box,assumed,LGTLT01425,,unreachable,
LGTNET00451,LGTFIT01220,service_box,assumed,LGTLT01426,,unreachable,
LGTNET00451,LGTFIT01220,service_box,assumed,LGTLT01427,,unreachable,
LGTNET00451,LGTFIT01220,service_box,assumed,LGTLT01428,,unreachable,
LGTNET00451,LGTFIT01220,service_box,assumed,LGTLT01429,,unreachable,
LGTNET00451,LGTFIT01220,service_box,assumed,LGTLT01430,,unreachable,
LGTNET00451,LGTFIT01220,service_box,assumed,LGTLT01431,,unreachable,
LGTNET00451,LGTFIT01220,service_box,assumed,LGTLT01432,,unreachable,
LGTNET00451,LGTFIT01220,service_box,assumed,LGTLT01433,,unreachable,
LGTNET00451,LGTFIT01220,service_box,assumed,LGTLT01434,,unreachable,
LGTNET00451,LGTFIT01220,service_box,assumed,LGTLT02823,,unreachable,
LGTNET00451,LGTFIT01221,service_box,assumed,LGTLT01390,,unreachable,
LGTNET00451,LGTFIT01221,service_box,assumed,LGTLT01391,,unreachable,
LGTNET00451,LGTFIT01221,service_box,assumed,LGTLT01392,,unreachable,
LGTNET00451,LGTFIT01221,service_box,assumed,LGTLT01393,,unreachable,
LGTNET00451,LGTFIT01221,service_box,assumed,LGTLT01394,,unreachable,
LGTNET00451,LGTFIT01221,service_box,assumed,LGTLT01395,,unreachable,
LGTNET00451,LGTFIT01221,service_box,assumed,LGTLT01396,,unreachable,
LGTNET00451,LGTFIT01221,service_box,assumed,LGTLT01397,,unreachable,
LGTNET00451,LGTFIT01221,service_box,assumed,LGTLT01398,,unreachable,
LGTNET00451,LGTFIT01221,service_box,assumed,LGTLT01399,,unreachable,
LGTNET00451,LGTFIT01221,service_box,assumed,LGTLT01400,,unreachable,
LGTNET00451,LGTFIT01221,service_box,assumed,LGTLT01401,,unreachable,
LGTNET00451,LGTFIT01221,service_box,assumed,LGTLT01402,,unreachable,
LGTNET00451,LGTFIT01221,service_box,assumed,LGTLT01403,,unreachable,
LGTNET00451,LGTFIT01221,service_box,assumed,LGTLT01404,,unreachable,
LGTNET00451,LGTFIT01221,service_box,assumed,LGTLT01405,,unreachable,
LGTNET00451,LGTFIT01221,service_box,assumed,LGTLT01406,,unreachable,
LGTNET00451,LGTFIT01221,service_box,assumed,LGTLT01407,,unreachable,
LGTNET00451,LGTFIT01221,service_box,assumed,LGTLT01408,,unreachable,
LGTNET00451,LGTFIT01221,service_box,assumed,LGTLT01409,,unreachable,
LGTNET00451,LGTFIT01221,service_box,assumed,LGTLT01410,,unreachable,
LGTNET00451,LGTFIT01221,service_box,assumed,LGTLT01411,,unreachable,
LGTNET00451,LGTFIT01221,service_box,assumed,LGTLT01412,,unreachable,
LGTNET00451,LGTFIT01221,service_box,assumed,LGTLT01413,,unreachable,
LGTNET00451,LGTFIT01221,service_box,assumed,LGTLT01414,,unreachable,
LGTNET00451,LGTFIT01221,service_box,assumed,LGTLT01417,LGTCON03385;LGTCON03387;LGTCON03388;LGTCON03389;LGTCON03390;LGTCON03391;LGTCON03392;LGTCON03393;LGTCON03394;LGTCON03395;LGTCON03396,reachable,
LGTNET00451,LGTFIT01221,service_box,assumed,LGTLT01418,LGTCON03385;LGTCON03387;LGTCON03388;LGTCON03389;LGTCON03390;LGTCON03391;LGTCON03392;LGTCON03393;LGTCON03394;LGTCON03395,reachable,
LGTNET00451,LGTFIT01221,service_box,assumed,LGTLT01419,LGTCON03385;LGTCON03387;LGTCON03388;LGTCON03389;LGTCON03390;LGTCON03391;LGTCON03392;LGTCON03393;LGTCON03394,reachable,
LGTNET00451,LGTFIT01221,service_box,assumed,LGTLT01420,LGTCON03385;LGTCON03387;LGTCON03388;LGTCON03389;LGTCON03390;LGTCON03391;LGTCON03392;LGTCON03393,reachable,
LGTNET00451,LGTFIT01221,service_box,assumed,LGTLT01421,LGTCON03385;LGTCON03387;LGTCON03388;LGTCON03389;LGTCON03390;LGTCON03391;LGTCON03392,reachable,
LGTNET00451,LGTFIT01221,service_box,assumed,LGTLT01422,LGTCON03385;LGTCON03387;LGTCON03388;LGTCON03389;LGTCON03390;LGTCON03391,reachable,
LGTNET00451,LGTFIT01221,service_box,assumed,LGTLT01423,LGTCON03385;LGTCON03387;LGTCON03388;LGTCON03389;LGTCON03390,reachable,
LGTNET00451,LGTFIT01221,service_box,assumed,LGTLT01424,LGTCON03385;LGTCON03387;LGTCON03388;LGTCON03389,reachable,
LGTNET00451,LGTFIT01221,service_box,assumed,LGTLT01425,LGTCON03385;LGTCON03387;LGTCON03388,reachable,
LGTNET00451,LGTFIT01221,service_box,assumed,LGTLT01426,LGTCON03385;LGTCON03387,reachable,
LGTNET00451,LGTFIT01221,service_box,assumed,LGTLT01427,LGTCON03385,reachable,
LGTNET00451,LGTFIT01221,service_box,assumed,LGTLT01428,LGTCON03385;LGTCON03386,reachable,
LGTNET00451,LGTFIT01221,service_box,assumed,LGTLT01429,LGTCON03385;LGTCON03386;LGTCON02111,reachable,
LGTNET00451,LGTFIT01221,service_box,assumed,LGTLT01430,LGTCON03385;LGTCON03386;LGTCON02111;LGTCON02110,reachable,
LGTNET00451,LGTFIT01221,service_box,assumed,LGTLT01431,LGTCON03385;LGTCON03386;LGTCON02111;LGTCON02110;LGTCON02109,reachable,
LGTNET00451,LGTFIT01221,service_box,assumed,LGTLT01432,LGTCON03385;LGTCON03386;LGTCON02111;LGTCON02110;LGTCON02109;LGTCON02108,reachable,
LGTNET00451,LGTFIT01221,service_box,assumed,LGTLT01433,LGTCON03385;LGTCON03386;LGTCON02111;LGTCON02110;LGTCON02109;LGTCON02108;LGTCON02107,reachable,
LGTNET00451,LGTFIT01221,service_box,assumed,LGTLT01434,LGTCON03385;LGTCON03386;LGTCON02111;LGTCON02110;LGTCON02109;LGTCON02108;LGTCON02107;LGTCON02106,reachable,
LGTNET00451,LGTFIT01221,service_box,assumed,LGTLT02823,LGTCON03385;LGTCON03387;LGTCON03388;LGTCON03389;LGTCON03390;LGTCON03391;LGTCON03392;LGTCON03393;LGTCON03394;LGTCON03395;LGTCON03396;LGTCON03397,reachable,
LGTNET00452,LGTFIT01150,service_box,assumed,LGTLT01436,LGTCON01749;LGTCON01722;LGTCON01723;LGTCON01724;LGTCON01725;LGTCON01726;LGTCON01727,reachable,
LGTNET00452,LGTFIT01150,service_box,assumed,LGTLT01437,LGTCON01749;LGTCON01722;LGTCON01723;LGTCON01724;LGTCON01725;LGTCON01726;LGTCON01727;LGTCON01730;LGTCON01729,reachable,
LGTNET00452,LGTFIT01150,service_box,assumed,LGTLT02474,LGTCON01749;LGTCON01722;LGTCON01721;LGTCON01720;LGTCON01734,reachable,
LGTNET00452,LGTFIT01150,service_box,assumed,LGTLT02475,LGTCON01749,reachable,
LGTNET00452,LGTFIT01150,service_box,assumed,LGTLT02481,LGTCON01749;LGTCON01722;LGTCON01723;LGTCON01724;LGTCON01733,reachable,
LGTNET00452,LGTFIT01150,service_box,assumed,LGTLT02482,LGTCON01749;LGTCON01722;LGTCON01723;LGTCON01724;LGTCON01725;LGTCON01726;LGTCON01728,reachable,
LGTNET00452,LGTFIT01150,service_box,assumed,LGTLT02483,LGTCON01749;LGTCON01722;LGTCON01723;LGTCON01724;LGTCON01725,reachable,
LGTNET00452,LGTFIT01150,service_box,assumed,LGTLT02484,LGTCON01749;LGTCON01722;LGTCON01723,reachable,
LGTNET00452,LGTFIT01150,service_box,assumed,LGTLT02485,LGTCON01749;LGTCON01722;LGTCON01721,reachable,
LGTNET00452,LGTFIT01150,service_box,assumed,LGTLT02505,LGTCON01749;LGTCON01722;LGTCON01723;LGTCON01724;LGTCON01725;LGTCON01726;LGTCON01727;LGTCON01730;LGTCON01731,reachable,
LGTNET00452,LGTFIT01150,service_box,assumed,LGTLT02506,LGTCON01749;LGTCON01722;LGTCON01723;LGTCON01724;LGTCON01725;LGTCON01726;LGTCON01727;LGTCON01730;LGTCON01731;LGTCON01732,reachable,
LGTNET00452,LGTFIT01150,service_box,assumed,LGTLT02555,LGTCON01749;LGTCON01722;LGTCON01721;LGTCON01720;LGTCON01735;LGTCON01878;LGTCON01876;LGTCON01877,reachable,
LGTNET00452,LGTFIT01150,service_box,assumed,LGTLT02556,LGTCON01749;LGTCON01722;LGTCON01721;LGTCON01720;LGTCON01735;LGTCON01878;LGTCON01875,reachable,
LGTNET00452,LGTFIT01150,service_box,assumed,LGTLT02557,LGTCON01749;LGTCON01722;LGTCON01721;LGTCON01720;LGTCON01735,reachable,
LGTNET00452,LGTFIT01150,service_box,assumed,LGTLT02558,LGTCON01749;LGTCON01722;LGTCON01721;LGTCON01720;LGTCON01735;LGTCON01878;LGTCON01876,reachable,
LGTNET00453,LGTFIT00802,,unclassified_fitting,LGTLT01213,LGTCON02493;LGTCON02281;LGTCON02282;LGTCON02283;LGTCON02284;LGTCON02285;LGTCON02286;LGTCON02287;LGTCON02288;LGTCON02379,reachable,
LGTNET00453,LGTFIT00802,,unclassified_fitting,LGTLT01214,LGTCON02493;LGTCON02281;LGTCON02282;LGTCON02283;LGTCON02284;LGTCON02285;LGTCON02286;LGTCON02287;LGTCON02378,reachable,
LGTNET00453,LGTFIT00802,,unclassified_fitting,LGTLT01215,LGTCON02493;LGTCON02281;LGTCON02282;LGTCON02283;LGTCON02284;LGTCON02285;LGTCON02286;LGTCON02377,reachable,
LGTNET00453,LGTFIT00802,,unclassified_fitting,LGTLT01216,LGTCON02493;LGTCON02281;LGTCON02282;LGTCON02283;LGTCON02284;LGTCON02285;LGTCON02376,reachable,
LGTNET00453,LGTFIT00802,,unclassified_fitting,LGTLT01217,LGTCON02493;LGTCON02281;LGTCON02282;LGTCON02283;LGTCON02284;LGTCON02375,reachable,
LGTNET00453,LGTFIT00802,,unclassified_fitting,LGTLT01218,LGTCON02493;LGTCON02281;LGTCON02282;LGTCON02283;LGTCON02374,reachable,
LGTNET00453,LGTFIT00802,,unclassified_fitting,LGTLT01219,LGTCON02493;LGTCON02281;LGTCON02282;LGTCON02373,reachable,
LGTNET00453,LGTFIT00802,,unclassified_fitting,LGTLT01220,LGTCON02493;LGTCON02281;LGTCON02372,reachable,
LGTNET00453,LGTFIT00802,,unclassified_fitting,LGTLT01221,LGTCON02493;LGTCON02371,reachable,
LGTNET00453,LGTFIT00802,,unclassified_fitting,LGTLT01222,LGTCON02493;LGTCON02280;LGTCON02370,reachable,
LGTNET00453,LGTFIT00802,,unclassified_fitting,LGTLT01223,LGTCON02493;LGTCON02280;LGTCON02279;LGTCON02369,reachable,
LGTNET00453,LGTFIT00802,,unclassified_fitting,LGTLT01224,LGTCON02493;LGTCON02280;LGTCON02279;LGTCON02278;LGTCON02368,reachable,
LGTNET00453,LGTFIT00802,,unclassified_fitting,LGTLT01225,LGTCON02493;LGTCON02280;LGTCON02279;LGTCON02278;LGTCON02277;LGTCON02367,reachable,
LGTNET00453,LGTFIT00802,,unclassified_fitting,LGTLT01226,LGTCON02493;LGTCON02280;LGTCON02279;LGTCON02278;LGTCON02277;LGTCON02276;LGTCON02366,reachable,
LGTNET00453,LGTFIT00802,,unclassified_fitting,LGTLT01227,LGTCON02493;LGTCON02280;LGTCON02279;LGTCON02278;LGTCON02277;LGTCON02276;LGTCON02275;LGTCON02365,reachable,
LGTNET00453,LGTFIT00802,,unclassified_fitting,LGTLT01228,LGTCON02493;LGTCON02280;LGTCON02279;LGTCON02278;LGTCON02277;LGTCON02276;LGTCON02275;LGTCON02274;LGTCON02364,reachable,
LGTNET00453,LGTFIT00802,,unclassified_fitting,LGTLT01229,LGTCON02493;LGTCON02280;LGTCON02279;LGTCON02278;LGTCON02277;LGTCON02276;LGTCON02275;LGTCON02274;LGTCON02273;LGTCON02363,reachable,
LGTNET00454,LGTFIT00803,,unclassified_fitting,LGTLT01230,LGTCON02494;LGTCON00576;LGTCON00577;LGTCON00578;LGTCON00579;LGTCON00581;LGTCON02392,reachable,
LGTNET00454,LGTFIT00803,,unclassified_fitting,LGTLT01231,LGTCON02494;LGTCON00576;LGTCON00577;LGTCON00578;LGTCON00579;LGTCON02391,reachable,
LGTNET00454,LGTFIT00803,,unclassified_fitting,LGTLT01232,LGTCON02494;LGTCON00576;LGTCON00577;LGTCON00578;LGTCON02390,reachable,
LGTNET00454,LGTFIT00803,,unclassified_fitting,LGTLT01233,LGTCON02494;LGTCON00576;LGTCON00577;LGTCON02389,reachable,
LGTNET00454,LGTFIT00803,,unclassified_fitting,LGTLT01234,LGTCON02494;LGTCON00576;LGTCON02388,reachable,
LGTNET00454,LGTFIT00803,,unclassified_fitting,LGTLT01235,LGTCON02494;LGTCON02387,reachable,
LGTNET00454,LGTFIT00803,,unclassified_fitting,LGTLT01236,LGTCON02494;LGTCON00580;LGTCON02386,reachable,
LGTNET00454,LGTFIT00803,,unclassified_fitting,LGTLT01237,LGTCON02494;LGTCON00580;LGTCON02295;LGTCON02385,reachable,
LGTNET00454,LGTFIT00803,,unclassified_fitting,LGTLT01238,LGTCON02494;LGTCON00580;LGTCON02295;LGTCON02294;LGTCON02384,reachable,
LGTNET00454,LGTFIT00803,,unclassified_fitting,LGTLT01239,LGTCON02494;LGTCON00580;LGTCON02295;LGTCON02294;LGTCON02293;LGTCON02383,reachable,
LGTNET00454,LGTFIT00803,,unclassified_fitting,LGTLT01240,LGTCON02494;LGTCON00580;LGTCON02295;LGTCON02294;LGTCON02293;LGTCON02292;LGTCON02382,reachable,
LGTNET00454,LGTFIT00803,,unclassified_fitting,LGTLT01241,LGTCON02494;LGTCON00580;LGTCON02295;LGTCON02294;LGTCON02293;LGTCON02292;LGTCON02291;LGTCON02381,reachable,
LGTNET00454,LGTFIT00803,,unclassified_fitting,LGTLT01242,LGTCON02494;LGTCON00580;LGTCON02295;LGTCON02294;LGTCON02293;LGTCON02292;LGTCON02291;LGTCON02290;LGTCON02380,reachable,
LGTNET00455,LGTFIT00678,,unclassified_fitting,LGTLT01243,LGTCON02309;LGTCON02310;LGTCON02311;LGTCON02312;LGTCON02409,reachable,
LGTNET00455,LGTFIT00678,,unclassified_fitting,LGTLT01244,LGTCON02309;LGTCON02310;LGTCON02311;LGTCON02408,reachable,
LGTNET00455,LGTFIT00678,,unclassified_fitting,LGTLT01245,LGTCON02309;LGTCON02310;LGTCON02407,reachable,
LGTNET00455,LGTFIT00678,,unclassified_fitting,LGTLT01246,LGTCON02309;LGTCON02406,reachable,
LGTNET00455,LGTFIT00678,,unclassified_fitting,LGTLT01247,LGTCON02405,reachable,
LGTNET00455,LGTFIT00678,,unclassified_fitting,LGTLT01248,,unreachable,
LGTNET00455,LGTFIT00678,,unclassified_fitting,LGTLT01249,,unreachable,
LGTNET00455,LGTFIT00678,,unclassified_fitting,LGTLT01250,,unreachable,
LGTNET00455,LGTFIT00678,,unclassified_fitting,LGTLT01251,,unreachable,
LGTNET00455,LGTFIT00678,,unclassified_fitting,LGTLT01252,,unreachable,
LGTNET00455,LGTFIT00678,,unclassified_fitting,LGTLT01253,,unreachable,
LGTNET00455,LGTFIT00678,,unclassified_fitting,LGTLT01254,,unreachable,
LGTNET00455,LGTFIT00678,,unclassified_fitting,LGTLT01255,,unreachable,
LGTNET00455,LGTFIT00678,,unclassified_fitting,LGTLT01256,,unreachable,
LGTNET00455,LGTFIT00678,,unclassified_fitting,LGTLT01257,,unreachable,
LGTNET00455,LGTFIT00678,,unclassified_fitting,LGTLT01258,,unreachable,
LGTNET00455,LGTFIT00678,,unclassified_fitting,LGTLT01259,,unreachable,
LGTNET00455,LGTFIT00804,,unclassified_fitting,LGTLT01243,,unreachable,
LGTNET00455,LGTFIT00804,,unclassified_fitting,LGTLT01244,,unreachable,
LGTNET00455,LGTFIT00804,,unclassified_fitting,LGTLT01245,,unreachable,
LGTNET00455,LGTFIT00804,,unclassified_fitting,LGTLT01246,,unreachable,
LGTNET00455,LGTFIT00804,,unclassified_fitting,LGTLT01247,,unreachable,
LGTNET00455,LGTFIT00804,,unclassified_fitting,LGTLT01248,LGTCON02495;LGTCON02305;LGTCON02306;LGTCON02307;LGTCON02404,reachable,
LGTNET00455,LGTFIT00804,,unclassified_fitting,LGTLT01249,LGTCON02495;LGTCON02305;LGTCON02306;LGTCON02403,reachable,
LGTNET00455,LGTFIT00804,,unclassified_fitting,LGTLT01250,LGTCON02495;LGTCON02305;LGTCON02402,reachable,
LGTNET00455,LGTFIT00804,,unclassified_fitting,LGTLT01251,LGTCON02495;LGTCON02401,reachable,
LGTNET00455,LGTFIT00804,,unclassified_fitting,LGTLT01252,LGTCON02495;LGTCON02300;LGTCON02400,reachable,
LGTNET00455,LGTFIT00804,,unclassified_fitting,LGTLT01253,LGTCON02495;LGTCON02300;LGTCON02304;LGTCON02399,reachable,
LGTNET00455,LGTFIT00804,,unclassified_fitting,LGTLT01254,LGTCON02495;LGTCON02300;LGTCON02304;LGTCON02303;LGTCON02398,reachable,
LGTNET00455,LGTFIT00804,,unclassified_fitting,LGTLT01255,LGTCON02495;LGTCON02300;LGTCON02304;LGTCON02303;LGTCON02302;LGTCON02397,reachable,
LGTNET00455,LGTFIT00804,,unclassified_fitting,LGTLT01256,LGTCON02495;LGTCON02300;LGTCON02304;LGTCON02303;LGTCON02302;LGTCON02299;LGTCON02396,reachable,
LGTNET00455,LGTFIT00804,,unclassified_fitting,LGTLT01257,LGTCON02495;LGTCON02300;LGTCON02304;LGTCON02303;LGTCON02302;LGTCON02299;LGTCON02301;LGTCON02395,reachable,
LGTNET00455,LGTFIT00804,,unclassified_fitting,LGTLT01258,LGTCON02495;LGTCON02300;LGTCON02304;LGTCON02303;LGTCON02302;LGTCON02299;LGTCON02301;LGTCON02298;LGTCON02394,reachable,
LGTNET00455,LGTFIT00804,,unclassified_fitting,LGTLT01259,LGTCON02495;LGTCON02300;LGTCON02304;LGTCON02303;LGTCON02302;LGTCON02299;LGTCON02301;LGTCON02298;LGTCON02297;LGTCON02393,reachable,
LGTNET00456,LGTFIT00683,,unclassified_fitting,LGTLT01264,,unreachable,
LGTNET00456,LGTFIT00683,,unclassified_fitting,LGTLT01265,,unreachable,
LGTNET00456,LGTFIT00683,,unclassified_fitting,LGTLT01266,,unreachable,
LGTNET00456,LGTFIT00683,,unclassified_fitting,LGTLT01267,,unreachable,
LGTNET00456,LGTFIT00683,,unclassified_fitting,LGTLT01268,,unreachable,
LGTNET00456,LGTFIT00683,,unclassified_fitting,LGTLT01269,,unreachable,
LGTNET00456,LGTFIT00683,,unclassified_fitting,LGTLT01270,,unreachable,
LGTNET00456,LGTFIT00683,,unclassified_fitting,LGTLT01271,,unreachable,
LGTNET00456,LGTFIT00683,,unclassified_fitting,LGTLT01272,,unreachable,
LGTNET00456,LGTFIT00683,,unclassified_fitting,LGTLT01273,,unreachable,
LGTNET00456,LGTFIT00683,,unclassified_fitting,LGTLT01274,,unreachable,
LGTNET00456,LGTFIT00683,,unclassified_fitting,LGTLT01275,,unreachable,
LGTNET00456,LGTFIT00683,,unclassified_fitting,LGTLT01276,LGTCON02314;LGTCON02411,reachable,
LGTNET00456,LGTFIT00683,,unclassified_fitting,LGTLT01277,LGTCON02410,reachable,
LGTNET00456,LGTFIT00696,,unclassified_fitting,LGTLT01264,LGTCON02328;LGTCON02327,reachable,
LGTNET00456,LGTFIT00696,,unclassified_fitting,LGTLT01265,LGTCON02328;LGTCON02327;LGTCON02326;LGTCON02422,reachable,
LGTNET00456,LGTFIT00696,,unclassified_fitting,LGTLT01266,LGTCON02328;LGTCON02327;LGTCON02326;LGTCON02325;LGTCON02421,reachable,
LGTNET00456,LGTFIT00696,,unclassified_fitting,LGTLT01267,,unreachable,
LGTNET00456,LGTFIT00696,,unclassified_fitting,LGTLT01268,LGTCON02328;LGTCON02327;LGTCON02326;LGTCON02325;LGTCON02324;LGTCON02323;LGTCON02419,reachable,
LGTNET00456,LGTFIT00696,,unclassified_fitting,LGTLT01269,LGTCON02328;LGTCON02327;LGTCON02326;LGTCON02325;LGTCON02324;LGTCON02323;LGTCON02322;LGTCON02418,reachable,
LGTNET00456,LGTFIT00696,,unclassified_fitting,LGTLT01270,LGTCON02328;LGTCON02327;LGTCON02326;LGTCON02325;LGTCON02324;LGTCON02323;LGTCON02322;LGTCON02321;LGTCON02417,reachable,
LGTNET00456,LGTFIT00696,,unclassified_fitting,LGTLT01271,LGTCON02328;LGTCON02327;LGTCON02326;LGTCON02325;LGTCON02324;LGTCON02323;LGTCON02322;LGTCON02321;LGTCON02320;LGTCON02416,reachable,
LGTNET00456,LGTFIT00696,,unclassified_fitting,LGTLT01272,LGTCON02328;LGTCON02327;LGTCON02326;LGTCON02325;LGTCON02324;LGTCON02323;LGTCON02322;LGTCON02321;LGTCON02320;LGTCON02319;LGTCON02415,reachable,
LGTNET00456,LGTFIT00696,,unclassified_fitting,LGTLT01273,LGTCON02328;LGTCON02327;LGTCON02326;LGTCON02325;LGTCON02324;LGTCON02323;LGTCON02322;LGTCON02321;LGTCON02320;LGTCON02319;LGTCON02318;LGTCON03788,reachable,
LGTNET00456,LGTFIT00696,,unclassified_fitting,LGTLT01274,LGTCON02328;LGTCON02327;LGTCON02326;LGTCON02325;LGTCON02324;LGTCON02323;LGTCON02322;LGTCON02321;LGTCON02320;LGTCON02319;LGTCON02318;LGTCON02317;LGTCON02413,reachable,
LGTNET00456,LGTFIT00696,,unclassified_fitting,LGTLT01275,LGTCON02328;LGTCON02327;LGTCON02326;LGTCON02325;LGTCON02324;LGTCON02323;LGTCON02322;LGTCON02321;LGTCON02320;LGTCON02319;LGTCON02318;LGTCON02317;LGTCON02316;LGTCON02412,reachable,
LGTNET00456,LGTFIT00696,,unclassified_fitting,LGTLT01276,,unreachable,
LGTNET00456,LGTFIT00696,,unclassified_fitting,LGTLT01277,,unreachable,
LGTNET00457,LGTFIT00796,,unclassified_fitting,LGTLT00661,LGTCON02487;LGTCON02488;LGTCON02461;LGTCON02460;LGTCON02459;LGTCON02458;LGTCON02457;LGTCON02456;LGTCON02455;LGTCON02454;LGTCON02453;LGTCON02452;LGTCON02438,reachable,
LGTNET00457,LGTFIT00796,,unclassified_fitting,LGTLT00662,LGTCON02487;LGTCON02488;LGTCON02461;LGTCON02460;LGTCON02459;LGTCON02458;LGTCON02457;LGTCON02456;LGTCON02455;LGTCON02454;LGTCON02453;LGTCON02452;LGTCON02451;LGTCON02437,reachable,
LGTNET00457,LGTFIT00796,,unclassified_fitting,LGTLT00663,LGTCON02487;LGTCON02488;LGTCON02461;LGTCON02460;LGTCON02459;LGTCON02458;LGTCON02457;LGTCON02456;LGTCON02455;LGTCON02454;LGTCON02453;LGTCON02452;LGTCON02451;LGTCON02441;LGTCON02428,reachable,
LGTNET00457,LGTFIT00796,,unclassified_fitting,LGTLT00664,LGTCON02487;LGTCON02488;LGTCON02461;LGTCON02460;LGTCON02459;LGTCON02458;LGTCON02457;LGTCON02456;LGTCON02455;LGTCON02454;LGTCON02453;LGTCON02452;LGTCON02451;LGTCON02441;LGTCON02436;LGTCON02429,reachable,
LGTNET00457,LGTFIT00796,,unclassified_fitting,LGTLT00665,LGTCON02487;LGTCON02488;LGTCON02461;LGTCON02460;LGTCON02459;LGTCON02458;LGTCON02457;LGTCON02456;LGTCON02455;LGTCON02454;LGTCON02453;LGTCON02452;LGTCON02451;LGTCON02441;LGTCON02436;LGTCON02435;LGTCON02427,reachable,
LGTNET00457,LGTFIT00796,,unclassified_fitting,LGTLT00666,LGTCON02487;LGTCON02488;LGTCON02461;LGTCON02460;LGTCON02459;LGTCON02458;LGTCON02457;LGTCON02456;LGTCON02455;LGTCON02454;LGTCON02453;LGTCON02452;LGTCON02451;LGTCON02441;LGTCON02436;LGTCON02435;LGTCON02434;LGTCON02426,reachable,
LGTNET00457,LGTFIT00796,,unclassified_fitting,LGTLT01260,LGTCON02487;LGTCON02488;LGTCON02461;LGTCON02460;LGTCON02459;LGTCON02458;LGTCON02457;LGTCON02456;LGTCON02455;LGTCON02454;LGTCON02453;LGTCON02452;LGTCON02451;LGTCON02441;LGTCON02436;LGTCON02435;LGTCON02434;LGTCON02433;LGTCON02425,reachable,
LGTNET00457,LGTFIT00796,,unclassified_fitting,LGTLT01261,LGTCON02487;LGTCON02488;LGTCON02461;LGTCON02460;LGTCON02459;LGTCON02458;LGTCON02457;LGTCON02456;LGTCON02455;LGTCON02454;LGTCON02453;LGTCON02452;LGTCON02451;LGTCON02441;LGTCON02436;LGTCON02435;LGTCON02434;LGTCON02433;LGTCON02432;LGTCON02424,reachable,
LGTNET00457,LGTFIT00796,,unclassified_fitting,LGTLT01262,LGTCON02487;LGTCON02488;LGTCON02461;LGTCON02460;LGTCON02459;LGTCON02458;LGTCON02457;LGTCON02456;LGTCON02455;LGTCON02454;LGTCON02453;LGTCON02452;LGTCON02451;LGTCON02441;LGTCON02436;LGTCON02435;LGTCON02434;LGTCON02433;LGTCON02432;LGTCON02431;LGTCON02423,reachable,
LGTNET00457,LGTFIT00796,,unclassified_fitting,LGTLT01263,LGTCON02487;LGTCON02488;LGTCON02461;LGTCON02460;LGTCON02459;LGTCON02458;LGTCON02457;LGTCON02456;LGTCON02455;LGTCON02454;LGTCON02453;LGTCON02452;LGTCON02451;LGTCON02441;LGTCON02436;LGTCON02435;LGTCON02434;LGTCON02433;LGTCON02432;LGTCON02431;LGTCON02430;LGTCON02330;LGTCON02331,reachable,
LGTNET00457,LGTFIT00796,,unclassified_fitting,LGTLT01278,LGTCON02487;LGTCON02488;LGTCON02462;LGTCON02450,reachable,
LGTNET00457,LGTFIT00796,,unclassified_fitting,LGTLT01279,LGTCON02487;LGTCON02488;LGTCON02449,reachable,
LGTNET00457,LGTFIT00796,,unclassified_fitting,LGTLT01280,LGTCON02487;LGTCON02488;LGTCON02461;LGTCON02448,reachable,
LGTNET00457,LGTFIT00796,,unclassified_fitting,LGTLT01281,LGTCON02487;LGTCON02488;LGTCON02461;LGTCON02460;LGTCON02447,reachable,
LGTNET00457,LGTFIT00796,,unclassified_fitting,LGTLT01282,LGTCON02487;LGTCON02488;LGTCON02461;LGTCON02460;LGTCON02459;LGTCON02446,reachable,
LGTNET00457,LGTFIT00796,,unclassified_fitting,LGTLT01283,LGTCON02487;LGTCON02488;LGTCON02461;LGTCON02460;LGTCON02459;LGTCON02458;LGTCON02445,reachable,
LGTNET00457,LGTFIT00796,,unclassified_fitting,LGTLT01284,LGTCON02487;LGTCON02488;LGTCON02461;LGTCON02460;LGTCON02459;LGTCON02458;LGTCON02457;LGTCON02444,reachable,
LGTNET00457,LGTFIT00796,,unclassified_fitting,LGTLT01285,LGTCON02487;LGTCON02488;LGTCON02461;LGTCON02460;LGTCON02459;LGTCON02458;LGTCON02457;LGTCON02456;LGTCON02443,reachable,
LGTNET00457,LGTFIT00796,,unclassified_fitting,LGTLT01286,LGTCON02487;LGTCON02488;LGTCON02461;LGTCON02460;LGTCON02459;LGTCON02458;LGTCON02457;LGTCON02456;LGTCON02455;LGTCON02454;LGTCON02440,reachable,
LGTNET00457,LGTFIT00796,,unclassified_fitting,LGTLT01287,LGTCON02487;LGTCON02488;LGTCON02461;LGTCON02460;LGTCON02459;LGTCON02458;LGTCON02457;LGTCON02456;LGTCON02455;LGTCON02454;LGTCON02453;LGTCON02439,reachable,
LGTNET00457,LGTFIT00796,,unclassified_fitting,LGTLT02918,LGTCON02487;LGTCON02488;LGTCON02461;LGTCON02460;LGTCON02459;LGTCON02458;LGTCON02457;LGTCON02456;LGTCON02455;LGTCON02442,reachable,
LGTNET00457,LGTFIT00797,,unclassified_fitting,LGTLT00661,LGTCON02489;LGTCON02454;LGTCON02453;LGTCON02452;LGTCON02438,reachable,
LGTNET00457,LGTFIT00797,,unclassified_fitting,LGTLT00662,LGTCON02489;LGTCON02454;LGTCON02453;LGTCON02452;LGTCON02451;LGTCON02437,reachable,
LGTNET00457,LGTFIT00797,,unclassified_fitting,LGTLT00663,LGTCON02489;LGTCON02454;LGTCON02453;LGTCON02452;LGTCON02451;LGTCON02441;LGTCON02428,reachable,
LGTNET00457,LGTFIT00797,,unclassified_fitting,LGTLT00664,LGTCON02489;LGTCON02454;LGTCON02453;LGTCON02452;LGTCON02451;LGTCON02441;LGTCON02436;LGTCON02429,reachable,
LGTNET00457,LGTFIT00797,,unclassified_fitting,LGTLT00665,LGTCON02489;LGTCON02454;LGTCON02453;LGTCON02452;LGTCON02451;LGTCON02441;LGTCON02436;LGTCON02435;LGTCON02427,reachable,
LGTNET00457,LGTFIT00797,,unclassified_fitting,LGTLT00666,LGTCON02489;LGTCON02454;LGTCON02453;LGTCON02452;LGTCON02451;LGTCON02441;LGTCON02436;LGTCON02435;LGTCON02434;LGTCON02426,reachable,
LGTNET00457,LGTFIT00797,,unclassified_fitting,LGTLT01260,LGTCON02489;LGTCON02454;LGTCON02453;LGTCON02452;LGTCON02451;LGTCON02441;LGTCON02436;LGTCON02435;LGTCON02434;LGTCON02433;LGTCON02425,reachable,
LGTNET00457,LGTFIT00797,,unclassified_fitting,LGTLT01261,LGTCON02489;LGTCON02454;LGTCON02453;LGTCON02452;LGTCON02451;LGTCON02441;LGTCON02436;LGTCON02435;LGTCON02434;LGTCON02433;LGTCON02432;LGTCON02424,reachable,
LGTNET00457,LGTFIT00797,,unclassified_fitting,LGTLT01262,LGTCON02489;LGTCON02454;LGTCON02453;LGTCON02452;LGTCON02451;LGTCON02441;LGTCON02436;LGTCON02435;LGTCON02434;LGTCON02433;LGTCON02432;LGTCON02431;LGTCON02423,reachable,
LGTNET00457,LGTFIT00797,,unclassified_fitting,LGTLT01263,LGTCON02489;LGTCON02454;LGTCON02453;LGTCON02452;LGTCON02451;LGTCON02441;LGTCON02436;LGTCON02435;LGTCON02434;LGTCON02433;LGTCON02432;LGTCON02431;LGTCON02430;LGTCON02330;LGTCON02331,reachable,
LGTNET00457,LGTFIT00797,,unclassified_fitting,LGTLT01278,LGTCON02489;LGTCON02455;LGTCON02456;LGTCON02457;LGTCON02458;LGTCON02459;LGTCON02460;LGTCON02461;LGTCON02462;LGTCON02450,reachable,
LGTNET00457,LGTFIT00797,,unclassified_fitting,LGTLT01279,LGTCON02489;LGTCON02455;LGTCON02456;LGTCON02457;LGTCON02458;LGTCON02459;LGTCON02460;LGTCON02461;LGTCON02449,reachable,
LGTNET00457,LGTFIT00797,,unclassified_fitting,LGTLT01280,LGTCON02489;LGTCON02455;LGTCON02456;LGTCON02457;LGTCON02458;LGTCON02459;LGTCON02460;LGTCON02448,reachable,
LGTNET00457,LGTFIT00797,,unclassified_fitting,LGTLT01281,LGTCON02489;LGTCON02455;LGTCON02456;LGTCON02457;LGTCON02458;LGTCON02459;LGTCON02447,reachable,
LGTNET00457,LGTFIT00797,,unclassified_fitting,LGTLT01282,LGTCON02489;LGTCON02455;LGTCON02456;LGTCON02457;LGTCON02458;LGTCON02446,reachable,
LGTNET00457,LGTFIT00797,,unclassified_fitting,LGTLT01283,LGTCON02489;LGTCON02455;LGTCON02456;LGTCON02457;LGTCON02445,reachable,
LGTNET00457,LGTFIT00797,,unclassified_fitting,LGTLT01284,LGTCON02489;LGTCON02455;LGTCON02456;LGTCON02444,reachable,
LGTNET00457,LGTFIT00797,,unclassified_fitting,LGTLT01285,LGTCON02489;LGTCON02455;LGTCON02443,reachable,
LGTNET00457,LGTFIT00797,,unclassified_fitting,LGTLT01286,LGTCON02489;LGTCON02454;LGTCON02440,reachable,
LGTNET00457,LGTFIT00797,,unclassified_fitting,LGTLT01287,LGTCON02489;LGTCON02454;LGTCON02453;LGTCON02439,reachable,
LGTNET00457,LGTFIT00797,,unclassified_fitting,LGTLT02918,LGTCON02489;LGTCON02442,reachable,
LGTNET00458,LGTFIT00798,,unclassified_fitting,LGTLT00667,LGTCON02490;LGTCON02485;LGTCON02486;LGTCON02508;LGTCON02509;LGTCON02510;LGTCON02511;LGTCON02499,reachable,
LGTNET00458,LGTFIT00798,,unclassified_fitting,LGTLT00668,LGTCON02490;LGTCON02485;LGTCON02486;LGTCON02508;LGTCON02509;LGTCON02510;LGTCON02498,reachable,
LGTNET00458,LGTFIT00798,,unclassified_fitting,LGTLT00669,LGTCON02490;LGTCON02485;LGTCON02486;LGTCON02508;LGTCON02509;LGTCON02475,reachable,
LGTNET00458,LGTFIT00798,,unclassified_fitting,LGTLT00670,LGTCON02490;LGTCON02485;LGTCON02486;LGTCON02508;LGTCON02474,reachable,
LGTNET00458,LGTFIT00798,,unclassified_fitting,LGTLT00671,LGTCON02490;LGTCON02485;LGTCON02486;LGTCON02473,reachable,
LGTNET00458,LGTFIT00798,,unclassified_fitting,LGTLT00672,LGTCON02490;LGTCON02485;LGTCON02472,reachable,
LGTNET00458,LGTFIT00798,,unclassified_fitting,LGTLT00673,LGTCON02490;LGTCON02471,reachable,
LGTNET00458,LGTFIT00798,,unclassified_fitting,LGTLT00674,LGTCON02490;LGTCON02484;LGTCON02470,reachable,
LGTNET00458,LGTFIT00798,,unclassified_fitting,LGTLT00675,LGTCON02490;LGTCON02484;LGTCON02483;LGTCON02469,reachable,
LGTNET00458,LGTFIT00798,,unclassified_fitting,LGTLT00676,LGTCON02490;LGTCON02484;LGTCON02483;LGTCON02481;LGTCON02468,reachable,
LGTNET00458,LGTFIT00798,,unclassified_fitting,LGTLT00677,LGTCON02490;LGTCON02484;LGTCON02483;LGTCON02481;LGTCON02482;LGTCON02467,reachable,
LGTNET00458,LGTFIT00798,,unclassified_fitting,LGTLT00678,LGTCON02490;LGTCON02484;LGTCON02483;LGTCON02481;LGTCON02482;LGTCON02479;LGTCON02466,reachable,
LGTNET00458,LGTFIT00798,,unclassified_fitting,LGTLT00679,LGTCON02490;LGTCON02484;LGTCON02483;LGTCON02481;LGTCON02482;LGTCON02479;LGTCON02480;LGTCON02465,reachable,
LGTNET00458,LGTFIT00798,,unclassified_fitting,LGTLT00680,LGTCON02490;LGTCON02484;LGTCON02483;LGTCON02481;LGTCON02482;LGTCON02479;LGTCON02480;LGTCON02478;LGTCON02464,reachable,
LGTNET00458,LGTFIT00798,,unclassified_fitting,LGTLT00681,LGTCON02490;LGTCON02484;LGTCON02483;LGTCON02481;LGTCON02482;LGTCON02479;LGTCON02480;LGTCON02478;LGTCON02477;LGTCON02463,reachable,
LGTNET00458,LGTFIT00818,,unclassified_fitting,LGTLT00667,LGTCON03601;LGTCON03595;LGTCON02486;LGTCON02508;LGTCON02509;LGTCON02510;LGTCON02511;LGTCON02499,reachable,
LGTNET00458,LGTFIT00818,,unclassified_fitting,LGTLT00668,LGTCON03601;LGTCON03595;LGTCON02486;LGTCON02508;LGTCON02509;LGTCON02510;LGTCON02498,reachable,
LGTNET00458,LGTFIT00818,,unclassified_fitting,LGTLT00669,LGTCON03601;LGTCON03595;LGTCON02486;LGTCON02508;LGTCON02509;LGTCON02475,reachable,
LGTNET00458,LGTFIT00818,,unclassified_fitting,LGTLT00670,LGTCON03601;LGTCON03595;LGTCON02486;LGTCON02508;LGTCON02474,reachable,
LGTNET00458,LGTFIT00818,,unclassified_fitting,LGTLT00671,LGTCON03601;LGTCON03595;LGTCON02486;LGTCON02473,reachable,
LGTNET00458,LGTFIT00818,,unclassified_fitting,LGTLT00672,LGTCON03601;LGTCON03595;LGTCON02472,reachable,
LGTNET00458,LGTFIT00818,,unclassified_fitting,LGTLT00673,LGTCON03601;LGTCON03595;LGTCON02485;LGTCON02471,reachable,
LGTNET00458,LGTFIT00818,,unclassified_fitting,LGTLT00674,LGTCON03601;LGTCON03595;LGTCON02485;LGTCON02484;LGTCON02470,reachable,
LGTNET00458,LGTFIT00818,,unclassified_fitting,LGTLT00675,LGTCON03601;LGTCON03595;LGTCON02485;LGTCON02484;LGTCON02483;LGTCON02469,reachable,
LGTNET00458,LGTFIT00818,,unclassified_fitting,LGTLT00676,LGTCON03601;LGTCON03595;LGTCON02485;LGTCON02484;LGTCON02483;LGTCON02481;LGTCON02468,reachable,
LGTNET00458,LGTFIT00818,,unclassified_fitting,LGTLT00677,LGTCON03601;LGTCON03595;LGTCON02485;LGTCON02484;LGTCON02483;LGTCON02481;LGTCON02482;LGTCON02467,reachable,
LGTNET00458,LGTFIT00818,,unclassified_fitting,LGTLT00678,LGTCON03601;LGTCON03595;LGTCON02485;LGTCON02484;LGTCON02483;LGTCON02481;LGTCON02482;LGTCON02479;LGTCON02466,reachable,
LGTNET00458,LGTFIT00818,,unclassified_fitting,LGTLT00679,LGTCON03601;LGTCON03595;LGTCON02485;LGTCON02484;LGTCON02483;LGTCON02481;LGTCON02482;LGTCON02479;LGTCON02480;LGTCON02465,reachable,
LGTNET00458,LGTFIT00818,,unclassified_fitting,LGTLT00680,LGTCON03601;LGTCON03595;LGTCON02485;LGTCON02484;LGTCON02483;LGTCON02481;LGTCON02482;LGTCON02479;LGTCON02480;LGTCON02478;LGTCON02464,reachable,
LGTNET00458,LGTFIT00818,,unclassified_fitting,LGTLT00681,LGTCON03601;LGTCON03595;LGTCON02485;LGTCON02484;LGTCON02483;LGTCON02481;LGTCON02482;LGTCON02479;LGTCON02480;LGTCON02478;LGTCON02477;LGTCON02463,reachable,
LGTNET00459,LGTFIT00809,,unclassified_fitting,LGTLT00694,LGTCON02513;LGTCON02514;LGTCON02515;LGTCON02516;LGTCON02517;LGTCON02518;LGTCON02519;LGTCON02528;LGTCON02529;LGTCON02530;LGTCON02531;LGTCON02522,reachable,
LGTNET00459,LGTFIT00809,,unclassified_fitting,LGTLT00695,LGTCON02513;LGTCON02514;LGTCON02515;LGTCON02516;LGTCON02517;LGTCON02518;LGTCON02519;LGTCON02528;LGTCON02529;LGTCON02530;LGTCON02531;LGTCON02532;LGTCON02523,reachable,
LGTNET00459,LGTFIT00809,,unclassified_fitting,LGTLT00696,LGTCON02513;LGTCON02514;LGTCON02515;LGTCON02516;LGTCON02517;LGTCON02518;LGTCON02519;LGTCON02528;LGTCON02529;LGTCON02530;LGTCON02531;LGTCON02532;LGTCON02533;LGTCON02524,reachable,
LGTNET00459,LGTFIT00809,,unclassified_fitting,LGTLT01288,LGTCON02513;LGTCON02514;LGTCON02515;LGTCON02516;LGTCON02517;LGTCON02518;LGTCON02519;LGTCON02528;LGTCON02529;LGTCON02530;LGTCON02531;LGTCON02532;LGTCON02533;LGTCON02534;LGTCON02525,reachable,
LGTNET00459,LGTFIT00809,,unclassified_fitting,LGTLT01289,LGTCON02513;LGTCON02514;LGTCON02515;LGTCON02516;LGTCON02517;LGTCON02518;LGTCON02519;LGTCON02528;LGTCON02529;LGTCON02530;LGTCON02531;LGTCON02532;LGTCON02533;LGTCON02534;LGTCON03778;LGTCON02535;LGTCON02536;LGTCON02527,reachable,
LGTNET00459,LGTFIT00809,,unclassified_fitting,LGTLT01290,LGTCON02513;LGTCON02514;LGTCON02515;LGTCON02516;LGTCON02517;LGTCON02518;LGTCON02519;LGTCON02528;LGTCON02529;LGTCON02530;LGTCON02531;LGTCON02532;LGTCON02533;LGTCON02534;LGTCON03778;LGTCON02535;LGTCON02536;LGTCON02549;LGTCON02537,reachable,
LGTNET00459,LGTFIT00809,,unclassified_fitting,LGTLT01291,LGTCON02513;LGTCON02514;LGTCON02515;LGTCON02516;LGTCON02517;LGTCON02518;LGTCON02506,reachable,
LGTNET00459,LGTFIT00809,,unclassified_fitting,LGTLT01292,LGTCON02513;LGTCON02514;LGTCON02515;LGTCON02516;LGTCON02517;LGTCON02505,reachable,
LGTNET00459,LGTFIT00809,,unclassified_fitting,LGTLT01293,LGTCON02513;LGTCON02514;LGTCON02515;LGTCON02516;LGTCON02504,reachable,
LGTNET00459,LGTFIT00809,,unclassified_fitting,LGTLT01294,LGTCON02513;LGTCON02514;LGTCON02515;LGTCON02503,reachable,
LGTNET00459,LGTFIT00809,,unclassified_fitting,LGTLT01295,LGTCON02513;LGTCON02514;LGTCON02502,reachable,
LGTNET00459,LGTFIT00809,,unclassified_fitting,LGTLT01296,LGTCON02513;LGTCON02501,reachable,
LGTNET00459,LGTFIT00809,,unclassified_fitting,LGTLT01297,LGTCON02500,reachable,
LGTNET00459,LGTFIT00809,,unclassified_fitting,LGTLT01298,LGTCON02513;LGTCON02514;LGTCON02515;LGTCON02516;LGTCON02517;LGTCON02518;LGTCON02519;LGTCON02507,reachable,
LGTNET00459,LGTFIT00809,,unclassified_fitting,LGTLT02693,LGTCON02513;LGTCON02514;LGTCON02515;LGTCON02516;LGTCON02517;LGTCON02518;LGTCON02519;LGTCON02528;LGTCON02529;LGTCON02530;LGTCON02531;LGTCON02532;LGTCON02533;LGTCON02534;LGTCON03778;LGTCON02535;LGTCON02526,reachable,
LGTNET00459,LGTFIT00809,,unclassified_fitting,LGTLT02779,LGTCON02513;LGTCON02514;LGTCON02515;LGTCON02516;LGTCON02517;LGTCON02518;LGTCON02519;LGTCON02528;LGTCON02529;LGTCON03604;LGTCON03609;LGTCON03612,reachable,
LGTNET00459,LGTFIT00809,,unclassified_fitting,LGTLT02780,LGTCON02513;LGTCON02514;LGTCON02515;LGTCON02516;LGTCON02517;LGTCON02518;LGTCON02519;LGTCON02528;LGTCON02529;LGTCON02520,reachable,
LGTNET00459,LGTFIT00809,,unclassified_fitting,LGTLT02791,LGTCON02513;LGTCON02514;LGTCON02515;LGTCON02516;LGTCON02517;LGTCON02518;LGTCON02519;LGTCON02528;LGTCON02529;LGTCON02530;LGTCON02531;LGTCON02532;LGTCON02533;LGTCON02534;LGTCON03778,reachable,
LGTNET00459,LGTFIT00809,,unclassified_fitting,LGTLT02931,LGTCON02513;LGTCON02514;LGTCON02515;LGTCON02516;LGTCON02517;LGTCON02518;LGTCON02519;LGTCON02528;LGTCON02529;LGTCON02530;LGTCON02521,reachable,
LGTNET00460,LGTFIT00861,,unclassified_fitting,LGTLT00682,LGTCON02548;LGTCON02557;LGTCON02556;LGTCON02555;LGTCON02554;LGTCON02553;LGTCON04431;LGTCON04430;LGTCON02552;LGTCON02539,reachable,
LGTNET00460,LGTFIT00861,,unclassified_fitting,LGTLT00684,LGTCON02548;LGTCON02557;LGTCON02556;LGTCON02555;LGTCON02554;LGTCON02541,reachable,
LGTNET00460,LGTFIT00861,,unclassified_fitting,LGTLT00685,LGTCON02548;LGTCON02557;LGTCON02556;LGTCON02555;LGTCON02542,reachable,
LGTNET00460,LGTFIT00861,,unclassified_fitting,LGTLT00686,LGTCON02548;LGTCON02557;LGTCON02556;LGTCON02543,reachable,
LGTNET00460,LGTFIT00861,,unclassified_fitting,LGTLT00687,LGTCON02548;LGTCON02557;LGTCON02544,reachable,
LGTNET00460,LGTFIT00861,,unclassified_fitting,LGTLT00688,LGTCON02548;LGTCON02545,reachable,
LGTNET00460,LGTFIT00861,,unclassified_fitting,LGTLT00689,LGTCON02548;LGTCON02558;LGTCON02559;LGTCON02547,reachable,
LGTNET00460,LGTFIT00861,,unclassified_fitting,LGTLT02912,LGTCON02548;LGTCON02558;LGTCON02546,reachable,
LGTNET00460,LGTFIT00861,,unclassified_fitting,LGTLT02940,LGTCON02548;LGTCON02557;LGTCON02556;LGTCON02555;LGTCON02554;LGTCON02553;LGTCON04431;LGTCON04430;LGTCON02552;LGTCON02551;LGTCON02538,reachable,
LGTNET00460,LGTFIT00861,,unclassified_fitting,LGTLT05297,LGTCON02548;LGTCON02557;LGTCON02556;LGTCON02555;LGTCON02554;LGTCON02553;LGTCON04431,reachable,
LGTNET00484,LGTFIT01080,,unclassified_fitting,LGTLT01511,LGTCON03805,reachable,
LGTNET00496,LGTFIT00986,,unclassified_fitting,LGTLT02826,LGTCON03838;LGTCON03837;LGTCON03840;LGTCON03841,reachable,
LGTNET00496,LGTFIT00986,,unclassified_fitting,LGTLT02827,LGTCON03838;LGTCON03837,reachable,
LGTNET00496,LGTFIT00986,,unclassified_fitting,LGTLT02828,LGTCON03839,reachable,
LGTNET00496,LGTFIT00986,,unclassified_fitting,LGTLT02829,LGTCON03838,reachable,
LGTNET00497,LGTFIT00126,,unclassified_fitting,LGTLT02830,LGTCON03842;LGTCON03843,reachable,
LGTNET00497,LGTFIT00126,,unclassified_fitting,LGTLT02831,LGTCON03842,reachable,
LGTNET00497,LGTFIT00126,,unclassified_fitting,LGTLT02832,LGTCON03842;LGTCON03843;LGTCON03844;LGTCON03845;LGTCON03846,reachable,
LGTNET00497,LGTFIT00126,,unclassified_fitting,LGTLT02833,LGTCON03842;LGTCON03843;LGTCON03844;LGTCON03845;LGTCON03847,reachable,
LGTNET00497,LGTFIT00127,,unclassified_fitting,LGTLT02830,LGTCON03848;LGTCON03847;LGTCON03845;LGTCON03844,reachable,
LGTNET00497,LGTFIT00127,,unclassified_fitting,LGTLT02831,LGTCON03848;LGTCON03847;LGTCON03845;LGTCON03844;LGTCON03843,reachable,
LGTNET00497,LGTFIT00127,,unclassified_fitting,LGTLT02832,LGTCON03848;LGTCON03847;LGTCON03846,reachable,
LGTNET00497,LGTFIT00127,,unclassified_fitting,LGTLT02833,LGTCON03848,reachable,
LGTNET00497,LGTFIT00134,,unclassified_fitting,LGTLT02830,LGTCON03893;LGTCON03844,reachable,
LGTNET00497,LGTFIT00134,,unclassified_fitting,LGTLT02831,LGTCON03893;LGTCON03844;LGTCON03843,reachable,
LGTNET00497,LGTFIT00134,,unclassified_fitting,LGTLT02832,LGTCON03893;LGTCON03845;LGTCON03846,reachable,
LGTNET00497,LGTFIT00134,,unclassified_fitting,LGTLT02833,LGTCON03893;LGTCON03845;LGTCON03847,reachable,
LGTNET00497,LGTFIT00135,,unclassified_fitting,LGTLT02830,LGTCON03894;LGTCON03846;LGTCON03845;LGTCON03844,reachable,
LGTNET00497,LGTFIT00135,,unclassified_fitting,LGTLT02831,LGTCON03894;LGTCON03846;LGTCON03845;LGTCON03844;LGTCON03843,reachable,
LGTNET00497,LGTFIT00135,,unclassified_fitting,LGTLT02832,LGTCON03894,reachable,
LGTNET00497,LGTFIT00135,,unclassified_fitting,LGTLT02833,LGTCON03894;LGTCON03846;LGTCON03847,reachable,
LGTNET00497,LGTFIT01091,service_pole,unclassified_fitting,LGTLT02830,LGTCON03859;LGTCON03847;LGTCON03845;LGTCON03844,reachable,
LGTNET00497,LGTFIT01091,service_pole,unclassified_fitting,LGTLT02831,LGTCON03859;LGTCON03847;LGTCON03845;LGTCON03844;LGTCON03843,reachable,
LGTNET00497,LGTFIT01091,service_pole,unclassified_fitting,LGTLT02832,LGTCON03859;LGTCON03847;LGTCON03846,reachable,
LGTNET00497,LGTFIT01091,service_pole,unclassified_fitting,LGTLT02833,LGTCON03859,reachable,
LGTNET00498,LGTFIT00128,,unclassified_fitting,LGTLT02834,LGTCON03849;LGTCON03850;LGTCON03851,reachable,
LGTNET00498,LGTFIT00128,,unclassified_fitting,LGTLT02835,LGTCON03849,reachable,
LGTNET00498,LGTFIT01090,service_pole,unclassified_fitting,LGTLT02834,LGTCON03860;LGTCON03850;LGTCON03851,reachable,
LGTNET00498,LGTFIT01090,service_pole,unclassified_fitting,LGTLT02835,LGTCON03860,reachable,
LGTNET00499,LGTFIT00218,,unclassified_fitting,LGTLT02891,LGTCON03913,reachable,
LGTNET00499,LGTFIT01253,,unclassified_fitting,LGTLT02891,LGTCON03915,reachable,
LGTNET00500,LGTFIT00215,,unclassified_fitting,LGTLT02890,LGTCON03856,reachable,
LGTNET00500,LGTFIT01252,service_pole,unclassified_fitting,LGTLT02890,LGTCON03862,reachable,
LGTNET00502,LGTFIT00136,,unclassified_fitting,LGTLT02873,LGTCON03895;LGTCON03896,reachable,
LGTNET00502,LGTFIT00136,,unclassified_fitting,LGTLT02874,LGTCON03895,reachable,
LGTNET00502,LGTFIT00136,,unclassified_fitting,LGTLT02875,LGTCON03895;LGTCON03896;LGTCON03897,reachable,
LGTNET00502,LGTFIT00137,,unclassified_fitting,LGTLT02873,LGTCON03898;LGTCON03897,reachable,
LGTNET00502,LGTFIT00137,,unclassified_fitting,LGTLT02874,LGTCON03898;LGTCON03897;LGTCON03896,reachable,
LGTNET00502,LGTFIT00137,,unclassified_fitting,LGTLT02875,LGTCON03898,reachable,
LGTNET00502,LGTFIT01092,,unclassified_fitting,LGTLT02873,LGTCON03899,reachable,
LGTNET00502,LGTFIT01092,,unclassified_fitting,LGTLT02874,LGTCON03899;LGTCON03896,reachable,
LGTNET00502,LGTFIT01092,,unclassified_fitting,LGTLT02875,LGTCON03899;LGTCON03897,reachable,
LGTNET00503,LGTFIT00999,,unclassified_fitting,LGTLT02880,LGTCON03906,reachable,
LGTNET00503,LGTFIT00999,,unclassified_fitting,LGTLT02881,LGTCON03906;LGTCON03905,reachable,
LGTNET00506,LGTFIT01002,,unclassified_fitting,LGTLT02893,LGTCON03917,reachable,
LGTNET00506,LGTFIT01003,,unclassified_fitting,LGTLT02893,LGTCON03916,reachable,
LGTNET00508,LGTFIT01254,,unclassified_fitting,LGTLT03942,LGTCON03937;LGTCON03935;LGTCON03938,reachable,
LGTNET00508,LGTFIT01254,,unclassified_fitting,LGTLT04936,LGTCON03937;LGTCON03935;LGTCON03934,reachable,
LGTNET00508,LGTFIT01254,,unclassified_fitting,LGTLT04937,LGTCON03937;LGTCON03935,reachable,
LGTNET00508,LGTFIT01254,,unclassified_fitting,LGTLT04938,LGTCON03937,reachable,
LGTNET00508,LGTFIT01254,,unclassified_fitting,LGTLT04939,LGTCON03937;LGTCON03936,reachable,
LGTNET00508,LGTFIT01255,,unclassified_fitting,LGTLT03942,LGTCON03933;LGTCON03934;LGTCON03938,reachable,
LGTNET00508,LGTFIT01255,,unclassified_fitting,LGTLT04936,LGTCON03933,reachable,
LGTNET00508,LGTFIT01255,,unclassified_fitting,LGTLT04937,LGTCON03933;LGTCON03934,reachable,
LGTNET00508,LGTFIT01255,,unclassified_fitting,LGTLT04938,LGTCON03933;LGTCON03934;LGTCON03935,reachable,
LGTNET00508,LGTFIT01255,,unclassified_fitting,LGTLT04939,LGTCON03933;LGTCON03934;LGTCON03935;LGTCON03936,reachable,
LGTNET00509,LGTFIT01261,,unclassified_fitting,LGTLT04958,LGTCON03955;LGTCON03956,reachable,
LGTNET00509,LGTFIT01261,,unclassified_fitting,LGTLT04959,LGTCON03955;LGTCON03953,reachable,
LGTNET00509,LGTFIT01261,,unclassified_fitting,LGTLT04960,LGTCON03955;LGTCON03953;LGTCON03954,reachable,
LGTNET00509,LGTFIT01261,,unclassified_fitting,LGTLT04961,LGTCON03955;LGTCON03952,reachable,
LGTNET00510,LGTFIT01265,,unclassified_fitting,LGTLT04967,LGTCON03962;LGTCON03963,reachable,
LGTNET00510,LGTFIT01265,,unclassified_fitting,LGTLT04968,LGTCON03962;LGTCON03965;LGTCON03966,reachable,
LGTNET00511,LGTFIT01274,,unclassified_fitting,LGTLT04983,LGTCON03986,reachable,
LGTNET00511,LGTFIT01274,,unclassified_fitting,LGTLT04984,LGTCON03986;LGTCON03987,reachable,
LGTNET00511,LGTFIT01274,,unclassified_fitting,LGTLT04985,LGTCON03986;LGTCON03987;LGTCON03988,reachable,
LGTNET00511,LGTFIT01274,,unclassified_fitting,LGTLT04986,LGTCON03986;LGTCON03987;LGTCON03988;LGTCON03989,reachable,
LGTNET00511,LGTFIT01274,,unclassified_fitting,LGTLT04987,LGTCON03986;LGTCON03987;LGTCON03988;LGTCON03989;LGTCON03990,reachable,
LGTNET00511,LGTFIT01274,,unclassified_fitting,LGTLT04988,LGTCON03986;LGTCON03987;LGTCON03988;LGTCON03989;LGTCON03990;LGTCON03991,reachable,
LGTNET00511,LGTFIT01274,,unclassified_fitting,LGTLT04989,LGTCON03986;LGTCON03987;LGTCON03988;LGTCON03989;LGTCON03990;LGTCON03991;LGTCON03992,reachable,
LGTNET00511,LGTFIT01274,,unclassified_fitting,LGTLT04990,LGTCON03986;LGTCON03987;LGTCON03988;LGTCON03989;LGTCON03990;LGTCON03991;LGTCON03992;LGTCON03993,reachable,
LGTNET00511,LGTFIT01274,,unclassified_fitting,LGTLT04991,LGTCON03986;LGTCON03987;LGTCON03988;LGTCON03989;LGTCON03990;LGTCON03991;LGTCON03992;LGTCON03993;LGTCON03994;LGTCON03995,reachable,
LGTNET00511,LGTFIT01274,,unclassified_fitting,LGTLT04992,LGTCON03986;LGTCON03987;LGTCON03988;LGTCON03989;LGTCON03990;LGTCON03991;LGTCON03992;LGTCON03993;LGTCON03994,reachable,
LGTNET00511,LGTFIT01274,,unclassified_fitting,LGTLT04993,LGTCON03986;LGTCON03987;LGTCON03988;LGTCON03989;LGTCON03990;LGTCON03991;LGTCON03992;LGTCON03993;LGTCON03994;LGTCON03995;LGTCON03996,reachable,
LGTNET00511,LGTFIT01274,,unclassified_fitting,LGTLT04994,LGTCON03986;LGTCON03987;LGTCON03988;LGTCON03989;LGTCON03990;LGTCON03991;LGTCON03992;LGTCON03993;LGTCON03994;LGTCON03995;LGTCON03996;LGTCON03997,reachable,
LGTNET00511,LGTFIT01274,,unclassified_fitting,LGTLT04995,LGTCON03986;LGTCON03987;LGTCON03988;LGTCON03989;LGTCON03990;LGTCON03991;LGTCON03992;LGTCON03993;LGTCON03994;LGTCON03995;LGTCON03996;LGTCON03997;LGTCON03998,reachable,
LGTNET00511,LGTFIT01274,,unclassified_fitting,LGTLT04996,LGTCON03986;LGTCON03987;LGTCON03988;LGTCON03989;LGTCON03990;LGTCON03991;LGTCON03992;LGTCON03993;LGTCON03994;LGTCON03995;LGTCON03996;LGTCON03997;LGTCON03998;LGTCON03999,reachable,
LGTNET00511,LGTFIT01274,,unclassified_fitting,LGTLT04997,LGTCON03986;LGTCON03987;LGTCON03988;LGTCON03989;LGTCON03990;LGTCON03991;LGTCON03992;LGTCON03993;LGTCON03994;LGTCON03995;LGTCON03996;LGTCON03997;LGTCON03998;LGTCON03999;LGTCON04000,reachable,
LGTNET00511,LGTFIT01274,,unclassified_fitting,LGTLT04998,LGTCON03986;LGTCON03987;LGTCON03988;LGTCON03989;LGTCON03990;LGTCON03991;LGTCON03992;LGTCON03993;LGTCON03994;LGTCON03995;LGTCON03996;LGTCON03997;LGTCON03998;LGTCON03999;LGTCON04000;LGTCON04001,reachable,
LGTNET00511,LGTFIT01274,,unclassified_fitting,LGTLT04999,LGTCON03986;LGTCON03987;LGTCON03988;LGTCON03989;LGTCON03990;LGTCON03991;LGTCON03992;LGTCON03993;LGTCON03994;LGTCON03995;LGTCON03996;LGTCON03997;LGTCON03998;LGTCON03999;LGTCON04000;LGTCON04001;LGTCON04002,reachable,
LGTNET00511,LGTFIT01274,,unclassified_fitting,LGTLT05000,LGTCON03986;LGTCON03987;LGTCON03988;LGTCON03989;LGTCON03990;LGTCON03991;LGTCON03992;LGTCON03993;LGTCON03994;LGTCON03995;LGTCON03996;LGTCON03997;LGTCON03998;LGTCON03999;LGTCON04000;LGTCON04001;LGTCON04002;LGTCON04003,reachable,
LGTNET00511,LGTFIT01274,,unclassified_fitting,LGTLT05001,LGTCON03986;LGTCON03987;LGTCON03988;LGTCON03989;LGTCON03990;LGTCON03991;LGTCON03992;LGTCON03993;LGTCON03994;LGTCON03995;LGTCON03996;LGTCON03997;LGTCON03998;LGTCON03999;LGTCON04000;LGTCON04001;LGTCON04002;LGTCON04003;LGTCON04004,reachable,
LGTNET00511,LGTFIT01274,,unclassified_fitting,LGTLT05002,LGTCON03986;LGTCON03987;LGTCON03988;LGTCON03989;LGTCON03990;LGTCON03991;LGTCON03992;LGTCON03993;LGTCON03994;LGTCON03995;LGTCON03996;LGTCON03997;LGTCON03998;LGTCON03999;LGTCON04000;LGTCON04001;LGTCON04002;LGTCON04003;LGTCON04004;LGTCON04005,reachable,
LGTNET00511,LGTFIT01274,,unclassified_fitting,LGTLT05003,LGTCON03986;LGTCON03987;LGTCON03988;LGTCON03989;LGTCON03990;LGTCON03991;LGTCON03992;LGTCON03993;LGTCON03994;LGTCON03995;LGTCON03996;LGTCON03997;LGTCON03998;LGTCON03999;LGTCON04000;LGTCON04001;LGTCON04002;LGTCON04003;LGTCON04004;LGTCON04005;LGTCON04006,reachable,
LGTNET00511,LGTFIT01274,,unclassified_fitting,LGTLT05004,LGTCON03986;LGTCON03987;LGTCON03988;LGTCON03989;LGTCON03990;LGTCON03991;LGTCON03992;LGTCON03993;LGTCON03994;LGTCON03995;LGTCON03996;LGTCON03997;LGTCON03998;LGTCON03999;LGTCON04000;LGTCON04001;LGTCON04002;LGTCON04003;LGTCON04004;LGTCON04005;LGTCON04006;LGTCON04007,reachable,
LGTNET00511,LGTFIT01274,,unclassified_fitting,LGTLT05005,LGTCON03986;LGTCON03987;LGTCON03988;LGTCON03989;LGTCON03990;LGTCON03991;LGTCON03992;LGTCON03993;LGTCON03994;LGTCON03995;LGTCON03996;LGTCON03997;LGTCON03998;LGTCON03999;LGTCON04000;LGTCON04001;LGTCON04002;LGTCON04003;LGTCON04004;LGTCON04005;LGTCON04006;LGTCON04007;LGTCON04008;LGTCON04009;LGTCON04010;LGTCON04011,reachable,
LGTNET00511,LGTFIT01274,,unclassified_fitting,LGTLT05006,LGTCON03986;LGTCON03987;LGTCON03988;LGTCON03989;LGTCON03990;LGTCON03991;LGTCON03992;LGTCON03993;LGTCON03994;LGTCON03995;LGTCON03996;LGTCON03997;LGTCON03998;LGTCON03999;LGTCON04000;LGTCON04001;LGTCON04002;LGTCON04003;LGTCON04004;LGTCON04005;LGTCON04006;LGTCON04007;LGTCON04008,reachable,
LGTNET00511,LGTFIT01274,,unclassified_fitting,LGTLT05007,LGTCON03986;LGTCON03987;LGTCON03988;LGTCON03989;LGTCON03990;LGTCON03991;LGTCON03992;LGTCON03993;LGTCON03994;LGTCON03995;LGTCON03996;LGTCON03997;LGTCON03998;LGTCON03999;LGTCON04000;LGTCON04001;LGTCON04002;LGTCON04003;LGTCON04004;LGTCON04005;LGTCON04006;LGTCON04007;LGTCON04008;LGTCON04009,reachable,
LGTNET00511,LGTFIT01274,,unclassified_fitting,LGTLT05008,LGTCON03986;LGTCON03987;LGTCON03988;LGTCON03989;LGTCON03990;LGTCON03991;LGTCON03992;LGTCON03993;LGTCON03994;LGTCON03995;LGTCON03996;LGTCON03997;LGTCON03998;LGTCON03999;LGTCON04000;LGTCON04001;LGTCON04002;LGTCON04003;LGTCON04004;LGTCON04005;LGTCON04006;LGTCON04007;LGTCON04008;LGTCON04009;LGTCON04010,reachable,
LGTNET00511,LGTFIT01274,,unclassified_fitting,LGTLT05009,LGTCON03986;LGTCON03987;LGTCON03988;LGTCON03989;LGTCON03990;LGTCON03991;LGTCON03992;LGTCON03993;LGTCON03994;LGTCON03995;LGTCON03996;LGTCON03997;LGTCON03998;LGTCON03999;LGTCON04000;LGTCON04001;LGTCON04002;LGTCON04003;LGTCON04004;LGTCON04005;LGTCON04006;LGTCON04007;LGTCON04008;LGTCON04009;LGTCON04010;LGTCON04011;LGTCON04012,reachable,
LGTNET00511,LGTFIT01274,,unclassified_fitting,LGTLT05010,LGTCON03986;LGTCON03987;LGTCON03988;LGTCON03989;LGTCON03990;LGTCON03991;LGTCON03992;LGTCON03993;LGTCON03994;LGTCON03995;LGTCON03996;LGTCON03997;LGTCON03998;LGTCON03999;LGTCON04000;LGTCON04001;LGTCON04002;LGTCON04003;LGTCON04004;LGTCON04005;LGTCON04006;LGTCON04007;LGTCON04008;LGTCON04009;LGTCON04010;LGTCON04011;LGTCON04012;LGTCON04013,reachable,
LGTNET00511,LGTFIT01274,,unclassified_fitting,LGTLT05011,LGTCON03986;LGTCON03987;LGTCON03988;LGTCON03989;LGTCON03990;LGTCON03991;LGTCON03992;LGTCON03993;LGTCON03994;LGTCON03995;LGTCON03996;LGTCON03997;LGTCON03998;LGTCON03999;LGTCON04000;LGTCON04001;LGTCON04002;LGTCON04003;LGTCON04004;LGTCON04005;LGTCON04006;LGTCON04007;LGTCON04008;LGTCON04009;LGTCON04010;LGTCON04011;LGTCON04012;LGTCON04013;LGTCON04014,reachable,
LGTNET00511,LGTFIT01274,,unclassified_fitting,LGTLT05012,LGTCON03986;LGTCON03987;LGTCON03988;LGTCON03989;LGTCON03990;LGTCON03991;LGTCON03992;LGTCON03993;LGTCON03994;LGTCON03995;LGTCON03996;LGTCON03997;LGTCON03998;LGTCON03999;LGTCON04000;LGTCON04001;LGTCON04002;LGTCON04003;LGTCON04004;LGTCON04005;LGTCON04006;LGTCON04007;LGTCON04008;LGTCON04009;LGTCON04010;LGTCON04011;LGTCON04012;LGTCON04013;LGTCON04014;LGTCON04015,reachable,
LGTNET00511,LGTFIT01274,,unclassified_fitting,LGTLT05013,LGTCON03986;LGTCON03987;LGTCON03988;LGTCON03989;LGTCON03990;LGTCON03991;LGTCON03992;LGTCON03993;LGTCON03994;LGTCON03995;LGTCON03996;LGTCON03997;LGTCON03998;LGTCON03999;LGTCON04000;LGTCON04001;LGTCON04002;LGTCON04003;LGTCON04004;LGTCON04005;LGTCON04006;LGTCON04007;LGTCON04008;LGTCON04009;LGTCON04010;LGTCON04011;LGTCON04012;LGTCON04013;LGTCON04014;LGTCON04015;LGTCON04016,reachable,
LGTNET00511,LGTFIT01274,,unclassified_fitting,LGTLT05014,LGTCON03986;LGTCON03987;LGTCON03988;LGTCON03989;LGTCON03990;LGTCON03991;LGTCON03992;LGTCON03993;LGTCON03994;LGTCON03995;LGTCON03996;LGTCON03997;LGTCON03998;LGTCON03999;LGTCON04000;LGTCON04001;LGTCON04002;LGTCON04003;LGTCON04004;LGTCON04005;LGTCON04006;LGTCON04007;LGTCON04008;LGTCON04009;LGTCON04010;LGTCON04011;LGTCON04012;LGTCON04013;LGTCON04014;LGTCON04015;LGTCON04016;LGTCON04017,reachable,
LGTNET00511,LGTFIT01274,,unclassified_fitting,LGTLT05015,LGTCON03986;LGTCON03987;LGTCON03988;LGTCON03989;LGTCON03990;LGTCON03991;LGTCON03992;LGTCON03993;LGTCON03994;LGTCON03995;LGTCON03996;LGTCON03997;LGTCON03998;LGTCON03999;LGTCON04000;LGTCON04001;LGTCON04002;LGTCON04003;LGTCON04004;LGTCON04005;LGTCON04006;LGTCON04007;LGTCON04008;LGTCON04009;LGTCON04010;LGTCON04011;LGTCON04012;LGTCON04013;LGTCON04014;LGTCON04015;LGTCON04016;LGTCON04017;LGTCON04018;LGTCON04019;LGTCON04044;LGTCON04020,reachable,
LGTNET00511,LGTFIT01274,,unclassified_fitting,LGTLT05016,,unreachable,
LGTNET00511,LGTFIT01274,,unclassified_fitting,LGTLT05041,,unreachable,
LGTNET00511,LGTFIT01274,,unclassified_fitting,LGTLT05042,,unreachable,
LGTNET00511,LGTFIT01274,,unclassified_fitting,LGTLT05043,,unreachable,
LGTNET00511,LGTFIT01274,,unclassified_fitting,LGTLT05044,,unreachable,
LGTNET00511,LGTFIT01274,,unclassified_fitting,LGTLT05045,,unreachable,
LGTNET00511,LGTFIT01274,,unclassified_fitting,LGTLT05046,,unreachable,
LGTNET00511,LGTFIT01274,,unclassified_fitting,LGTLT05047,,unreachable,
LGTNET00511,LGTFIT01274,,unclassified_fitting,LGTLT05048,,unreachable,
LGTNET00511,LGTFIT01293,,unclassified_fitting,LGTLT04983,LGTCON04043;LGTCON04019;LGTCON04018;LGTCON04017;LGTCON04016;LGTCON04015;LGTCON04014;LGTCON04013;LGTCON04012;LGTCON04011;LGTCON04010;LGTCON04009;LGTCON04008;LGTCON04007;LGTCON04006;LGTCON04005;LGTCON04004;LGTCON04003;LGTCON04002;LGTCON04001;LGTCON04000;LGTCON03999;LGTCON03998;LGTCON03997;LGTCON03996;LGTCON03995;LGTCON03994;LGTCON03993;LGTCON03992;LGTCON03991;LGTCON03990;LGTCON03989;LGTCON03988;LGTCON03987,reachable,
LGTNET00511,LGTFIT01293,,unclassified_fitting,LGTLT04984,LGTCON04043;LGTCON04019;LGTCON04018;LGTCON04017;LGTCON04016;LGTCON04015;LGTCON04014;LGTCON04013;LGTCON04012;LGTCON04011;LGTCON04010;LGTCON04009;LGTCON04008;LGTCON04007;LGTCON04006;LGTCON04005;LGTCON04004;LGTCON04003;LGTCON04002;LGTCON04001;LGTCON04000;LGTCON03999;LGTCON03998;LGTCON03997;LGTCON03996;LGTCON03995;LGTCON03994;LGTCON03993;LGTCON03992;LGTCON03991;LGTCON03990;LGTCON03989;LGTCON03988,reachable,
LGTNET00511,LGTFIT01293,,unclassified_fitting,LGTLT04985,LGTCON04043;LGTCON04019;LGTCON04018;LGTCON04017;LGTCON04016;LGTCON04015;LGTCON04014;LGTCON04013;LGTCON04012;LGTCON04011;LGTCON04010;LGTCON04009;LGTCON04008;LGTCON04007;LGTCON04006;LGTCON04005;LGTCON04004;LGTCON04003;LGTCON04002;LGTCON04001;LGTCON04000;LGTCON03999;LGTCON03998;LGTCON03997;LGTCON03996;LGTCON03995;LGTCON03994;LGTCON03993;LGTCON03992;LGTCON03991;LGTCON03990;LGTCON03989,reachable,
LGTNET00511,LGTFIT01293,,unclassified_fitting,LGTLT04986,LGTCON04043;LGTCON04019;LGTCON04018;LGTCON04017;LGTCON04016;LGTCON04015;LGTCON04014;LGTCON04013;LGTCON04012;LGTCON04011;LGTCON04010;LGTCON04009;LGTCON04008;LGTCON04007;LGTCON04006;LGTCON04005;LGTCON04004;LGTCON04003;LGTCON04002;LGTCON04001;LGTCON04000;LGTCON03999;LGTCON03998;LGTCON03997;LGTCON03996;LGTCON03995;LGTCON03994;LGTCON03993;LGTCON03992;LGTCON03991;LGTCON03990,reachable,
LGTNET00511,LGTFIT01293,,unclassified_fitting,LGTLT04987,LGTCON04043;LGTCON04019;LGTCON04018;LGTCON04017;LGTCON04016;LGTCON04015;LGTCON04014;LGTCON04013;LGTCON04012;LGTCON04011;LGTCON04010;LGTCON04009;LGTCON04008;LGTCON04007;LGTCON04006;LGTCON04005;LGTCON04004;LGTCON04003;LGTCON04002;LGTCON04001;LGTCON04000;LGTCON03999;LGTCON03998;LGTCON03997;LGTCON03996;LGTCON03995;LGTCON03994;LGTCON03993;LGTCON03992;LGTCON03991,reachable,
LGTNET00511,LGTFIT01293,,unclassified_fitting,LGTLT04988,LGTCON04043;LGTCON04019;LGTCON04018;LGTCON04017;LGTCON04016;LGTCON04015;LGTCON04014;LGTCON04013;LGTCON04012;LGTCON04011;LGTCON04010;LGTCON04009;LGTCON04008;LGTCON04007;LGTCON04006;LGTCON04005;LGTCON04004;LGTCON04003;LGTCON04002;LGTCON04001;LGTCON04000;LGTCON03999;LGTCON03998;LGTCON03997;LGTCON03996;LGTCON03995;LGTCON03994;LGTCON03993;LGTCON03992,reachable,
LGTNET00511,LGTFIT01293,,unclassified_fitting,LGTLT04989,LGTCON04043;LGTCON04019;LGTCON04018;LGTCON04017;LGTCON04016;LGTCON04015;LGTCON04014;LGTCON04013;LGTCON04012;LGTCON04011;LGTCON04010;LGTCON04009;LGTCON04008;LGTCON04007;LGTCON04006;LGTCON04005;LGTCON04004;LGTCON04003;LGTCON04002;LGTCON04001;LGTCON04000;LGTCON03999;LGTCON03998;LGTCON03997;LGTCON03996;LGTCON03995;LGTCON03994;LGTCON03993,reachable,
LGTNET00511,LGTFIT01293,,unclassified_fitting,LGTLT04990,LGTCON04043;LGTCON04019;LGTCON04018;LGTCON04017;LGTCON04016;LGTCON04015;LGTCON04014;LGTCON04013;LGTCON04012;LGTCON04011;LGTCON04010;LGTCON04009;LGTCON04008;LGTCON04007;LGTCON04006;LGTCON04005;LGTCON04004;LGTCON04003;LGTCON04002;LGTCON04001;LGTCON04000;LGTCON03999;LGTCON03998;LGTCON03997;LGTCON03996;LGTCON03995;LGTCON03994,reachable,
LGTNET00511,LGTFIT01293,,unclassified_fitting,LGTLT04991,LGTCON04043;LGTCON04019;LGTCON04018;LGTCON04017;LGTCON04016;LGTCON04015;LGTCON04014;LGTCON04013;LGTCON04012;LGTCON04011;LGTCON04010;LGTCON04009;LGTCON04008;LGTCON04007;LGTCON04006;LGTCON04005;LGTCON04004;LGTCON04003;LGTCON04002;LGTCON04001;LGTCON04000;LGTCON03999;LGTCON03998;LGTCON03997;LGTCON03996,reachable,
LGTNET00511,LGTFIT01293,,unclassified_fitting,LGTLT04992,LGTCON04043;LGTCON04019;LGTCON04018;LGTCON04017;LGTCON04016;LGTCON04015;LGTCON04014;LGTCON04013;LGTCON04012;LGTCON04011;LGTCON04010;LGTCON04009;LGTCON04008;LGTCON04007;LGTCON04006;LGTCON04005;LGTCON04004;LGTCON04003;LGTCON04002;LGTCON04001;LGTCON04000;LGTCON03999;LGTCON03998;LGTCON03997;LGTCON03996;LGTCON03995,reachable,
LGTNET00511,LGTFIT01293,,unclassified_fitting,LGTLT04993,LGTCON04043;LGTCON04019;LGTCON04018;LGTCON04017;LGTCON04016;LGTCON04015;LGTCON04014;LGTCON04013;LGTCON04012;LGTCON04011;LGTCON04010;LGTCON04009;LGTCON04008;LGTCON04007;LGTCON04006;LGTCON04005;LGTCON04004;LGTCON04003;LGTCON04002;LGTCON04001;LGTCON04000;LGTCON03999;LGTCON03998;LGTCON03997,reachable,
LGTNET00511,LGTFIT01293,,unclassified_fitting,LGTLT04994,LGTCON04043;LGTCON04019;LGTCON04018;LGTCON04017;LGTCON04016;LGTCON04015;LGTCON04014;LGTCON04013;LGTCON04012;LGTCON04011;LGTCON04010;LGTCON04009;LGTCON04008;LGTCON04007;LGTCON04006;LGTCON04005;LGTCON04004;LGTCON04003;LGTCON04002;LGTCON04001;LGTCON04000;LGTCON03999;LGTCON03998,reachable,
LGTNET00511,LGTFIT01293,,unclassified_fitting,LGTLT04995,LGTCON04043;LGTCON04019;LGTCON04018;LGTCON04017;LGTCON04016;LGTCON04015;LGTCON04014;LGTCON04013;LGTCON04012;LGTCON04011;LGTCON04010;LGTCON04009;LGTCON04008;LGTCON04007;LGTCON04006;LGTCON04005;LGTCON04004;LGTCON04003;LGTCON04002;LGTCON04001;LGTCON04000;LGTCON03999,reachable,
LGTNET00511,LGTFIT01293,,unclassified_fitting,LGTLT04996,LGTCON04043;LGTCON04019;LGTCON04018;LGTCON04017;LGTCON04016;LGTCON04015;LGTCON04014;LGTCON04013;LGTCON04012;LGTCON04011;LGTCON04010;LGTCON04009;LGTCON04008;LGTCON04007;LGTCON04006;LGTCON04005;LGTCON04004;LGTCON04003;LGTCON04002;LGTCON04001;LGTCON04000,reachable,
LGTNET00511,LGTFIT01293,,unclassified_fitting,LGTLT04997,LGTCON04043;LGTCON04019;LGTCON04018;LGTCON04017;LGTCON04016;LGTCON04015;LGTCON04014;LGTCON04013;LGTCON04012;LGTCON04011;LGTCON04010;LGTCON04009;LGTCON04008;LGTCON04007;LGTCON04006;LGTCON04005;LGTCON04004;LGTCON04003;LGTCON04002;LGTCON04001,reachable,
LGTNET00511,LGTFIT01293,,unclassified_fitting,LGTLT04998,LGTCON04043;LGTCON04019;LGTCON04018;LGTCON04017;LGTCON04016;LGTCON04015;LGTCON04014;LGTCON04013;LGTCON04012;LGTCON04011;LGTCON04010;LGTCON04009;LGTCON04008;LGTCON04007;LGTCON04006;LGTCON04005;LGTCON04004;LGTCON04003;LGTCON04002,reachable,
LGTNET00511,LGTFIT01293,,unclassified_fitting,LGTLT04999,LGTCON04043;LGTCON04019;LGTCON04018;LGTCON04017;LGTCON04016;LGTCON04015;LGTCON04014;LGTCON04013;LGTCON04012;LGTCON04011;LGTCON04010;LGTCON04009;LGTCON04008;LGTCON04007;LGTCON04006;LGTCON04005;LGTCON04004;LGTCON04003,reachable,
LGTNET00511,LGTFIT01293,,unclassified_fitting,LGTLT05000,LGTCON04043;LGTCON04019;LGTCON04018;LGTCON04017;LGTCON04016;LGTCON04015;LGTCON04014;LGTCON04013;LGTCON04012;LGTCON04011;LGTCON04010;LGTCON04009;LGTCON04008;LGTCON04007;LGTCON04006;LGTCON04005;LGTCON04004,reachable,
LGTNET00511,LGTFIT01293,,unclassified_fitting,LGTLT05001,LGTCON04043;LGTCON04019;LGTCON04018;LGTCON04017;LGTCON04016;LGTCON04015;LGTCON04014;LGTCON04013;LGTCON04012;LGTCON04011;LGTCON04010;LGTCON04009;LGTCON04008;LGTCON04007;LGTCON04006;LGTCON04005,reachable,
LGTNET00511,LGTFIT01293,,unclassified_fitting,LGTLT05002,LGTCON04043;LGTCON04019;LGTCON04018;LGTCON04017;LGTCON04016;LGTCON04015;LGTCON04014;LGTCON04013;LGTCON04012;LGTCON04011;LGTCON04010;LGTCON04009;LGTCON04008;LGTCON04007;LGTCON04006,reachable,
LGTNET00511,LGTFIT01293,,unclassified_fitting,LGTLT05003,LGTCON04043;LGTCON04019;LGTCON04018;LGTCON04017;LGTCON04016;LGTCON04015;LGTCON04014;LGTCON04013;LGTCON04012;LGTCON04011;LGTCON04010;LGTCON04009;LGTCON04008;LGTCON04007,reachable,
LGTNET00511,LGTFIT01293,,unclassified_fitting,LGTLT05004,LGTCON04043;LGTCON04019;LGTCON04018;LGTCON04017;LGTCON04016;LGTCON04015;LGTCON04014;LGTCON04013;LGTCON04012;LGTCON04011;LGTCON04010;LGTCON04009;LGTCON04008,reachable,
LGTNET00511,LGTFIT01293,,unclassified_fitting,LGTLT05005,LGTCON04043;LGTCON04019;LGTCON04018;LGTCON04017;LGTCON04016;LGTCON04015;LGTCON04014;LGTCON04013;LGTCON04012,reachable,
LGTNET00511,LGTFIT01293,,unclassified_fitting,LGTLT05006,LGTCON04043;LGTCON04019;LGTCON04018;LGTCON04017;LGTCON04016;LGTCON04015;LGTCON04014;LGTCON04013;LGTCON04012;LGTCON04011;LGTCON04010;LGTCON04009,reachable,
LGTNET00511,LGTFIT01293,,unclassified_fitting,LGTLT05007,LGTCON04043;LGTCON04019;LGTCON04018;LGTCON04017;LGTCON04016;LGTCON04015;LGTCON04014;LGTCON04013;LGTCON04012;LGTCON04011;LGTCON04010,reachable,
LGTNET00511,LGTFIT01293,,unclassified_fitting,LGTLT05008,LGTCON04043;LGTCON04019;LGTCON04018;LGTCON04017;LGTCON04016;LGTCON04015;LGTCON04014;LGTCON04013;LGTCON04012;LGTCON04011,reachable,
LGTNET00511,LGTFIT01293,,unclassified_fitting,LGTLT05009,LGTCON04043;LGTCON04019;LGTCON04018;LGTCON04017;LGTCON04016;LGTCON04015;LGTCON04014;LGTCON04013,reachable,
LGTNET00511,LGTFIT01293,,unclassified_fitting,LGTLT05010,LGTCON04043;LGTCON04019;LGTCON04018;LGTCON04017;LGTCON04016;LGTCON04015;LGTCON04014,reachable,
LGTNET00511,LGTFIT01293,,unclassified_fitting,LGTLT05011,LGTCON04043;LGTCON04019;LGTCON04018;LGTCON04017;LGTCON04016;LGTCON04015,reachable,
LGTNET00511,LGTFIT01293,,unclassified_fitting,LGTLT05012,LGTCON04043;LGTCON04019;LGTCON04018;LGTCON04017;LGTCON04016,reachable,
LGTNET00511,LGTFIT01293,,unclassified_fitting,LGTLT05013,LGTCON04043;LGTCON04019;LGTCON04018;LGTCON04017,reachable,
LGTNET00511,LGTFIT01293,,unclassified_fitting,LGTLT05014,LGTCON04043;LGTCON04019;LGTCON04018,reachable,
LGTNET00511,LGTFIT01293,,unclassified_fitting,LGTLT05015,LGTCON04043;LGTCON04044;LGTCON04020,reachable,
LGTNET00511,LGTFIT01293,,unclassified_fitting,LGTLT05016,,unreachable,
LGTNET00511,LGTFIT01293,,unclassified_fitting,LGTLT05041,,unreachable,
LGTNET00511,LGTFIT01293,,unclassified_fitting,LGTLT05042,,unreachable,
LGTNET00511,LGTFIT01293,,unclassified_fitting,LGTLT05043,,unreachable,
LGTNET00511,LGTFIT01293,,unclassified_fitting,LGTLT05044,,unreachable,
LGTNET00511,LGTFIT01293,,unclassified_fitting,LGTLT05045,,unreachable,
LGTNET00511,LGTFIT01293,,unclassified_fitting,LGTLT05046,,unreachable,
LGTNET00511,LGTFIT01293,,unclassified_fitting,LGTLT05047,,unreachable,
LGTNET00511,LGTFIT01293,,unclassified_fitting,LGTLT05048,,unreachable,
LGTNET00511,LGTFIT01294,,unclassified_fitting,LGTLT04983,LGTCON04054;LGTCON04016;LGTCON04015;LGTCON04014;LGTCON04013;LGTCON04012;LGTCON04011;LGTCON04010;LGTCON04009;LGTCON04008;LGTCON04007;LGTCON04006;LGTCON04005;LGTCON04004;LGTCON04003;LGTCON04002;LGTCON04001;LGTCON04000;LGTCON03999;LGTCON03998;LGTCON03997;LGTCON03996;LGTCON03995;LGTCON03994;LGTCON03993;LGTCON03992;LGTCON03991;LGTCON03990;LGTCON03989;LGTCON03988;LGTCON03987,reachable,
LGTNET00511,LGTFIT01294,,unclassified_fitting,LGTLT04984,LGTCON04054;LGTCON04016;LGTCON04015;LGTCON04014;LGTCON04013;LGTCON04012;LGTCON04011;LGTCON04010;LGTCON04009;LGTCON04008;LGTCON04007;LGTCON04006;LGTCON04005;LGTCON04004;LGTCON04003;LGTCON04002;LGTCON04001;LGTCON04000;LGTCON03999;LGTCON03998;LGTCON03997;LGTCON03996;LGTCON03995;LGTCON03994;LGTCON03993;LGTCON03992;LGTCON03991;LGTCON03990;LGTCON03989;LGTCON03988,reachable,
LGTNET00511,LGTFIT01294,,unclassified_fitting,LGTLT04985,LGTCON04054;LGTCON04016;LGTCON04015;LGTCON04014;LGTCON04013;LGTCON04012;LGTCON04011;LGTCON04010;LGTCON04009;LGTCON04008;LGTCON04007;LGTCON04006;LGTCON04005;LGTCON04004;LGTCON04003;LGTCON04002;LGTCON04001;LGTCON04000;LGTCON03999;LGTCON03998;LGTCON03997;LGTCON03996;LGTCON03995;LGTCON03994;LGTCON03993;LGTCON03992;LGTCON03991;LGTCON03990;LGTCON03989,reachable,
LGTNET00511,LGTFIT01294,,unclassified_fitting,LGTLT04986,LGTCON04054;LGTCON04016;LGTCON04015;LGTCON04014;LGTCON04013;LGTCON04012;LGTCON04011;LGTCON04010;LGTCON04009;LGTCON04008;LGTCON04007;LGTCON04006;LGTCON04005;LGTCON04004;LGTCON04003;LGTCON04002;LGTCON04001;LGTCON04000;LGTCON03999;LGTCON03998;LGTCON03997;LGTCON03996;LGTCON03995;LGTCON03994;LGTCON03993;LGTCON03992;LGTCON03991;LGTCON03990,reachable,
LGTNET00511,LGTFIT01294,,unclassified_fitting,LGTLT04987,LGTCON04054;LGTCON04016;LGTCON04015;LGTCON04014;LGTCON04013;LGTCON04012;LGTCON04011;LGTCON04010;LGTCON04009;LGTCON04008;LGTCON04007;LGTCON04006;LGTCON04005;LGTCON04004;LGTCON04003;LGTCON04002;LGTCON04001;LGTCON04000;LGTCON03999;LGTCON03998;LGTCON03997;LGTCON03996;LGTCON03995;LGTCON03994;LGTCON03993;LGTCON03992;LGTCON03991,reachable,
LGTNET00511,LGTFIT01294,,unclassified_fitting,LGTLT04988,LGTCON04054;LGTCON04016;LGTCON04015;LGTCON04014;LGTCON04013;LGTCON04012;LGTCON04011;LGTCON04010;LGTCON04009;LGTCON04008;LGTCON04007;LGTCON04006;LGTCON04005;LGTCON04004;LGTCON04003;LGTCON04002;LGTCON04001;LGTCON04000;LGTCON03999;LGTCON03998;LGTCON03997;LGTCON03996;LGTCON03995;LGTCON03994;LGTCON03993;LGTCON03992,reachable,
LGTNET00511,LGTFIT01294,,unclassified_fitting,LGTLT04989,LGTCON04054;LGTCON04016;LGTCON04015;LGTCON04014;LGTCON04013;LGTCON04012;LGTCON04011;LGTCON04010;LGTCON04009;LGTCON04008;LGTCON04007;LGTCON04006;LGTCON04005;LGTCON04004;LGTCON04003;LGTCON04002;LGTCON04001;LGTCON04000;LGTCON03999;LGTCON03998;LGTCON03997;LGTCON03996;LGTCON03995;LGTCON03994;LGTCON03993,reachable,
LGTNET00511,LGTFIT01294,,unclassified_fitting,LGTLT04990,LGTCON04054;LGTCON04016;LGTCON04015;LGTCON04014;LGTCON04013;LGTCON04012;LGTCON04011;LGTCON04010;LGTCON04009;LGTCON04008;LGTCON04007;LGTCON04006;LGTCON04005;LGTCON04004;LGTCON04003;LGTCON04002;LGTCON04001;LGTCON04000;LGTCON03999;LGTCON03998;LGTCON03997;LGTCON03996;LGTCON03995;LGTCON03994,reachable,
LGTNET00511,LGTFIT01294,,unclassified_fitting,LGTLT04991,LGTCON04054;LGTCON04016;LGTCON04015;LGTCON04014;LGTCON04013;LGTCON04012;LGTCON04011;LGTCON04010;LGTCON04009;LGTCON04008;LGTCON04007;LGTCON04006;LGTCON04005;LGTCON04004;LGTCON04003;LGTCON04002;LGTCON04001;LGTCON04000;LGTCON03999;LGTCON03998;LGTCON03997;LGTCON03996,reachable,
LGTNET00511,LGTFIT01294,,unclassified_fitting,LGTLT04992,LGTCON04054;LGTCON04016;LGTCON04015;LGTCON04014;LGTCON04013;LGTCON04012;LGTCON04011;LGTCON04010;LGTCON04009;LGTCON04008;LGTCON04007;LGTCON04006;LGTCON04005;LGTCON04004;LGTCON04003;LGTCON04002;LGTCON04001;LGTCON04000;LGTCON03999;LGTCON03998;LGTCON03997;LGTCON03996;LGTCON03995,reachable,
LGTNET00511,LGTFIT01294,,unclassified_fitting,LGTLT04993,LGTCON04054;LGTCON04016;LGTCON04015;LGTCON04014;LGTCON04013;LGTCON04012;LGTCON04011;LGTCON04010;LGTCON04009;LGTCON04008;LGTCON04007;LGTCON04006;LGTCON04005;LGTCON04004;LGTCON04003;LGTCON04002;LGTCON04001;LGTCON04000;LGTCON03999;LGTCON03998;LGTCON03997,reachable,
LGTNET00511,LGTFIT01294,,unclassified_fitting,LGTLT04994,LGTCON04054;LGTCON04016;LGTCON04015;LGTCON04014;LGTCON04013;LGTCON04012;LGTCON04011;LGTCON04010;LGTCON04009;LGTCON04008;LGTCON04007;LGTCON04006;LGTCON04005;LGTCON04004;LGTCON04003;LGTCON04002;LGTCON04001;LGTCON04000;LGTCON03999;LGTCON03998,reachable,
LGTNET00511,LGTFIT01294,,unclassified_fitting,LGTLT04995,LGTCON04054;LGTCON04016;LGTCON04015;LGTCON04014;LGTCON04013;LGTCON04012;LGTCON04011;LGTCON04010;LGTCON04009;LGTCON04008;LGTCON04007;LGTCON04006;LGTCON04005;LGTCON04004;LGTCON04003;LGTCON04002;LGTCON04001;LGTCON04000;LGTCON03999,reachable,
LGTNET00511,LGTFIT01294,,unclassified_fitting,LGTLT04996,LGTCON04054;LGTCON04016;LGTCON04015;LGTCON04014;LGTCON04013;LGTCON04012;LGTCON04011;LGTCON04010;LGTCON04009;LGTCON04008;LGTCON04007;LGTCON04006;LGTCON04005;LGTCON04004;LGTCON04003;LGTCON04002;LGTCON04001;LGTCON04000,reachable,
LGTNET00511,LGTFIT01294,,unclassified_fitting,LGTLT04997,LGTCON04054;LGTCON04016;LGTCON04015;LGTCON04014;LGTCON04013;LGTCON04012;LGTCON04011;LGTCON04010;LGTCON04009;LGTCON04008;LGTCON04007;LGTCON04006;LGTCON04005;LGTCON04004;LGTCON04003;LGTCON04002;LGTCON04001,reachable,
LGTNET00511,LGTFIT01294,,unclassified_fitting,LGTLT04998,LGTCON04054;LGTCON04016;LGTCON04015;LGTCON04014;LGTCON04013;LGTCON04012;LGTCON04011;LGTCON04010;LGTCON04009;LGTCON04008;LGTCON04007;LGTCON04006;LGTCON04005;LGTCON04004;LGTCON04003;LGTCON04002,reachable,
LGTNET00511,LGTFIT01294,,unclassified_fitting,LGTLT04999,LGTCON04054;LGTCON04016;LGTCON04015;LGTCON04014;LGTCON04013;LGTCON04012;LGTCON04011;LGTCON04010;LGTCON04009;LGTCON04008;LGTCON04007;LGTCON04006;LGTCON04005;LGTCON04004;LGTCON04003,reachable,
LGTNET00511,LGTFIT01294,,unclassified_fitting,LGTLT05000,LGTCON04054;LGTCON04016;LGTCON04015;LGTCON04014;LGTCON04013;LGTCON04012;LGTCON04011;LGTCON04010;LGTCON04009;LGTCON04008;LGTCON04007;LGTCON04006;LGTCON04005;LGTCON04004,reachable,
LGTNET00511,LGTFIT01294,,unclassified_fitting,LGTLT05001,LGTCON04054;LGTCON04016;LGTCON04015;LGTCON04014;LGTCON04013;LGTCON04012;LGTCON04011;LGTCON04010;LGTCON04009;LGTCON04008;LGTCON04007;LGTCON04006;LGTCON04005,reachable,
LGTNET00511,LGTFIT01294,,unclassified_fitting,LGTLT05002,LGTCON04054;LGTCON04016;LGTCON04015;LGTCON04014;LGTCON04013;LGTCON04012;LGTCON04011;LGTCON04010;LGTCON04009;LGTCON04008;LGTCON04007;LGTCON04006,reachable,
LGTNET00511,LGTFIT01294,,unclassified_fitting,LGTLT05003,LGTCON04054;LGTCON04016;LGTCON04015;LGTCON04014;LGTCON04013;LGTCON04012;LGTCON04011;LGTCON04010;LGTCON04009;LGTCON04008;LGTCON04007,reachable,
LGTNET00511,LGTFIT01294,,unclassified_fitting,LGTLT05004,LGTCON04054;LGTCON04016;LGTCON04015;LGTCON04014;LGTCON04013;LGTCON04012;LGTCON04011;LGTCON04010;LGTCON04009;LGTCON04008,reachable,
LGTNET00511,LGTFIT01294,,unclassified_fitting,LGTLT05005,LGTCON04054;LGTCON04016;LGTCON04015;LGTCON04014;LGTCON04013;LGTCON04012,reachable,
LGTNET00511,LGTFIT01294,,unclassified_fitting,LGTLT05006,LGTCON04054;LGTCON04016;LGTCON04015;LGTCON04014;LGTCON04013;LGTCON04012;LGTCON04011;LGTCON04010;LGTCON04009,reachable,
LGTNET00511,LGTFIT01294,,unclassified_fitting,LGTLT05007,LGTCON04054;LGTCON04016;LGTCON04015;LGTCON04014;LGTCON04013;LGTCON04012;LGTCON04011;LGTCON04010,reachable,
LGTNET00511,LGTFIT01294,,unclassified_fitting,LGTLT05008,LGTCON04054;LGTCON04016;LGTCON04015;LGTCON04014;LGTCON04013;LGTCON04012;LGTCON04011,reachable,
LGTNET00511,LGTFIT01294,,unclassified_fitting,LGTLT05009,LGTCON04054;LGTCON04016;LGTCON04015;LGTCON04014;LGTCON04013,reachable,
LGTNET00511,LGTFIT01294,,unclassified_fitting,LGTLT05010,LGTCON04054;LGTCON04016;LGTCON04015;LGTCON04014,reachable,
LGTNET00511,LGTFIT01294,,unclassified_fitting,LGTLT05011,LGTCON04054;LGTCON04016;LGTCON04015,reachable,
LGTNET00511,LGTFIT01294,,unclassified_fitting,LGTLT05012,LGTCON04054;LGTCON04016,reachable,
LGTNET00511,LGTFIT01294,,unclassified_fitting,LGTLT05013,LGTCON04054,reachable,
LGTNET00511,LGTFIT01294,,unclassified_fitting,LGTLT05014,LGTCON04054;LGTCON04017,reachable,
LGTNET00511,LGTFIT01294,,unclassified_fitting,LGTLT05015,LGTCON04054;LGTCON04017;LGTCON04018;LGTCON04019;LGTCON04044;LGTCON04020,reachable,
LGTNET00511,LGTFIT01294,,unclassified_fitting,LGTLT05016,,unreachable,
LGTNET00511,LGTFIT01294,,unclassified_fitting,LGTLT05041,,unreachable,
LGTNET00511,LGTFIT01294,,unclassified_fitting,LGTLT05042,,unreachable,
LGTNET00511,LGTFIT01294,,unclassified_fitting,LGTLT05043,,unreachable,
LGTNET00511,LGTFIT01294,,unclassified_fitting,LGTLT05044,,unreachable,
LGTNET00511,LGTFIT01294,,unclassified_fitting,LGTLT05045,,unreachable,
LGTNET00511,LGTFIT01294,,unclassified_fitting,LGTLT05046,,unreachable,
LGTNET00511,LGTFIT01294,,unclassified_fitting,LGTLT05047,,unreachable,
LGTNET00511,LGTFIT01294,,unclassified_fitting,LGTLT05048,,unreachable,
LGTNET00512,LGTFIT01282,,unclassified_fitting,LGTLT05022,LGTCON04034;LGTCON04035;LGTCON04033;LGTCON04032;LGTCON04031;LGTCON04030;LGTCON04029;LGTCON04028;LGTCON04027;LGTCON04026;LGTCON04077;LGTCON04025;LGTCON04024;LGTCON04023,reachable,
LGTNET00512,LGTFIT01282,,unclassified_fitting,LGTLT05023,LGTCON04034;LGTCON04035;LGTCON04033;LGTCON04032;LGTCON04031;LGTCON04030;LGTCON04029;LGTCON04028;LGTCON04027;LGTCON04026;LGTCON04077,reachable,
LGTNET00512,LGTFIT01282,,unclassified_fitting,LGTLT05024,LGTCON04034;LGTCON04035;LGTCON04033;LGTCON04032;LGTCON04031;LGTCON04030;LGTCON04029;LGTCON04028;LGTCON04027,reachable,
LGTNET00512,LGTFIT01282,,unclassified_fitting,LGTLT05025,LGTCON04034;LGTCON04035;LGTCON04033;LGTCON04032;LGTCON04031;LGTCON04030;LGTCON04029;LGTCON04028,reachable,
LGTNET00512,LGTFIT01282,,unclassified_fitting,LGTLT05026,LGTCON04034;LGTCON04035;LGTCON04033;LGTCON04032;LGTCON04031;LGTCON04030,reachable,
LGTNET00512,LGTFIT01282,,unclassified_fitting,LGTLT05027,LGTCON04034;LGTCON04035,reachable,
LGTNET00512,LGTFIT01282,,unclassified_fitting,LGTLT05028,,unreachable,
LGTNET00512,LGTFIT01282,,unclassified_fitting,LGTLT05029,,unreachable,
LGTNET00512,LGTFIT01282,,unclassified_fitting,LGTLT05030,,unreachable,
LGTNET00512,LGTFIT01282,,unclassified_fitting,LGTLT05031,LGTCON04034;LGTCON04035;LGTCON04033;LGTCON04032;LGTCON04031;LGTCON04030;LGTCON04029;LGTCON04028;LGTCON04027;LGTCON04026;LGTCON04077;LGTCON04025,reachable,
LGTNET00512,LGTFIT01282,,unclassified_fitting,LGTLT05032,LGTCON04034;LGTCON04035;LGTCON04033;LGTCON04032;LGTCON04031;LGTCON04030;LGTCON04029;LGTCON04028;LGTCON04027;LGTCON04026;LGTCON04077;LGTCON04025;LGTCON04024;LGTCON04023;LGTCON04022;LGTCON04037;LGTCON04036;LGTCON04038,reachable,
LGTNET00513,LGTFIT01286,service_panel,explicit,LGTLT05033,LGTCON04039;LGTCON04040,reachable,
LGTNET00514,LGTFIT01299,,unclassified_fitting,LGTLT05056,LGTCON04067;LGTCON04064,reachable,
LGTNET00514,LGTFIT01299,,unclassified_fitting,LGTLT05057,LGTCON04067,reachable,
LGTNET00514,LGTFIT01299,,unclassified_fitting,LGTLT05291,LGTCON04067;LGTCON04064;LGTCON04065;LGTCON04420,reachable,
LGTNET00514,LGTFIT01299,,unclassified_fitting,LGTLT05482,LGTCON04067;LGTCON04066;LGTCON04685,reachable,
LGTNET00514,LGTFIT01560,,unclassified_fitting,LGTLT05056,LGTCON04686;LGTCON04685;LGTCON04066;LGTCON04064,reachable,
LGTNET00514,LGTFIT01560,,unclassified_fitting,LGTLT05057,LGTCON04686;LGTCON04685;LGTCON04066,reachable,
LGTNET00514,LGTFIT01560,,unclassified_fitting,LGTLT05291,LGTCON04686;LGTCON04685;LGTCON04066;LGTCON04064;LGTCON04065;LGTCON04420,reachable,
LGTNET00514,LGTFIT01560,,unclassified_fitting,LGTLT05482,LGTCON04686,reachable,
LGTNET00515,LGTFIT01300,,unclassified_fitting,LGTLT05058,LGTCON04069,reachable,
LGTNET00516,LGTFIT01301,,unclassified_fitting,LGTLT05059,LGTCON04071,reachable,
LGTNET00516,LGTFIT01301,,unclassified_fitting,LGTLT05060,LGTCON04071;LGTCON04073;LGTCON04075;LGTCON04076,reachable,
LGTNET00516,LGTFIT01301,,unclassified_fitting,LGTLT05081,,unreachable,
LGTNET00516,LGTFIT01302,,unclassified_fitting,LGTLT05059,LGTCON04072,reachable,
LGTNET00516,LGTFIT01302,,unclassified_fitting,LGTLT05060,LGTCON04072;LGTCON04073;LGTCON04075;LGTCON04076,reachable,
LGTNET00516,LGTFIT01302,,unclassified_fitting,LGTLT05081,,unreachable,
LGTNET00516,LGTFIT01312,,unclassified_fitting,LGTLT05059,LGTCON04091;LGTCON04073,reachable,
LGTNET00516,LGTFIT01312,,unclassified_fitting,LGTLT05060,LGTCON04091;LGTCON04075;LGTCON04076,reachable,
LGTNET00516,LGTFIT01312,,unclassified_fitting,LGTLT05081,,unreachable,
LGTNET00518,LGTFIT01306,,unclassified_fitting,LGTLT05073,LGTCON04081,reachable,
LGTNET00518,LGTFIT01307,,unclassified_fitting,LGTLT05073,LGTCON04082,reachable,
LGTNET00519,LGTFIT01311,,unclassified_fitting,LGTLT05076,LGTCON04090;LGTCON04089;LGTCON04088;LGTCON04087,reachable,
LGTNET00519,LGTFIT01311,,unclassified_fitting,LGTLT05077,LGTCON04090;LGTCON04089;LGTCON04088,reachable,
LGTNET00519,LGTFIT01311,,unclassified_fitting,LGTLT05078,LGTCON04090;LGTCON04089,reachable,
LGTNET00520,LGTFIT01314,,unclassified_fitting,LGTLT05083,LGTCON04093,reachable,
LGTNET00520,LGTFIT01314,,unclassified_fitting,LGTLT05084,LGTCON04093;LGTCON04097,reachable,
LGTNET00520,LGTFIT01314,,unclassified_fitting,LGTLT05085,LGTCON04093;LGTCON04097;LGTCON04098,reachable,
LGTNET00520,LGTFIT01314,,unclassified_fitting,LGTLT05086,LGTCON04093;LGTCON04097;LGTCON04098;LGTCON04103,reachable,
LGTNET00520,LGTFIT01314,,unclassified_fitting,LGTLT05087,LGTCON04093;LGTCON04097;LGTCON04098;LGTCON04103;LGTCON04100,reachable,
LGTNET00520,LGTFIT01314,,unclassified_fitting,LGTLT05088,,unreachable,
LGTNET00520,LGTFIT01314,,unclassified_fitting,LGTLT05089,,unreachable,
LGTNET00520,LGTFIT01314,,unclassified_fitting,LGTLT05485,,unreachable,
LGTNET00520,LGTFIT01314,,unclassified_fitting,LGTLT05486,,unreachable,
LGTNET00520,LGTFIT01314,,unclassified_fitting,LGTLT05487,,unreachable,
LGTNET00520,LGTFIT01314,,unclassified_fitting,LGTLT05488,,unreachable,
LGTNET00520,LGTFIT01315,,unclassified_fitting,LGTLT05083,LGTCON04102;LGTCON04101;LGTCON04100;LGTCON04103;LGTCON04098;LGTCON04097,reachable,
LGTNET00520,LGTFIT01315,,unclassified_fitting,LGTLT05084,LGTCON04102;LGTCON04101;LGTCON04100;LGTCON04103;LGTCON04098,reachable,
LGTNET00520,LGTFIT01315,,unclassified_fitting,LGTLT05085,LGTCON04102;LGTCON04101;LGTCON04100;LGTCON04103,reachable,
LGTNET00520,LGTFIT01315,,unclassified_fitting,LGTLT05086,LGTCON04102;LGTCON04101;LGTCON04100,reachable,
LGTNET00520,LGTFIT01315,,unclassified_fitting,LGTLT05087,LGTCON04102;LGTCON04101,reachable,
LGTNET00520,LGTFIT01315,,unclassified_fitting,LGTLT05088,,unreachable,
LGTNET00520,LGTFIT01315,,unclassified_fitting,LGTLT05089,,unreachable,
LGTNET00520,LGTFIT01315,,unclassified_fitting,LGTLT05485,,unreachable,
LGTNET00520,LGTFIT01315,,unclassified_fitting,LGTLT05486,,unreachable,
LGTNET00520,LGTFIT01315,,unclassified_fitting,LGTLT05487,,unreachable,
LGTNET00520,LGTFIT01315,,unclassified_fitting,LGTLT05488,,unreachable,
LGTNET00520,LGTFIT01563,,unclassified_fitting,LGTLT05083,,unreachable,
LGTNET00520,LGTFIT01563,,unclassified_fitting,LGTLT05084,,unreachable,
LGTNET00520,LGTFIT01563,,unclassified_fitting,LGTLT05085,,unreachable,
LGTNET00520,LGTFIT01563,,unclassified_fitting,LGTLT05086,,unreachable,
LGTNET00520,LGTFIT01563,,unclassified_fitting,LGTLT05087,,unreachable,
LGTNET00520,LGTFIT01563,,unclassified_fitting,LGTLT05088,LGTCON04693;LGTCON04692;LGTCON04691;LGTCON04690;LGTCON04689;LGTCON04099;LGTCON04092,reachable,
LGTNET00520,LGTFIT01563,,unclassified_fitting,LGTLT05089,,unreachable,
LGTNET00520,LGTFIT01563,,unclassified_fitting,LGTLT05485,LGTCON04693;LGTCON04692;LGTCON04691;LGTCON04690,reachable,
LGTNET00520,LGTFIT01563,,unclassified_fitting,LGTLT05486,LGTCON04693;LGTCON04692;LGTCON04691,reachable,
LGTNET00520,LGTFIT01563,,unclassified_fitting,LGTLT05487,LGTCON04693;LGTCON04692,reachable,
LGTNET00520,LGTFIT01563,,unclassified_fitting,LGTLT05488,LGTCON04693,reachable,
LGTNET00521,LGTFIT01317,,unclassified_fitting,LGTLT05092,LGTCON04106,reachable,
LGTNET00521,LGTFIT01317,,unclassified_fitting,LGTLT05093,LGTCON04106;LGTCON04105,reachable,
LGTNET00521,LGTFIT01318,,unclassified_fitting,LGTLT05092,LGTCON04104;LGTCON04105,reachable,
LGTNET00521,LGTFIT01318,,unclassified_fitting,LGTLT05093,LGTCON04104,reachable,
LGTNET00522,LGTFIT01320,,unclassified_fitting,LGTLT05097,,unreachable,
LGTNET00522,LGTFIT01320,,unclassified_fitting,LGTLT05098,,unreachable,
LGTNET00522,LGTFIT01320,,unclassified_fitting,LGTLT05099,,unreachable,
LGTNET00522,LGTFIT01320,,unclassified_fitting,LGTLT05100,,unreachable,
LGTNET00522,LGTFIT01320,,unclassified_fitting,LGTLT05101,,unreachable,
LGTNET00522,LGTFIT01320,,unclassified_fitting,LGTLT05102,,unreachable,
LGTNET00522,LGTFIT01320,,unclassified_fitting,LGTLT05103,,unreachable,
LGTNET00522,LGTFIT01320,,unclassified_fitting,LGTLT05104,,unreachable,
LGTNET00522,LGTFIT01320,,unclassified_fitting,LGTLT05105,,unreachable,
LGTNET00522,LGTFIT01320,,unclassified_fitting,LGTLT05106,,unreachable,
LGTNET00522,LGTFIT01320,,unclassified_fitting,LGTLT05107,,unreachable,
LGTNET00522,LGTFIT01320,,unclassified_fitting,LGTLT05108,,unreachable,
LGTNET00522,LGTFIT01320,,unclassified_fitting,LGTLT05109,,unreachable,
LGTNET00522,LGTFIT01320,,unclassified_fitting,LGTLT05110,,unreachable,
LGTNET00522,LGTFIT01320,,unclassified_fitting,LGTLT05111,,unreachable,
LGTNET00522,LGTFIT01320,,unclassified_fitting,LGTLT05112,,unreachable,
LGTNET00522,LGTFIT01320,,unclassified_fitting,LGTLT05113,,unreachable,
LGTNET00522,LGTFIT01320,,unclassified_fitting,LGTLT05114,,unreachable,
LGTNET00522,LGTFIT01320,,unclassified_fitting,LGTLT05115,,unreachable,
LGTNET00522,LGTFIT01320,,unclassified_fitting,LGTLT05116,LGTCON04240,reachable,
LGTNET00522,LGTFIT01320,,unclassified_fitting,LGTLT05148,,unreachable,
LGTNET00522,LGTFIT01320,,unclassified_fitting,LGTLT05149,,unreachable,
LGTNET00522,LGTFIT01320,,unclassified_fitting,LGTLT05150,,unreachable,
LGTNET00522,LGTFIT01320,,unclassified_fitting,LGTLT05151,,unreachable,
LGTNET00522,LGTFIT01320,,unclassified_fitting,LGTLT05152,,unreachable,
LGTNET00522,LGTFIT01320,,unclassified_fitting,LGTLT05153,,unreachable,
LGTNET00522,LGTFIT01320,,unclassified_fitting,LGTLT05154,,unreachable,
LGTNET00522,LGTFIT01320,,unclassified_fitting,LGTLT05155,,unreachable,
LGTNET00522,LGTFIT01320,,unclassified_fitting,LGTLT05156,,unreachable,
LGTNET00522,LGTFIT01320,,unclassified_fitting,LGTLT05157,,unreachable,
LGTNET00522,LGTFIT01320,,unclassified_fitting,LGTLT05158,,unreachable,
LGTNET00522,LGTFIT01320,,unclassified_fitting,LGTLT05189,,unreachable,
LGTNET00522,LGTFIT01320,,unclassified_fitting,LGTLT05190,,unreachable,
LGTNET00522,LGTFIT01320,,unclassified_fitting,LGTLT05191,,unreachable,
LGTNET00522,LGTFIT01320,,unclassified_fitting,LGTLT05192,,unreachable,
LGTNET00522,LGTFIT01320,,unclassified_fitting,LGTLT05193,,unreachable,
LGTNET00522,LGTFIT01320,,unclassified_fitting,LGTLT05194,,unreachable,
LGTNET00522,LGTFIT01320,,unclassified_fitting,LGTLT05195,,unreachable,
LGTNET00522,LGTFIT01320,,unclassified_fitting,LGTLT05196,,unreachable,
LGTNET00522,LGTFIT01320,,unclassified_fitting,LGTLT05197,,unreachable,
LGTNET00522,LGTFIT01320,,unclassified_fitting,LGTLT05198,,unreachable,
LGTNET00522,LGTFIT01320,,unclassified_fitting,LGTLT05199,,unreachable,
LGTNET00522,LGTFIT01320,,unclassified_fitting,LGTLT05200,,unreachable,
LGTNET00522,LGTFIT01320,,unclassified_fitting,LGTLT05201,,unreachable,
LGTNET00522,LGTFIT01320,,unclassified_fitting,LGTLT05202,,unreachable,
LGTNET00522,LGTFIT01320,,unclassified_fitting,LGTLT05219,,unreachable,
LGTNET00522,LGTFIT01320,,unclassified_fitting,LGTLT05220,,unreachable,
LGTNET00522,LGTFIT01325,,unclassified_fitting,LGTLT05097,LGTCON04317;LGTCON04241;LGTCON04229;LGTCON04201;LGTCON04219,reachable,
LGTNET00522,LGTFIT01325,,unclassified_fitting,LGTLT05098,LGTCON04317;LGTCON04241;LGTCON04229;LGTCON04201;LGTCON04220,reachable,
LGTNET00522,LGTFIT01325,,unclassified_fitting,LGTLT05099,LGTCON04317;LGTCON04241;LGTCON04229;LGTCON04190,reachable,
LGTNET00522,LGTFIT01325,,unclassified_fitting,LGTLT05100,LGTCON04317;LGTCON04241;LGTCON04229;LGTCON04201;LGTCON04222,reachable,
LGTNET00522,LGTFIT01325,,unclassified_fitting,LGTLT05101,LGTCON04317;LGTCON04241;LGTCON04229;LGTCON04237,reachable,
LGTNET00522,LGTFIT01325,,unclassified_fitting,LGTLT05102,,unreachable,
LGTNET00522,LGTFIT01325,,unclassified_fitting,LGTLT05103,LGTCON04317;LGTCON04241;LGTCON04229;LGTCON04201;LGTCON04221;LGTCON04199;LGTCON04212;LGTCON04216;LGTCON04288,reachable,
LGTNET00522,LGTFIT01325,,unclassified_fitting,LGTLT05104,,unreachable,
LGTNET00522,LGTFIT01325,,unclassified_fitting,LGTLT05105,,unreachable,
LGTNET00522,LGTFIT01325,,unclassified_fitting,LGTLT05106,,unreachable,
LGTNET00522,LGTFIT01325,,unclassified_fitting,LGTLT05107,,unreachable,
LGTNET00522,LGTFIT01325,,unclassified_fitting,LGTLT05108,LGTCON04317;LGTCON04241;LGTCON04229;LGTCON04201;LGTCON04221;LGTCON04199;LGTCON04212;LGTCON04216;LGTCON04196,reachable,
LGTNET00522,LGTFIT01325,,unclassified_fitting,LGTLT05109,LGTCON04317;LGTCON04241;LGTCON04229;LGTCON04201;LGTCON04221;LGTCON04199;LGTCON04212;LGTCON04216;LGTCON04213;LGTCON04214,reachable,
LGTNET00522,LGTFIT01325,,unclassified_fitting,LGTLT05110,LGTCON04317;LGTCON04241,reachable,
LGTNET00522,LGTFIT01325,,unclassified_fitting,LGTLT05111,,unreachable,
LGTNET00522,LGTFIT01325,,unclassified_fitting,LGTLT05112,,unreachable,
LGTNET00522,LGTFIT01325,,unclassified_fitting,LGTLT05113,LGTCON04317;LGTCON04241;LGTCON04229;LGTCON04201;LGTCON04221;LGTCON04199;LGTCON04212;LGTCON04216;LGTCON04307;LGTCON04309;LGTCON04124;LGTCON04292;LGTCON04300;LGTCON04299;LGTCON04298;LGTCON04296,reachable,
LGTNET00522,LGTFIT01325,,unclassified_fitting,LGTLT05114,LGTCON04317;LGTCON04241;LGTCON04229;LGTCON04201;LGTCON04221;LGTCON04199;LGTCON04212;LGTCON04216;LGTCON04307;LGTCON04309;LGTCON04124;LGTCON04292;LGTCON04300;LGTCON04299;LGTCON04295;LGTCON04319,reachable,
LGTNET00522,LGTFIT01325,,unclassified_fitting,LGTLT05115,,unreachable,
LGTNET00522,LGTFIT01325,,unclassified_fitting,LGTLT05116,,unreachable,
LGTNET00522,LGTFIT01325,,unclassified_fitting,LGTLT05148,LGTCON04317;LGTCON04241;LGTCON04229;LGTCON04201;LGTCON04221;LGTCON04199;LGTCON04212;LGTCON04216;LGTCON04307;LGTCON04309;LGTCON04124;LGTCON04292;LGTCON04300;LGTCON04299;LGTCON04298;LGTCON04294,reachable,
LGTNET00522,LGTFIT01325,,unclassified_fitting,LGTLT05149,,unreachable,
LGTNET00522,LGTFIT01325,,unclassified_fitting,LGTLT05150,LGTCON04317;LGTCON04241;LGTCON04229;LGTCON04201;LGTCON04221;LGTCON04199;LGTCON04212;LGTCON04216;LGTCON04307;LGTCON04309;LGTCON04124;LGTCON04121,reachable,
LGTNET00522,LGTFIT01325,,unclassified_fitting,LGTLT05151,LGTCON04317;LGTCON04241;LGTCON04229;LGTCON04201;LGTCON04221;LGTCON04199;LGTCON04212;LGTCON04216;LGTCON04307;LGTCON04309;LGTCON04124;LGTCON04292;LGTCON04300;LGTCON04126,reachable,
LGTNET00522,LGTFIT01325,,unclassified_fitting,LGTLT05152,LGTCON04317;LGTCON04241;LGTCON04229;LGTCON04201;LGTCON04221;LGTCON04199;LGTCON04212;LGTCON04216;LGTCON04307;LGTCON04309;LGTCON04124;LGTCON04292;LGTCON04131,reachable,
LGTNET00522,LGTFIT01325,,unclassified_fitting,LGTLT05153,LGTCON04317;LGTCON04241;LGTCON04229;LGTCON04201;LGTCON04221;LGTCON04199;LGTCON04212;LGTCON04216;LGTCON04307;LGTCON04309;LGTCON04124;LGTCON04292;LGTCON04300;LGTCON04299;LGTCON04297,reachable,
LGTNET00522,LGTFIT01325,,unclassified_fitting,LGTLT05154,,unreachable,
LGTNET00522,LGTFIT01325,,unclassified_fitting,LGTLT05155,LGTCON04317;LGTCON04241;LGTCON04229;LGTCON04201;LGTCON04221;LGTCON04199;LGTCON04212;LGTCON04216;LGTCON04307;LGTCON04309;LGTCON04124;LGTCON04292;LGTCON04119;LGTCON04118;LGTCON04117;LGTCON04115;LGTCON04114,reachable,
LGTNET00522,LGTFIT01325,,unclassified_fitting,LGTLT05156,,unreachable,
LGTNET00522,LGTFIT01325,,unclassified_fitting,LGTLT05157,LGTCON04317;LGTCON04241;LGTCON04229;LGTCON04201;LGTCON04221;LGTCON04199;LGTCON04212;LGTCON04216;LGTCON04307;LGTCON04309;LGTCON04124;LGTCON04292;LGTCON04119;LGTCON04118;LGTCON04117;LGTCON04115;LGTCON04113;LGTCON04112,reachable,
LGTNET00522,LGTFIT01325,,unclassified_fitting,LGTLT05158,,unreachable,
LGTNET00522,LGTFIT01325,,unclassified_fitting,LGTLT05189,LGTCON04317;LGTCON04241;LGTCON04229;LGTCON04201;LGTCON04221;LGTCON04199;LGTCON04212;LGTCON04216;LGTCON04213;LGTCON04215,reachable,
LGTNET00522,LGTFIT01325,,unclassified_fitting,LGTLT05190,,unreachable,
LGTNET00522,LGTFIT01325,,unclassified_fitting,LGTLT05191,LGTCON04317;LGTCON04241;LGTCON04229;LGTCON04201;LGTCON04221;LGTCON04199;LGTCON04212;LGTCON04195;LGTCON04206,reachable,
LGTNET00522,LGTFIT01325,,unclassified_fitting,LGTLT05192,LGTCON04317;LGTCON04241;LGTCON04229;LGTCON04201;LGTCON04221;LGTCON04199;LGTCON04212;LGTCON04195,reachable,
LGTNET00522,LGTFIT01325,,unclassified_fitting,LGTLT05193,LGTCON04317;LGTCON04241;LGTCON04229;LGTCON04201;LGTCON04221;LGTCON04199;LGTCON04218,reachable,
LGTNET00522,LGTFIT01325,,unclassified_fitting,LGTLT05194,LGTCON04317;LGTCON04241;LGTCON04229;LGTCON04201;LGTCON04221;LGTCON04199;LGTCON04194,reachable,
LGTNET00522,LGTFIT01325,,unclassified_fitting,LGTLT05195,,unreachable,
LGTNET00522,LGTFIT01325,,unclassified_fitting,LGTLT05196,LGTCON04317;LGTCON04241;LGTCON04229;LGTCON04201;LGTCON04221;LGTCON04199;LGTCON04194;LGTCON04193,reachable,
LGTNET00522,LGTFIT01325,,unclassified_fitting,LGTLT05197,LGTCON04317;LGTCON04241;LGTCON04229;LGTCON04201;LGTCON04221;LGTCON04197;LGTCON04191;LGTCON04192,reachable,
LGTNET00522,LGTFIT01325,,unclassified_fitting,LGTLT05198,,unreachable,
LGTNET00522,LGTFIT01325,,unclassified_fitting,LGTLT05199,LGTCON04317;LGTCON04241;LGTCON04229;LGTCON04201;LGTCON04221;LGTCON04197;LGTCON04191,reachable,
LGTNET00522,LGTFIT01325,,unclassified_fitting,LGTLT05200,,unreachable,
LGTNET00522,LGTFIT01325,,unclassified_fitting,LGTLT05201,LGTCON04317;LGTCON04241;LGTCON04229;LGTCON04201;LGTCON04221;LGTCON04197,reachable,
LGTNET00522,LGTFIT01325,,unclassified_fitting,LGTLT05202,,unreachable,
LGTNET00522,LGTFIT01325,,unclassified_fitting,LGTLT05219,,unreachable,
LGTNET00522,LGTFIT01325,,unclassified_fitting,LGTLT05220,,unreachable,
LGTNET00522,LGTFIT01326,,unclassified_fitting,LGTLT05097,LGTCON04312;LGTCON04111;LGTCON04113;LGTCON04115;LGTCON04117;LGTCON04118;LGTCON04119;LGTCON04292;LGTCON04124;LGTCON04309;LGTCON04307;LGTCON04216;LGTCON04212;LGTCON04199;LGTCON04204,reachable,
LGTNET00522,LGTFIT01326,,unclassified_fitting,LGTLT05098,LGTCON04312;LGTCON04111;LGTCON04113;LGTCON04115;LGTCON04117;LGTCON04118;LGTCON04119;LGTCON04292;LGTCON04124;LGTCON04309;LGTCON04307;LGTCON04216;LGTCON04212;LGTCON04199;LGTCON04221;LGTCON04220,reachable,
LGTNET00522,LGTFIT01326,,unclassified_fitting,LGTLT05099,LGTCON04312;LGTCON04111;LGTCON04113;LGTCON04115;LGTCON04117;LGTCON04118;LGTCON04119;LGTCON04292;LGTCON04124;LGTCON04309;LGTCON04307;LGTCON04216;LGTCON04212;LGTCON04199;LGTCON04221;LGTCON04202,reachable,
LGTNET00522,LGTFIT01326,,unclassified_fitting,LGTLT05100,LGTCON04312;LGTCON04111;LGTCON04113;LGTCON04115;LGTCON04117;LGTCON04118;LGTCON04119;LGTCON04292;LGTCON04124;LGTCON04309;LGTCON04307;LGTCON04216;LGTCON04212;LGTCON04199;LGTCON04221;LGTCON04222,reachable,
LGTNET00522,LGTFIT01326,,unclassified_fitting,LGTLT05101,LGTCON04312;LGTCON04111;LGTCON04113;LGTCON04115;LGTCON04117;LGTCON04118;LGTCON04119;LGTCON04292;LGTCON04124;LGTCON04309;LGTCON04307;LGTCON04216;LGTCON04212;LGTCON04199;LGTCON04221;LGTCON04201;LGTCON04237,reachable,
LGTNET00522,LGTFIT01326,,unclassified_fitting,LGTLT05102,,unreachable,
LGTNET00522,LGTFIT01326,,unclassified_fitting,LGTLT05103,LGTCON04312;LGTCON04111;LGTCON04113;LGTCON04115;LGTCON04117;LGTCON04118;LGTCON04119;LGTCON04292;LGTCON04124;LGTCON04309;LGTCON04307;LGTCON04288,reachable,
LGTNET00522,LGTFIT01326,,unclassified_fitting,LGTLT05104,,unreachable,
LGTNET00522,LGTFIT01326,,unclassified_fitting,LGTLT05105,,unreachable,
LGTNET00522,LGTFIT01326,,unclassified_fitting,LGTLT05106,,unreachable,
LGTNET00522,LGTFIT01326,,unclassified_fitting,LGTLT05107,,unreachable,
LGTNET00522,LGTFIT01326,,unclassified_fitting,LGTLT05108,LGTCON04312;LGTCON04111;LGTCON04113;LGTCON04115;LGTCON04117;LGTCON04118;LGTCON04119;LGTCON04292;LGTCON04124;LGTCON04309;LGTCON04307;LGTCON04196,reachable,
LGTNET00522,LGTFIT01326,,unclassified_fitting,LGTLT05109,LGTCON04312;LGTCON04111;LGTCON04113;LGTCON04115;LGTCON04117;LGTCON04118;LGTCON04119;LGTCON04292;LGTCON04124;LGTCON04309;LGTCON04307;LGTCON04213;LGTCON04214,reachable,
LGTNET00522,LGTFIT01326,,unclassified_fitting,LGTLT05110,LGTCON04312;LGTCON04111;LGTCON04113;LGTCON04115;LGTCON04117;LGTCON04118;LGTCON04119;LGTCON04292;LGTCON04124;LGTCON04309;LGTCON04307;LGTCON04216;LGTCON04212;LGTCON04199;LGTCON04221;LGTCON04201;LGTCON04229,reachable,
LGTNET00522,LGTFIT01326,,unclassified_fitting,LGTLT05111,,unreachable,
LGTNET00522,LGTFIT01326,,unclassified_fitting,LGTLT05112,,unreachable,
LGTNET00522,LGTFIT01326,,unclassified_fitting,LGTLT05113,LGTCON04312;LGTCON04111;LGTCON04113;LGTCON04115;LGTCON04117;LGTCON04118;LGTCON04119;LGTCON04300;LGTCON04299;LGTCON04298;LGTCON04296,reachable,
LGTNET00522,LGTFIT01326,,unclassified_fitting,LGTLT05114,LGTCON04312;LGTCON04111;LGTCON04113;LGTCON04115;LGTCON04117;LGTCON04118;LGTCON04119;LGTCON04300;LGTCON04299;LGTCON04295;LGTCON04319,reachable,
LGTNET00522,LGTFIT01326,,unclassified_fitting,LGTLT05115,,unreachable,
LGTNET00522,LGTFIT01326,,unclassified_fitting,LGTLT05116,,unreachable,
LGTNET00522,LGTFIT01326,,unclassified_fitting,LGTLT05148,LGTCON04312;LGTCON04111;LGTCON04113;LGTCON04115;LGTCON04117;LGTCON04118;LGTCON04119;LGTCON04300;LGTCON04299;LGTCON04298;LGTCON04294,reachable,
LGTNET00522,LGTFIT01326,,unclassified_fitting,LGTLT05149,,unreachable,
LGTNET00522,LGTFIT01326,,unclassified_fitting,LGTLT05150,LGTCON04312;LGTCON04111;LGTCON04113;LGTCON04115;LGTCON04117;LGTCON04118;LGTCON04119;LGTCON04292;LGTCON04121,reachable,
LGTNET00522,LGTFIT01326,,unclassified_fitting,LGTLT05151,LGTCON04312;LGTCON04111;LGTCON04113;LGTCON04115;LGTCON04117;LGTCON04118;LGTCON04119;LGTCON04300;LGTCON04126,reachable,
LGTNET00522,LGTFIT01326,,unclassified_fitting,LGTLT05152,LGTCON04312;LGTCON04111;LGTCON04113;LGTCON04115;LGTCON04117;LGTCON04118;LGTCON04119;LGTCON04131,reachable,
LGTNET00522,LGTFIT01326,,unclassified_fitting,LGTLT05153,LGTCON04312;LGTCON04111;LGTCON04113;LGTCON04115;LGTCON04117;LGTCON04118;LGTCON04119;LGTCON04300;LGTCON04299;LGTCON04297,reachable,
LGTNET00522,LGTFIT01326,,unclassified_fitting,LGTLT05154,,unreachable,
LGTNET00522,LGTFIT01326,,unclassified_fitting,LGTLT05155,LGTCON04312;LGTCON04111;LGTCON04113;LGTCON04114,reachable,
LGTNET00522,LGTFIT01326,,unclassified_fitting,LGTLT05156,,unreachable,
LGTNET00522,LGTFIT01326,,unclassified_fitting,LGTLT05157,LGTCON04312;LGTCON04111;LGTCON04112,reachable,
LGTNET00522,LGTFIT01326,,unclassified_fitting,LGTLT05158,,unreachable,
LGTNET00522,LGTFIT01326,,unclassified_fitting,LGTLT05189,LGTCON04312;LGTCON04111;LGTCON04113;LGTCON04115;LGTCON04117;LGTCON04118;LGTCON04119;LGTCON04292;LGTCON04124;LGTCON04309;LGTCON04307;LGTCON04213;LGTCON04215,reachable,
LGTNET00522,LGTFIT01326,,unclassified_fitting,LGTLT05190,,unreachable,
LGTNET00522,LGTFIT01326,,unclassified_fitting,LGTLT05191,LGTCON04312;LGTCON04111;LGTCON04113;LGTCON04115;LGTCON04117;LGTCON04118;LGTCON04119;LGTCON04292;LGTCON04124;LGTCON04309;LGTCON04307;LGTCON04216;LGTCON04195;LGTCON04206,reachable,
LGTNET00522,LGTFIT01326,,unclassified_fitting,LGTLT05192,LGTCON04312;LGTCON04111;LGTCON04113;LGTCON04115;LGTCON04117;LGTCON04118;LGTCON04119;LGTCON04292;LGTCON04124;LGTCON04309;LGTCON04307;LGTCON04216;LGTCON04195,reachable,
LGTNET00522,LGTFIT01326,,unclassified_fitting,LGTLT05193,LGTCON04312;LGTCON04111;LGTCON04113;LGTCON04115;LGTCON04117;LGTCON04118;LGTCON04119;LGTCON04292;LGTCON04124;LGTCON04309;LGTCON04307;LGTCON04216;LGTCON04212;LGTCON04218,reachable,
LGTNET00522,LGTFIT01326,,unclassified_fitting,LGTLT05194,LGTCON04312;LGTCON04111;LGTCON04113;LGTCON04115;LGTCON04117;LGTCON04118;LGTCON04119;LGTCON04292;LGTCON04124;LGTCON04309;LGTCON04307;LGTCON04216;LGTCON04212;LGTCON04194,reachable,
LGTNET00522,LGTFIT01326,,unclassified_fitting,LGTLT05195,,unreachable,
LGTNET00522,LGTFIT01326,,unclassified_fitting,LGTLT05196,LGTCON04312;LGTCON04111;LGTCON04113;LGTCON04115;LGTCON04117;LGTCON04118;LGTCON04119;LGTCON04292;LGTCON04124;LGTCON04309;LGTCON04307;LGTCON04216;LGTCON04212;LGTCON04194;LGTCON04193,reachable,
LGTNET00522,LGTFIT01326,,unclassified_fitting,LGTLT05197,LGTCON04312;LGTCON04111;LGTCON04113;LGTCON04115;LGTCON04117;LGTCON04118;LGTCON04119;LGTCON04292;LGTCON04124;LGTCON04309;LGTCON04307;LGTCON04216;LGTCON04212;LGTCON04194;LGTCON04193;LGTCON04203,reachable,
LGTNET00522,LGTFIT01326,,unclassified_fitting,LGTLT05198,,unreachable,
LGTNET00522,LGTFIT01326,,unclassified_fitting,LGTLT05199,LGTCON04312;LGTCON04111;LGTCON04113;LGTCON04115;LGTCON04117;LGTCON04118;LGTCON04119;LGTCON04292;LGTCON04124;LGTCON04309;LGTCON04307;LGTCON04216;LGTCON04212;LGTCON04199;LGTCON04197;LGTCON04191,reachable,
LGTNET00522,LGTFIT01326,,unclassified_fitting,LGTLT05200,,unreachable,
LGTNET00522,LGTFIT01326,,unclassified_fitting,LGTLT05201,LGTCON04312;LGTCON04111;LGTCON04113;LGTCON04115;LGTCON04117;LGTCON04118;LGTCON04119;LGTCON04292;LGTCON04124;LGTCON04309;LGTCON04307;LGTCON04216;LGTCON04212;LGTCON04199;LGTCON04197,reachable,
LGTNET00522,LGTFIT01326,,unclassified_fitting,LGTLT05202,,unreachable,
LGTNET00522,LGTFIT01326,,unclassified_fitting,LGTLT05219,,unreachable,
LGTNET00522,LGTFIT01326,,unclassified_fitting,LGTLT05220,,unreachable,
LGTNET00522,LGTFIT01329,,unclassified_fitting,LGTLT05097,,unreachable,
LGTNET00522,LGTFIT01329,,unclassified_fitting,LGTLT05098,,unreachable,
LGTNET00522,LGTFIT01329,,unclassified_fitting,LGTLT05099,,unreachable,
LGTNET00522,LGTFIT01329,,unclassified_fitting,LGTLT05100,,unreachable,
LGTNET00522,LGTFIT01329,,unclassified_fitting,LGTLT05101,,unreachable,
LGTNET00522,LGTFIT01329,,unclassified_fitting,LGTLT05102,,unreachable,
LGTNET00522,LGTFIT01329,,unclassified_fitting,LGTLT05103,,unreachable,
LGTNET00522,LGTFIT01329,,unclassified_fitting,LGTLT05104,,unreachable,
LGTNET00522,LGTFIT01329,,unclassified_fitting,LGTLT05105,LGTCON04290,reachable,
LGTNET00522,LGTFIT01329,,unclassified_fitting,LGTLT05106,LGTCON04289,reachable,
LGTNET00522,LGTFIT01329,,unclassified_fitting,LGTLT05107,,unreachable,
LGTNET00522,LGTFIT01329,,unclassified_fitting,LGTLT05108,,unreachable,
LGTNET00522,LGTFIT01329,,unclassified_fitting,LGTLT05109,,unreachable,
LGTNET00522,LGTFIT01329,,unclassified_fitting,LGTLT05110,,unreachable,
LGTNET00522,LGTFIT01329,,unclassified_fitting,LGTLT05111,,unreachable,
LGTNET00522,LGTFIT01329,,unclassified_fitting,LGTLT05112,,unreachable,
LGTNET00522,LGTFIT01329,,unclassified_fitting,LGTLT05113,,unreachable,
LGTNET00522,LGTFIT01329,,unclassified_fitting,LGTLT05114,,unreachable,
LGTNET00522,LGTFIT01329,,unclassified_fitting,LGTLT05115,,unreachable,
LGTNET00522,LGTFIT01329,,unclassified_fitting,LGTLT05116,,unreachable,
LGTNET00522,LGTFIT01329,,unclassified_fitting,LGTLT05148,,unreachable,
LGTNET00522,LGTFIT01329,,unclassified_fitting,LGTLT05149,,unreachable,
LGTNET00522,LGTFIT01329,,unclassified_fitting,LGTLT05150,,unreachable,
LGTNET00522,LGTFIT01329,,unclassified_fitting,LGTLT05151,,unreachable,
LGTNET00522,LGTFIT01329,,unclassified_fitting,LGTLT05152,,unreachable,
LGTNET00522,LGTFIT01329,,unclassified_fitting,LGTLT05153,,unreachable,
LGTNET00522,LGTFIT01329,,unclassified_fitting,LGTLT05154,,unreachable,
LGTNET00522,LGTFIT01329,,unclassified_fitting,LGTLT05155,,unreachable,
LGTNET00522,LGTFIT01329,,unclassified_fitting,LGTLT05156,,unreachable,
LGTNET00522,LGTFIT01329,,unclassified_fitting,LGTLT05157,,unreachable,
LGTNET00522,LGTFIT01329,,unclassified_fitting,LGTLT05158,,unreachable,
LGTNET00522,LGTFIT01329,,unclassified_fitting,LGTLT05189,,unreachable,
LGTNET00522,LGTFIT01329,,unclassified_fitting,LGTLT05190,,unreachable,
LGTNET00522,LGTFIT01329,,unclassified_fitting,LGTLT05191,,unreachable,
LGTNET00522,LGTFIT01329,,unclassified_fitting,LGTLT05192,,unreachable,
LGTNET00522,LGTFIT01329,,unclassified_fitting,LGTLT05193,,unreachable,
LGTNET00522,LGTFIT01329,,unclassified_fitting,LGTLT05194,,unreachable,
LGTNET00522,LGTFIT01329,,unclassified_fitting,LGTLT05195,,unreachable,
LGTNET00522,LGTFIT01329,,unclassified_fitting,LGTLT05196,,unreachable,
LGTNET00522,LGTFIT01329,,unclassified_fitting,LGTLT05197,,unreachable,
LGTNET00522,LGTFIT01329,,unclassified_fitting,LGTLT05198,,unreachable,
LGTNET00522,LGTFIT01329,,unclassified_fitting,LGTLT05199,,unreachable,
LGTNET00522,LGTFIT01329,,unclassified_fitting,LGTLT05200,,unreachable,
LGTNET00522,LGTFIT01329,,unclassified_fitting,LGTLT05201,,unreachable,
LGTNET00522,LGTFIT01329,,unclassified_fitting,LGTLT05202,,unreachable,
LGTNET00522,LGTFIT01329,,unclassified_fitting,LGTLT05219,,unreachable,
LGTNET00522,LGTFIT01329,,unclassified_fitting,LGTLT05220,LGTCON04308,reachable,
LGTNET00522,LGTFIT01334,,unclassified_fitting,LGTLT05097,LGTCON04219,reachable,
LGTNET00522,LGTFIT01334,,unclassified_fitting,LGTLT05098,LGTCON04220,reachable,
LGTNET00522,LGTFIT01334,,unclassified_fitting,LGTLT05099,LGTCON04202,reachable,
LGTNET00522,LGTFIT01334,,unclassified_fitting,LGTLT05100,LGTCON04222,reachable,
LGTNET00522,LGTFIT01334,,unclassified_fitting,LGTLT05101,LGTCON04201;LGTCON04237,reachable,
LGTNET00522,LGTFIT01334,,unclassified_fitting,LGTLT05102,,unreachable,
LGTNET00522,LGTFIT01334,,unclassified_fitting,LGTLT05103,LGTCON04221;LGTCON04199;LGTCON04212;LGTCON04216;LGTCON04288,reachable,
LGTNET00522,LGTFIT01334,,unclassified_fitting,LGTLT05104,,unreachable,
LGTNET00522,LGTFIT01334,,unclassified_fitting,LGTLT05105,,unreachable,
LGTNET00522,LGTFIT01334,,unclassified_fitting,LGTLT05106,,unreachable,
LGTNET00522,LGTFIT01334,,unclassified_fitting,LGTLT05107,,unreachable,
LGTNET00522,LGTFIT01334,,unclassified_fitting,LGTLT05108,LGTCON04221;LGTCON04199;LGTCON04212;LGTCON04216;LGTCON04196,reachable,
LGTNET00522,LGTFIT01334,,unclassified_fitting,LGTLT05109,LGTCON04221;LGTCON04199;LGTCON04212;LGTCON04216;LGTCON04213;LGTCON04214,reachable,
LGTNET00522,LGTFIT01334,,unclassified_fitting,LGTLT05110,LGTCON04201;LGTCON04229,reachable,
LGTNET00522,LGTFIT01334,,unclassified_fitting,LGTLT05111,,unreachable,
LGTNET00522,LGTFIT01334,,unclassified_fitting,LGTLT05112,,unreachable,
LGTNET00522,LGTFIT01334,,unclassified_fitting,LGTLT05113,LGTCON04221;LGTCON04199;LGTCON04212;LGTCON04216;LGTCON04307;LGTCON04309;LGTCON04124;LGTCON04292;LGTCON04300;LGTCON04299;LGTCON04298;LGTCON04296,reachable,
LGTNET00522,LGTFIT01334,,unclassified_fitting,LGTLT05114,LGTCON04221;LGTCON04199;LGTCON04212;LGTCON04216;LGTCON04307;LGTCON04309;LGTCON04124;LGTCON04292;LGTCON04300;LGTCON04299;LGTCON04295;LGTCON04319,reachable,
LGTNET00522,LGTFIT01334,,unclassified_fitting,LGTLT05115,,unreachable,
LGTNET00522,LGTFIT01334,,unclassified_fitting,LGTLT05116,,unreachable,
LGTNET00522,LGTFIT01334,,unclassified_fitting,LGTLT05148,LGTCON04221;LGTCON04199;LGTCON04212;LGTCON04216;LGTCON04307;LGTCON04309;LGTCON04124;LGTCON04292;LGTCON04300;LGTCON04299;LGTCON04298;LGTCON04294,reachable,
LGTNET00522,LGTFIT01334,,unclassified_fitting,LGTLT05149,,unreachable,
LGTNET00522,LGTFIT01334,,unclassified_fitting,LGTLT05150,LGTCON04221;LGTCON04199;LGTCON04212;LGTCON04216;LGTCON04307;LGTCON04309;LGTCON04124;LGTCON04121,reachable,
LGTNET00522,LGTFIT01334,,unclassified_fitting,LGTLT05151,LGTCON04221;LGTCON04199;LGTCON04212;LGTCON04216;LGTCON04307;LGTCON04309;LGTCON04124;LGTCON04292;LGTCON04300;LGTCON04126,reachable,
LGTNET00522,LGTFIT01334,,unclassified_fitting,LGTLT05152,LGTCON04221;LGTCON04199;LGTCON04212;LGTCON04216;LGTCON04307;LGTCON04309;LGTCON04124;LGTCON04292;LGTCON04131,reachable,
LGTNET00522,LGTFIT01334,,unclassified_fitting,LGTLT05153,LGTCON04221;LGTCON04199;LGTCON04212;LGTCON04216;LGTCON04307;LGTCON04309;LGTCON04124;LGTCON04292;LGTCON04300;LGTCON04299;LGTCON04297,reachable,
LGTNET00522,LGTFIT01334,,unclassified_fitting,LGTLT05154,,unreachable,
LGTNET00522,LGTFIT01334,,unclassified_fitting,LGTLT05155,LGTCON04221;LGTCON04199;LGTCON04212;LGTCON04216;LGTCON04307;LGTCON04309;LGTCON04124;LGTCON04292;LGTCON04119;LGTCON04118;LGTCON04117;LGTCON04115;LGTCON04114,reachable,
LGTNET00522,LGTFIT01334,,unclassified_fitting,LGTLT05156,,unreachable,
LGTNET00522,LGTFIT01334,,unclassified_fitting,LGTLT05157,LGTCON04221;LGTCON04199;LGTCON04212;LGTCON04216;LGTCON04307;LGTCON04309;LGTCON04124;LGTCON04292;LGTCON04119;LGTCON04118;LGTCON04117;LGTCON04115;LGTCON04113;LGTCON04112,reachable,
LGTNET00522,LGTFIT01334,,unclassified_fitting,LGTLT05158,,unreachable,
LGTNET00522,LGTFIT01334,,unclassified_fitting,LGTLT05189,LGTCON04221;LGTCON04199;LGTCON04212;LGTCON04216;LGTCON04213;LGTCON04215,reachable,
LGTNET00522,LGTFIT01334,,unclassified_fitting,LGTLT05190,,unreachable,
LGTNET00522,LGTFIT01334,,unclassified_fitting,LGTLT05191,LGTCON04221;LGTCON04199;LGTCON04212;LGTCON04195;LGTCON04206,reachable,
LGTNET00522,LGTFIT01334,,unclassified_fitting,LGTLT05192,LGTCON04221;LGTCON04199;LGTCON04212;LGTCON04195,reachable,
LGTNET00522,LGTFIT01334,,unclassified_fitting,LGTLT05193,LGTCON04221;LGTCON04199;LGTCON04218,reachable,
LGTNET00522,LGTFIT01334,,unclassified_fitting,LGTLT05194,LGTCON04221;LGTCON04199;LGTCON04194,reachable,
LGTNET00522,LGTFIT01334,,unclassified_fitting,LGTLT05195,,unreachable,
LGTNET00522,LGTFIT01334,,unclassified_fitting,LGTLT05196,LGTCON04221;LGTCON04199;LGTCON04194;LGTCON04193,reachable,
LGTNET00522,LGTFIT01334,,unclassified_fitting,LGTLT05197,LGTCON04221;LGTCON04197;LGTCON04191;LGTCON04192,reachable,
LGTNET00522,LGTFIT01334,,unclassified_fitting,LGTLT05198,,unreachable,
LGTNET00522,LGTFIT01334,,unclassified_fitting,LGTLT05199,LGTCON04221;LGTCON04197;LGTCON04191,reachable,
LGTNET00522,LGTFIT01334,,unclassified_fitting,LGTLT05200,,unreachable,
LGTNET00522,LGTFIT01334,,unclassified_fitting,LGTLT05201,LGTCON04221;LGTCON04197,reachable,
LGTNET00522,LGTFIT01334,,unclassified_fitting,LGTLT05202,,unreachable,
LGTNET00522,LGTFIT01334,,unclassified_fitting,LGTLT05219,,unreachable,
LGTNET00522,LGTFIT01334,,unclassified_fitting,LGTLT05220,,unreachable,
LGTNET00522,LGTFIT01335,,unclassified_fitting,LGTLT05097,,unreachable,
LGTNET00522,LGTFIT01335,,unclassified_fitting,LGTLT05098,,unreachable,
LGTNET00522,LGTFIT01335,,unclassified_fitting,LGTLT05099,,unreachable,
LGTNET00522,LGTFIT01335,,unclassified_fitting,LGTLT05100,,unreachable,
LGTNET00522,LGTFIT01335,,unclassified_fitting,LGTLT05101,,unreachable,
LGTNET00522,LGTFIT01335,,unclassified_fitting,LGTLT05102,,unreachable,
LGTNET00522,LGTFIT01335,,unclassified_fitting,LGTLT05103,,unreachable,
LGTNET00522,LGTFIT01335,,unclassified_fitting,LGTLT05104,,unreachable,
LGTNET00522,LGTFIT01335,,unclassified_fitting,LGTLT05105,,unreachable,
LGTNET00522,LGTFIT01335,,unclassified_fitting,LGTLT05106,,unreachable,
LGTNET00522,LGTFIT01335,,unclassified_fitting,LGTLT05107,,unreachable,
LGTNET00522,LGTFIT01335,,unclassified_fitting,LGTLT05108,,unreachable,
LGTNET00522,LGTFIT01335,,unclassified_fitting,LGTLT05109,,unreachable,
LGTNET00522,LGTFIT01335,,unclassified_fitting,LGTLT05110,,unreachable,
LGTNET00522,LGTFIT01335,,unclassified_fitting,LGTLT05111,,unreachable,
LGTNET00522,LGTFIT01335,,unclassified_fitting,LGTLT05112,,unreachable,
LGTNET00522,LGTFIT01335,,unclassified_fitting,LGTLT05113,,unreachable,
LGTNET00522,LGTFIT01335,,unclassified_fitting,LGTLT05114,,unreachable,
LGTNET00522,LGTFIT01335,,unclassified_fitting,LGTLT05115,,unreachable,
LGTNET00522,LGTFIT01335,,unclassified_fitting,LGTLT05116,,unreachable,
LGTNET00522,LGTFIT01335,,unclassified_fitting,LGTLT05148,,unreachable,
LGTNET00522,LGTFIT01335,,unclassified_fitting,LGTLT05149,,unreachable,
LGTNET00522,LGTFIT01335,,unclassified_fitting,LGTLT05150,,unreachable,
LGTNET00522,LGTFIT01335,,unclassified_fitting,LGTLT05151,,unreachable,
LGTNET00522,LGTFIT01335,,unclassified_fitting,LGTLT05152,,unreachable,
LGTNET00522,LGTFIT01335,,unclassified_fitting,LGTLT05153,,unreachable,
LGTNET00522,LGTFIT01335,,unclassified_fitting,LGTLT05154,,unreachable,
LGTNET00522,LGTFIT01335,,unclassified_fitting,LGTLT05155,,unreachable,
LGTNET00522,LGTFIT01335,,unclassified_fitting,LGTLT05156,,unreachable,
LGTNET00522,LGTFIT01335,,unclassified_fitting,LGTLT05157,,unreachable,
LGTNET00522,LGTFIT01335,,unclassified_fitting,LGTLT05158,,unreachable,
LGTNET00522,LGTFIT01335,,unclassified_fitting,LGTLT05189,,unreachable,
LGTNET00522,LGTFIT01335,,unclassified_fitting,LGTLT05190,,unreachable,
LGTNET00522,LGTFIT01335,,unclassified_fitting,LGTLT05191,,unreachable,
LGTNET00522,LGTFIT01335,,unclassified_fitting,LGTLT05192,,unreachable,
LGTNET00522,LGTFIT01335,,unclassified_fitting,LGTLT05193,,unreachable,
LGTNET00522,LGTFIT01335,,unclassified_fitting,LGTLT05194,,unreachable,
LGTNET00522,LGTFIT01335,,unclassified_fitting,LGTLT05195,LGTCON04208;LGTCON04209;LGTCON04210;LGTCON04207,reachable,
LGTNET00522,LGTFIT01335,,unclassified_fitting,LGTLT05196,,unreachable,
LGTNET00522,LGTFIT01335,,unclassified_fitting,LGTLT05197,,unreachable,
LGTNET00522,LGTFIT01335,,unclassified_fitting,LGTLT05198,LGTCON04208;LGTCON04209;LGTCON04210,reachable,
LGTNET00522,LGTFIT01335,,unclassified_fitting,LGTLT05199,,unreachable,
LGTNET00522,LGTFIT01335,,unclassified_fitting,LGTLT05200,LGTCON04208;LGTCON04209,reachable,
LGTNET00522,LGTFIT01335,,unclassified_fitting,LGTLT05201,,unreachable,
LGTNET00522,LGTFIT01335,,unclassified_fitting,LGTLT05202,LGTCON04208,reachable,
LGTNET00522,LGTFIT01335,,unclassified_fitting,LGTLT05219,,unreachable,
LGTNET00522,LGTFIT01335,,unclassified_fitting,LGTLT05220,,unreachable,
LGTNET00522,LGTFIT01365,,unclassified_fitting,LGTLT05097,LGTCON04204,reachable,
LGTNET00522,LGTFIT01365,,unclassified_fitting,LGTLT05098,LGTCON04221;LGTCON04220,reachable,
LGTNET00522,LGTFIT01365,,unclassified_fitting,LGTLT05099,LGTCON04221;LGTCON04202,reachable,
LGTNET00522,LGTFIT01365,,unclassified_fitting,LGTLT05100,LGTCON04221;LGTCON04222,reachable,
LGTNET00522,LGTFIT01365,,unclassified_fitting,LGTLT05101,LGTCON04221;LGTCON04201;LGTCON04237,reachable,
LGTNET00522,LGTFIT01365,,unclassified_fitting,LGTLT05102,,unreachable,
LGTNET00522,LGTFIT01365,,unclassified_fitting,LGTLT05103,LGTCON04199;LGTCON04212;LGTCON04216;LGTCON04288,reachable,
LGTNET00522,LGTFIT01365,,unclassified_fitting,LGTLT05104,,unreachable,
LGTNET00522,LGTFIT01365,,unclassified_fitting,LGTLT05105,,unreachable,
LGTNET00522,LGTFIT01365,,unclassified_fitting,LGTLT05106,,unreachable,
LGTNET00522,LGTFIT01365,,unclassified_fitting,LGTLT05107,,unreachable,
LGTNET00522,LGTFIT01365,,unclassified_fitting,LGTLT05108,LGTCON04199;LGTCON04212;LGTCON04216;LGTCON04196,reachable,
LGTNET00522,LGTFIT01365,,unclassified_fitting,LGTLT05109,LGTCON04199;LGTCON04212;LGTCON04216;LGTCON04213;LGTCON04214,reachable,
LGTNET00522,LGTFIT01365,,unclassified_fitting,LGTLT05110,LGTCON04221;LGTCON04201;LGTCON04229,reachable,
LGTNET00522,LGTFIT01365,,unclassified_fitting,LGTLT05111,,unreachable,
LGTNET00522,LGTFIT01365,,unclassified_fitting,LGTLT05112,,unreachable,
LGTNET00522,LGTFIT01365,,unclassified_fitting,LGTLT05113,LGTCON04199;LGTCON04212;LGTCON04216;LGTCON04307;LGTCON04309;LGTCON04124;LGTCON04292;LGTCON04300;LGTCON04299;LGTCON04298;LGTCON04296,reachable,
LGTNET00522,LGTFIT01365,,unclassified_fitting,LGTLT05114,LGTCON04199;LGTCON04212;LGTCON04216;LGTCON04307;LGTCON04309;LGTCON04124;LGTCON04292;LGTCON04300;LGTCON04299;LGTCON04295;LGTCON04319,reachable,
LGTNET00522,LGTFIT01365,,unclassified_fitting,LGTLT05115,,unreachable,
LGTNET00522,LGTFIT01365,,unclassified_fitting,LGTLT05116,,unreachable,
LGTNET00522,LGTFIT01365,,unclassified_fitting,LGTLT05148,LGTCON04199;LGTCON04212;LGTCON04216;LGTCON04307;LGTCON04309;LGTCON04124;LGTCON04292;LGTCON04300;LGTCON04299;LGTCON04298;LGTCON04294,reachable,
LGTNET00522,LGTFIT01365,,unclassified_fitting,LGTLT05149,,unreachable,
LGTNET00522,LGTFIT01365,,unclassified_fitting,LGTLT05150,LGTCON04199;LGTCON04212;LGTCON04216;LGTCON04307;LGTCON04309;LGTCON04124;LGTCON04121,reachable,
LGTNET00522,LGTFIT01365,,unclassified_fitting,LGTLT05151,LGTCON04199;LGTCON04212;LGTCON04216;LGTCON04307;LGTCON04309;LGTCON04124;LGTCON04292;LGTCON04300;LGTCON04126,reachable,
LGTNET00522,LGTFIT01365,,unclassified_fitting,LGTLT05152,LGTCON04199;LGTCON04212;LGTCON04216;LGTCON04307;LGTCON04309;LGTCON04124;LGTCON04292;LGTCON04131,reachable,
LGTNET00522,LGTFIT01365,,unclassified_fitting,LGTLT05153,LGTCON04199;LGTCON04212;LGTCON04216;LGTCON04307;LGTCON04309;LGTCON04124;LGTCON04292;LGTCON04300;LGTCON04299;LGTCON04297,reachable,
LGTNET00522,LGTFIT01365,,unclassified_fitting,LGTLT05154,,unreachable,
LGTNET00522,LGTFIT01365,,unclassified_fitting,LGTLT05155,LGTCON04199;LGTCON04212;LGTCON04216;LGTCON04307;LGTCON04309;LGTCON04124;LGTCON04292;LGTCON04119;LGTCON04118;LGTCON04117;LGTCON04115;LGTCON04114,reachable,
LGTNET00522,LGTFIT01365,,unclassified_fitting,LGTLT05156,,unreachable,
LGTNET00522,LGTFIT01365,,unclassified_fitting,LGTLT05157,LGTCON04199;LGTCON04212;LGTCON04216;LGTCON04307;LGTCON04309;LGTCON04124;LGTCON04292;LGTCON04119;LGTCON04118;LGTCON04117;LGTCON04115;LGTCON04113;LGTCON04112,reachable,
LGTNET00522,LGTFIT01365,,unclassified_fitting,LGTLT05158,,unreachable,
LGTNET00522,LGTFIT01365,,unclassified_fitting,LGTLT05189,LGTCON04199;LGTCON04212;LGTCON04216;LGTCON04213;LGTCON04215,reachable,
LGTNET00522,LGTFIT01365,,unclassified_fitting,LGTLT05190,,unreachable,
LGTNET00522,LGTFIT01365,,unclassified_fitting,LGTLT05191,LGTCON04199;LGTCON04212;LGTCON04195;LGTCON04206,reachable,
LGTNET00522,LGTFIT01365,,unclassified_fitting,LGTLT05192,LGTCON04199;LGTCON04212;LGTCON04195,reachable,
LGTNET00522,LGTFIT01365,,unclassified_fitting,LGTLT05193,LGTCON04199;LGTCON04218,reachable,
LGTNET00522,LGTFIT01365,,unclassified_fitting,LGTLT05194,LGTCON04199;LGTCON04194,reachable,
LGTNET00522,LGTFIT01365,,unclassified_fitting,LGTLT05195,,unreachable,
LGTNET00522,LGTFIT01365,,unclassified_fitting,LGTLT05196,LGTCON04199;LGTCON04194;LGTCON04193,reachable,
LGTNET00522,LGTFIT01365,,unclassified_fitting,LGTLT05197,LGTCON04197;LGTCON04191;LGTCON04192,reachable,
LGTNET00522,LGTFIT01365,,unclassified_fitting,LGTLT05198,,unreachable,
LGTNET00522,LGTFIT01365,,unclassified_fitting,LGTLT05199,LGTCON04197;LGTCON04191,reachable,
LGTNET00522,LGTFIT01365,,unclassified_fitting,LGTLT05200,,unreachable,
LGTNET00522,LGTFIT01365,,unclassified_fitting,LGTLT05201,LGTCON04197,reachable,
LGTNET00522,LGTFIT01365,,unclassified_fitting,LGTLT05202,,unreachable,
LGTNET00522,LGTFIT01365,,unclassified_fitting,LGTLT05219,,unreachable,
LGTNET00522,LGTFIT01365,,unclassified_fitting,LGTLT05220,,unreachable,
LGTNET00522,LGTFIT01403,,unclassified_fitting,LGTLT05097,,unreachable,
LGTNET00522,LGTFIT01403,,unclassified_fitting,LGTLT05098,,unreachable,
LGTNET00522,LGTFIT01403,,unclassified_fitting,LGTLT05099,,unreachable,
LGTNET00522,LGTFIT01403,,unclassified_fitting,LGTLT05100,,unreachable,
LGTNET00522,LGTFIT01403,,unclassified_fitting,LGTLT05101,,unreachable,
LGTNET00522,LGTFIT01403,,unclassified_fitting,LGTLT05102,,unreachable,
LGTNET00522,LGTFIT01403,,unclassified_fitting,LGTLT05103,,unreachable,
LGTNET00522,LGTFIT01403,,unclassified_fitting,LGTLT05104,LGTCON04310;LGTCON04306,reachable,
LGTNET00522,LGTFIT01403,,unclassified_fitting,LGTLT05105,,unreachable,
LGTNET00522,LGTFIT01403,,unclassified_fitting,LGTLT05106,,unreachable,
LGTNET00522,LGTFIT01403,,unclassified_fitting,LGTLT05107,,unreachable,
LGTNET00522,LGTFIT01403,,unclassified_fitting,LGTLT05108,,unreachable,
LGTNET00522,LGTFIT01403,,unclassified_fitting,LGTLT05109,,unreachable,
LGTNET00522,LGTFIT01403,,unclassified_fitting,LGTLT05110,,unreachable,
LGTNET00522,LGTFIT01403,,unclassified_fitting,LGTLT05111,,unreachable,
LGTNET00522,LGTFIT01403,,unclassified_fitting,LGTLT05112,,unreachable,
LGTNET00522,LGTFIT01403,,unclassified_fitting,LGTLT05113,,unreachable,
LGTNET00522,LGTFIT01403,,unclassified_fitting,LGTLT05114,,unreachable,
LGTNET00522,LGTFIT01403,,unclassified_fitting,LGTLT05115,LGTCON04291,reachable,
LGTNET00522,LGTFIT01403,,unclassified_fitting,LGTLT05116,,unreachable,
LGTNET00522,LGTFIT01403,,unclassified_fitting,LGTLT05148,,unreachable,
LGTNET00522,LGTFIT01403,,unclassified_fitting,LGTLT05149,LGTCON04311;LGTCON04123;LGTCON04125;LGTCON04127,reachable,
LGTNET00522,LGTFIT01403,,unclassified_fitting,LGTLT05150,,unreachable,
LGTNET00522,LGTFIT01403,,unclassified_fitting,LGTLT05151,,unreachable,
LGTNET00522,LGTFIT01403,,unclassified_fitting,LGTLT05152,,unreachable,
LGTNET00522,LGTFIT01403,,unclassified_fitting,LGTLT05153,,unreachable,
LGTNET00522,LGTFIT01403,,unclassified_fitting,LGTLT05154,LGTCON04311;LGTCON04123;LGTCON04122,reachable,
LGTNET00522,LGTFIT01403,,unclassified_fitting,LGTLT05155,,unreachable,
LGTNET00522,LGTFIT01403,,unclassified_fitting,LGTLT05156,,unreachable,
LGTNET00522,LGTFIT01403,,unclassified_fitting,LGTLT05157,,unreachable,
LGTNET00522,LGTFIT01403,,unclassified_fitting,LGTLT05158,,unreachable,
LGTNET00522,LGTFIT01403,,unclassified_fitting,LGTLT05189,,unreachable,
LGTNET00522,LGTFIT01403,,unclassified_fitting,LGTLT05190,,unreachable,
LGTNET00522,LGTFIT01403,,unclassified_fitting,LGTLT05191,,unreachable,
LGTNET00522,LGTFIT01403,,unclassified_fitting,LGTLT05192,,unreachable,
LGTNET00522,LGTFIT01403,,unclassified_fitting,LGTLT05193,,unreachable,
LGTNET00522,LGTFIT01403,,unclassified_fitting,LGTLT05194,,unreachable,
LGTNET00522,LGTFIT01403,,unclassified_fitting,LGTLT05195,,unreachable,
LGTNET00522,LGTFIT01403,,unclassified_fitting,LGTLT05196,,unreachable,
LGTNET00522,LGTFIT01403,,unclassified_fitting,LGTLT05197,,unreachable,
LGTNET00522,LGTFIT01403,,unclassified_fitting,LGTLT05198,,unreachable,
LGTNET00522,LGTFIT01403,,unclassified_fitting,LGTLT05199,,unreachable,
LGTNET00522,LGTFIT01403,,unclassified_fitting,LGTLT05200,,unreachable,
LGTNET00522,LGTFIT01403,,unclassified_fitting,LGTLT05201,,unreachable,
LGTNET00522,LGTFIT01403,,unclassified_fitting,LGTLT05202,,unreachable,
LGTNET00522,LGTFIT01403,,unclassified_fitting,LGTLT05219,,unreachable,
LGTNET00522,LGTFIT01403,,unclassified_fitting,LGTLT05220,,unreachable,
LGTNET00523,LGTFIT01370,,unclassified_fitting,LGTLT05176,LGTCON04179,reachable,
LGTNET00523,LGTFIT01370,,unclassified_fitting,LGTLT05177,LGTCON04179;LGTCON04178,reachable,
LGTNET00523,LGTFIT01370,,unclassified_fitting,LGTLT05178,LGTCON04179;LGTCON04178;LGTCON04180,reachable,
LGTNET00523,LGTFIT01370,,unclassified_fitting,LGTLT05179,LGTCON04179;LGTCON04178;LGTCON04180;LGTCON04181,reachable,
LGTNET00523,LGTFIT01370,,unclassified_fitting,LGTLT05186,,unreachable,
LGTNET00523,LGTFIT01371,,unclassified_fitting,LGTLT05176,LGTCON04182;LGTCON04181;LGTCON04180;LGTCON04178,reachable,
LGTNET00523,LGTFIT01371,,unclassified_fitting,LGTLT05177,LGTCON04182;LGTCON04181;LGTCON04180,reachable,
LGTNET00523,LGTFIT01371,,unclassified_fitting,LGTLT05178,LGTCON04182;LGTCON04181,reachable,
LGTNET00523,LGTFIT01371,,unclassified_fitting,LGTLT05179,LGTCON04182,reachable,
LGTNET00523,LGTFIT01371,,unclassified_fitting,LGTLT05186,,unreachable,
LGTNET00524,LGTFIT01373,,unclassified_fitting,LGTLT00945,LGTCON04187;LGTCON04188;LGTCON04189,reachable,
LGTNET00524,LGTFIT01373,,unclassified_fitting,LGTLT05181,LGTCON04187;LGTCON04188;LGTCON04189;LGTCON04185;LGTCON04184,reachable,
LGTNET00524,LGTFIT01373,,unclassified_fitting,LGTLT05182,LGTCON04187;LGTCON04188;LGTCON04189;LGTCON04185,reachable,
LGTNET00524,LGTFIT01373,,unclassified_fitting,LGTLT05183,LGTCON04187,reachable,
LGTNET00524,LGTFIT01373,,unclassified_fitting,LGTLT05184,LGTCON04187;LGTCON04188,reachable,
LGTNET00524,LGTFIT01373,,unclassified_fitting,LGTLT05185,LGTCON04186,reachable,
LGTNET00525,LGTFIT01375,,unclassified_fitting,LGTLT05137,LGTCON04174;LGTCON04145;LGTCON04139;LGTCON04138;LGTCON04141;LGTCON04134;LGTCON04244;LGTCON04245;LGTCON04167;LGTCON04165;LGTCON04166;LGTCON04154;LGTCON04161;LGTCON04163;LGTCON04164;LGTCON04247,reachable,
LGTNET00525,LGTFIT01375,,unclassified_fitting,LGTLT05138,LGTCON04174;LGTCON04145;LGTCON04139;LGTCON04138;LGTCON04141;LGTCON04134;LGTCON04244;LGTCON04243,reachable,
LGTNET00525,LGTFIT01375,,unclassified_fitting,LGTLT05139,,unreachable,
LGTNET00525,LGTFIT01375,,unclassified_fitting,LGTLT05140,,unreachable,
LGTNET00525,LGTFIT01375,,unclassified_fitting,LGTLT05141,LGTCON04174;LGTCON04145;LGTCON04139,reachable,
LGTNET00525,LGTFIT01375,,unclassified_fitting,LGTLT05142,,unreachable,
LGTNET00525,LGTFIT01375,,unclassified_fitting,LGTLT05143,LGTCON04174;LGTCON04145;LGTCON04139;LGTCON04138;LGTCON04141;LGTCON04134;LGTCON04244;LGTCON04245;LGTCON04167;LGTCON04165;LGTCON04166;LGTCON04154;LGTCON04161;LGTCON04163;LGTCON04164;LGTCON04246;LGTCON04147;LGTCON04146;LGTCON04144;LGTCON04143,reachable,
LGTNET00525,LGTFIT01375,,unclassified_fitting,LGTLT05144,LGTCON04174;LGTCON04145;LGTCON04139;LGTCON04138;LGTCON04141;LGTCON04134;LGTCON04244;LGTCON04245;LGTCON04167;LGTCON04165;LGTCON04166;LGTCON04154;LGTCON04161;LGTCON04163;LGTCON04164;LGTCON04246;LGTCON04147;LGTCON04148,reachable,
LGTNET00525,LGTFIT01375,,unclassified_fitting,LGTLT05145,LGTCON04174;LGTCON04145;LGTCON04139;LGTCON04138;LGTCON04141;LGTCON04134;LGTCON04244;LGTCON04245;LGTCON04167;LGTCON04165;LGTCON04166;LGTCON04154;LGTCON04161;LGTCON04163;LGTCON04164;LGTCON04246;LGTCON04242,reachable,
LGTNET00525,LGTFIT01375,,unclassified_fitting,LGTLT05146,LGTCON04174;LGTCON04145;LGTCON04139;LGTCON04138;LGTCON04141;LGTCON04134;LGTCON04132,reachable,
LGTNET00525,LGTFIT01375,,unclassified_fitting,LGTLT05147,LGTCON04174;LGTCON04145,reachable,
LGTNET00525,LGTFIT01375,,unclassified_fitting,LGTLT05159,LGTCON04174;LGTCON04145;LGTCON04139;LGTCON04138;LGTCON04141;LGTCON04134;LGTCON04244;LGTCON04245,reachable,
LGTNET00525,LGTFIT01375,,unclassified_fitting,LGTLT05160,LGTCON04174;LGTCON04145;LGTCON04139;LGTCON04138;LGTCON04141;LGTCON04134;LGTCON04244;LGTCON04245;LGTCON04167;LGTCON04165;LGTCON04166;LGTCON04154;LGTCON04161;LGTCON04163;LGTCON04162,reachable,
LGTNET00525,LGTFIT01375,,unclassified_fitting,LGTLT05161,LGTCON04174;LGTCON04145;LGTCON04139;LGTCON04138;LGTCON04141;LGTCON04134;LGTCON04244;LGTCON04245;LGTCON04167;LGTCON04165;LGTCON04166;LGTCON04154;LGTCON04161,reachable,
LGTNET00525,LGTFIT01375,,unclassified_fitting,LGTLT05162,LGTCON04174;LGTCON04145;LGTCON04139;LGTCON04138;LGTCON04141;LGTCON04134;LGTCON04244;LGTCON04245;LGTCON04167;LGTCON04165;LGTCON04166;LGTCON04154,reachable,
LGTNET00525,LGTFIT01375,,unclassified_fitting,LGTLT05163,LGTCON04174;LGTCON04145;LGTCON04139;LGTCON04138;LGTCON04141;LGTCON04134;LGTCON04244;LGTCON04245;LGTCON04167;LGTCON04165;LGTCON04166;LGTCON04154;LGTCON04156,reachable,
LGTNET00525,LGTFIT01375,,unclassified_fitting,LGTLT05164,LGTCON04174;LGTCON04145;LGTCON04139;LGTCON04138;LGTCON04141;LGTCON04134;LGTCON04244;LGTCON04245;LGTCON04167;LGTCON04165;LGTCON04166;LGTCON04154;LGTCON04156;LGTCON04158;LGTCON04157,reachable,
LGTNET00525,LGTFIT01375,,unclassified_fitting,LGTLT05165,LGTCON04174;LGTCON04145;LGTCON04139;LGTCON04138;LGTCON04141;LGTCON04134;LGTCON04244;LGTCON04245;LGTCON04167;LGTCON04165;LGTCON04166;LGTCON04417;LGTCON04153;LGTCON04152;LGTCON04149,reachable,
LGTNET00525,LGTFIT01375,,unclassified_fitting,LGTLT05166,LGTCON04174;LGTCON04145;LGTCON04139;LGTCON04138;LGTCON04141;LGTCON04134;LGTCON04244;LGTCON04245;LGTCON04167;LGTCON04165;LGTCON04166;LGTCON04417;LGTCON04153;LGTCON04152,reachable,
LGTNET00525,LGTFIT01375,,unclassified_fitting,LGTLT05167,LGTCON04174;LGTCON04145;LGTCON04139;LGTCON04138;LGTCON04141;LGTCON04134;LGTCON04244;LGTCON04245;LGTCON04167;LGTCON04165;LGTCON04166;LGTCON04417,reachable,
LGTNET00525,LGTFIT01375,,unclassified_fitting,LGTLT05168,LGTCON04174;LGTCON04145;LGTCON04139;LGTCON04138;LGTCON04141;LGTCON04134;LGTCON04244;LGTCON04245;LGTCON04167;LGTCON04165,reachable,
LGTNET00525,LGTFIT01375,,unclassified_fitting,LGTLT05169,LGTCON04174;LGTCON04145;LGTCON04139;LGTCON04138;LGTCON04141;LGTCON04134;LGTCON04244;LGTCON04245;LGTCON04167,reachable,
LGTNET00525,LGTFIT01375,,unclassified_fitting,LGTLT05170,LGTCON04175;LGTCON04172;LGTCON04170;LGTCON04168,reachable,
LGTNET00525,LGTFIT01375,,unclassified_fitting,LGTLT05171,LGTCON04175;LGTCON04172;LGTCON04170;LGTCON04169,reachable,
LGTNET00525,LGTFIT01375,,unclassified_fitting,LGTLT05172,LGTCON04175;LGTCON04172;LGTCON04171,reachable,
LGTNET00525,LGTFIT01375,,unclassified_fitting,LGTLT05173,LGTCON04175,reachable,
LGTNET00525,LGTFIT01375,,unclassified_fitting,LGTLT05203,LGTCON04174,reachable,
LGTNET00525,LGTFIT01375,,unclassified_fitting,LGTLT05204,LGTCON04176;LGTCON04249;LGTCON04250;LGTCON04251;LGTCON04252;LGTCON04253,reachable,
LGTNET00525,LGTFIT01375,,unclassified_fitting,LGTLT05205,LGTCON04176;LGTCON04249;LGTCON04250,reachable,
LGTNET00525,LGTFIT01375,,unclassified_fitting,LGTLT05206,LGTCON04176;LGTCON04249;LGTCON04254,reachable,
LGTNET00525,LGTFIT01375,,unclassified_fitting,LGTLT05207,LGTCON04176;LGTCON04177,reachable,
LGTNET00525,LGTFIT01375,,unclassified_fitting,LGTLT05208,LGTCON04248,reachable,
LGTNET00526,LGTFIT01397,,unclassified_fitting,LGTLT05218,LGTCON04285,reachable,
LGTNET00526,LGTFIT01398,,unclassified_fitting,LGTLT05218,LGTCON04284,reachable,
LGTNET00526,LGTFIT01399,,unclassified_fitting,LGTLT05218,LGTCON04283,reachable,
LGTNET00527,LGTFIT01407,service_pole,unclassified_fitting,LGTLT05232,LGTCON04325,reachable,
LGTNET00527,LGTFIT01408,,unclassified_fitting,LGTLT05232,LGTCON04322,reachable,
LGTNET00528,LGTFIT01410,,unclassified_fitting,LGTLT05235,LGTCON04334,reachable,
LGTNET00528,LGTFIT01410,,unclassified_fitting,LGTLT05236,,unreachable,
LGTNET00528,LGTFIT01410,,unclassified_fitting,LGTLT05237,LGTCON04334;LGTCON04332;LGTCON04333,reachable,
LGTNET00528,LGTFIT01410,,unclassified_fitting,LGTLT05238,,unreachable,
LGTNET00528,LGTFIT01410,,unclassified_fitting,LGTLT05240,LGTCON04334;LGTCON04332;LGTCON04333;LGTCON04335,reachable,
LGTNET00528,LGTFIT01411,,unclassified_fitting,LGTLT05235,,unreachable,
LGTNET00528,LGTFIT01411,,unclassified_fitting,LGTLT05236,LGTCON04327,reachable,
LGTNET00528,LGTFIT01411,,unclassified_fitting,LGTLT05237,,unreachable,
LGTNET00528,LGTFIT01411,,unclassified_fitting,LGTLT05238,LGTCON04327;LGTCON04328,reachable,
LGTNET00528,LGTFIT01411,,unclassified_fitting,LGTLT05240,,unreachable,
LGTNET00528,LGTFIT01412,,unclassified_fitting,LGTLT05235,LGTCON04336;LGTCON04332,reachable,
LGTNET00528,LGTFIT01412,,unclassified_fitting,LGTLT05236,,unreachable,
LGTNET00528,LGTFIT01412,,unclassified_fitting,LGTLT05237,LGTCON04336;LGTCON04333,reachable,
LGTNET00528,LGTFIT01412,,unclassified_fitting,LGTLT05238,,unreachable,
LGTNET00528,LGTFIT01412,,unclassified_fitting,LGTLT05240,LGTCON04336;LGTCON04333;LGTCON04335,reachable,
LGTNET00528,LGTFIT01413,,unclassified_fitting,LGTLT05235,,unreachable,
LGTNET00528,LGTFIT01413,,unclassified_fitting,LGTLT05236,LGTCON04329;LGTCON04328,reachable,
LGTNET00528,LGTFIT01413,,unclassified_fitting,LGTLT05237,,unreachable,
LGTNET00528,LGTFIT01413,,unclassified_fitting,LGTLT05238,LGTCON04329,reachable,
LGTNET00528,LGTFIT01413,,unclassified_fitting,LGTLT05240,,unreachable,
LGTNET00529,LGTFIT01414,,unclassified_fitting,LGTLT02187,LGTCON04337;LGTCON04338;LGTCON04339,reachable,
LGTNET00529,LGTFIT01414,,unclassified_fitting,LGTLT02188,LGTCON04337;LGTCON04338,reachable,
LGTNET00529,LGTFIT01414,,unclassified_fitting,LGTLT02190,LGTCON04345,reachable,
LGTNET00529,LGTFIT01414,,unclassified_fitting,LGTLT05239,,unreachable,
LGTNET00529,LGTFIT01414,,unclassified_fitting,LGTLT05241,,unreachable,
LGTNET00529,LGTFIT01414,,unclassified_fitting,LGTLT05242,,unreachable,
LGTNET00529,LGTFIT01414,,unclassified_fitting,LGTLT05243,LGTCON04337,reachable,
LGTNET00529,LGTFIT01414,,unclassified_fitting,LGTLT05244,LGTCON04337;LGTCON04338;LGTCON04339;LGTCON04341,reachable,
LGTNET00529,LGTFIT01414,,unclassified_fitting,LGTLT05245,,unreachable,
LGTNET00529,LGTFIT01414,,unclassified_fitting,LGTLT05246,,unreachable,
LGTNET00529,LGTFIT01414,,unclassified_fitting,LGTLT05247,,unreachable,
LGTNET00530,LGTFIT01417,,unclassified_fitting,LGTLT05248,LGTCON04348;LGTCON04349,reachable,
LGTNET00530,LGTFIT01418,,unclassified_fitting,LGTLT05248,LGTCON04351,reachable,
LGTNET00530,LGTFIT01420,service_box,explicit,LGTLT05248,LGTCON04350,reachable,
LGTNET00531,LGTFIT01421,service_box,explicit,LGTLT05250,LGTCON04353,reachable,
LGTNET00531,LGTFIT01422,,unclassified_fitting,LGTLT05250,LGTCON04352,reachable,
LGTNET00531,LGTFIT01423,,unclassified_fitting,LGTLT05250,LGTCON04354,reachable,
LGTNET00532,LGTFIT01424,service_pole,unclassified_fitting,LGTLT05251,LGTCON04355,reachable,
LGTNET00532,LGTFIT01425,,unclassified_fitting,LGTLT05251,LGTCON04357,reachable,
LGTNET00532,LGTFIT01426,,unclassified_fitting,LGTLT05251,LGTCON04356,reachable,
LGTNET00533,LGTFIT01427,,unclassified_fitting,LGTLT05252,LGTCON04359,reachable,
LGTNET00533,LGTFIT01427,,unclassified_fitting,LGTLT05253,LGTCON04359;LGTCON04360,reachable,
LGTNET00534,LGTFIT01429,,unclassified_fitting,LGTLT05257,LGTCON04368;LGTCON04367;LGTCON04366,reachable,
LGTNET00534,LGTFIT01429,,unclassified_fitting,LGTLT05258,LGTCON04368,reachable,
LGTNET00534,LGTFIT01429,,unclassified_fitting,LGTLT05259,LGTCON04368;LGTCON04363,reachable,
LGTNET00534,LGTFIT01430,,unclassified_fitting,LGTLT05257,LGTCON04362;LGTCON04363;LGTCON04367;LGTCON04366,reachable,
LGTNET00534,LGTFIT01430,,unclassified_fitting,LGTLT05258,LGTCON04362;LGTCON04363,reachable,
LGTNET00534,LGTFIT01430,,unclassified_fitting,LGTLT05259,LGTCON04362,reachable,
LGTNET00534,LGTFIT01431,service_pole,unclassified_fitting,LGTLT05257,LGTCON04364;LGTCON04367;LGTCON04366,reachable,
LGTNET00534,LGTFIT01431,service_pole,unclassified_fitting,LGTLT05258,LGTCON04364,reachable,
LGTNET00534,LGTFIT01431,service_pole,unclassified_fitting,LGTLT05259,LGTCON04364;LGTCON04363,reachable,
LGTNET00534,LGTFIT01432,,unclassified_fitting,LGTLT05257,LGTCON04365;LGTCON04366,reachable,
LGTNET00534,LGTFIT01432,,unclassified_fitting,LGTLT05258,LGTCON04365;LGTCON04367,reachable,
LGTNET00534,LGTFIT01432,,unclassified_fitting,LGTLT05259,LGTCON04365;LGTCON04367;LGTCON04363,reachable,
LGTNET00535,LGTFIT01433,,unclassified_fitting,LGTLT05260,LGTCON04379,reachable,
LGTNET00535,LGTFIT01433,,unclassified_fitting,LGTLT05261,LGTCON04379;LGTCON04378,reachable,
LGTNET00535,LGTFIT01433,,unclassified_fitting,LGTLT05262,LGTCON04379;LGTCON04378;LGTCON04377,reachable,
LGTNET00535,LGTFIT01433,,unclassified_fitting,LGTLT05263,LGTCON04379;LGTCON04378;LGTCON04377;LGTCON04376,reachable,
LGTNET00535,LGTFIT01433,,unclassified_fitting,LGTLT05264,LGTCON04379;LGTCON04378;LGTCON04377;LGTCON04376;LGTCON04375,reachable,
LGTNET00535,LGTFIT01433,,unclassified_fitting,LGTLT05265,LGTCON04379;LGTCON04378;LGTCON04377;LGTCON04376;LGTCON04375;LGTCON04374,reachable,
LGTNET00535,LGTFIT01433,,unclassified_fitting,LGTLT05266,LGTCON04379;LGTCON04378;LGTCON04377;LGTCON04376;LGTCON04375;LGTCON04374;LGTCON04373,reachable,
LGTNET00535,LGTFIT01433,,unclassified_fitting,LGTLT05267,LGTCON04379;LGTCON04378;LGTCON04377;LGTCON04376;LGTCON04375;LGTCON04374;LGTCON04373;LGTCON04372,reachable,
LGTNET00535,LGTFIT01433,,unclassified_fitting,LGTLT05268,LGTCON04379;LGTCON04378;LGTCON04377;LGTCON04376;LGTCON04375;LGTCON04374;LGTCON04373;LGTCON04372;LGTCON04371,reachable,
LGTNET00535,LGTFIT01433,,unclassified_fitting,LGTLT05269,LGTCON04379;LGTCON04378;LGTCON04377;LGTCON04376;LGTCON04375;LGTCON04374;LGTCON04373;LGTCON04372;LGTCON04371;LGTCON04370,reachable,
LGTNET00536,LGTFIT01434,,unclassified_fitting,LGTLT01488,LGTCON04380;LGTCON04381,reachable,
LGTNET00536,LGTFIT01434,,unclassified_fitting,LGTLT05270,LGTCON04380,reachable,
LGTNET00537,LGTFIT01435,,unclassified_fitting,LGTLT05271,LGTCON04382;LGTCON04383,reachable,
LGTNET00537,LGTFIT01437,,unclassified_fitting,LGTLT05271,LGTCON04384,reachable,
LGTNET00538,LGTFIT01438,,unclassified_fitting,LGTLT05274,LGTCON04385,reachable,
LGTNET00538,LGTFIT01439,service_pole,unclassified_fitting,LGTLT05274,LGTCON04387,reachable,
LGTNET00538,LGTFIT01440,,unclassified_fitting,LGTLT05274,LGTCON04386,reachable,
LGTNET00539,LGTFIT01444,,unclassified_fitting,LGTLT05278,LGTCON04394,reachable,
LGTNET00539,LGTFIT01445,,unclassified_fitting,LGTLT05278,LGTCON04395,reachable,
LGTNET00541,LGTFIT01458,,unclassified_fitting,LGTLT05292,LGTCON04421,reachable,
LGTNET00541,LGTFIT01458,,unclassified_fitting,LGTLT05293,LGTCON04421;LGTCON04422,reachable,
LGTNET00542,LGTFIT01459,,unclassified_fitting,LGTLT05294,LGTCON04424;LGTCON04425,reachable,
LGTNET00542,LGTFIT01459,,unclassified_fitting,LGTLT05295,LGTCON04424,reachable,
LGTNET00542,LGTFIT01460,service_box,explicit,LGTLT05294,LGTCON04426,reachable,
LGTNET00542,LGTFIT01460,service_box,explicit,LGTLT05295,LGTCON04426;LGTCON04425,reachable,
LGTNET00543,LGTFIT01461,service_box,explicit,LGTLT05296,LGTCON04428,reachable,
LGTNET00543,LGTFIT01462,,unclassified_fitting,LGTLT05296,LGTCON04427,reachable,
LGTNET00543,LGTFIT01463,,unclassified_fitting,LGTLT05296,LGTCON04429,reachable,
LGTNET00544,LGTFIT01466,,unclassified_fitting,LGTLT05298,LGTCON04433;LGTCON04435;LGTCON04437;LGTCON04438,reachable,
LGTNET00544,LGTFIT01466,,unclassified_fitting,LGTLT05299,LGTCON04433;LGTCON04435;LGTCON04437,reachable,
LGTNET00544,LGTFIT01466,,unclassified_fitting,LGTLT05300,LGTCON04433;LGTCON04436,reachable,
LGTNET00544,LGTFIT01466,,unclassified_fitting,LGTLT05301,LGTCON04433;LGTCON04435,reachable,
LGTNET00544,LGTFIT01466,,unclassified_fitting,LGTLT05494,LGTCON04433;LGTCON04435;LGTCON04437;LGTCON04438;LGTCON04440;LGTCON04432;LGTCON04708;LGTCON04707;LGTCON04706;LGTCON04705;LGTCON04704;LGTCON04702;LGTCON04701,reachable,
LGTNET00544,LGTFIT01466,,unclassified_fitting,LGTLT05495,LGTCON04433;LGTCON04435;LGTCON04437;LGTCON04438;LGTCON04440;LGTCON04432;LGTCON04708;LGTCON04707;LGTCON04706;LGTCON04705;LGTCON04704;LGTCON04702,reachable,
LGTNET00544,LGTFIT01466,,unclassified_fitting,LGTLT05496,LGTCON04433;LGTCON04435;LGTCON04437;LGTCON04438;LGTCON04440;LGTCON04432;LGTCON04708;LGTCON04707;LGTCON04706;LGTCON04705;LGTCON04704;LGTCON04703,reachable,
LGTNET00544,LGTFIT01466,,unclassified_fitting,LGTLT05497,LGTCON04433;LGTCON04435;LGTCON04437;LGTCON04438;LGTCON04440;LGTCON04432;LGTCON04708;LGTCON04707;LGTCON04706;LGTCON04705,reachable,
LGTNET00544,LGTFIT01466,,unclassified_fitting,LGTLT05498,LGTCON04433;LGTCON04435;LGTCON04437;LGTCON04438;LGTCON04440;LGTCON04432;LGTCON04708;LGTCON04707;LGTCON04706,reachable,
LGTNET00544,LGTFIT01466,,unclassified_fitting,LGTLT05499,LGTCON04433;LGTCON04435;LGTCON04437;LGTCON04438;LGTCON04440;LGTCON04432;LGTCON04708;LGTCON04707,reachable,
LGTNET00544,LGTFIT01467,,unclassified_fitting,LGTLT05298,LGTCON04439,reachable,
LGTNET00544,LGTFIT01467,,unclassified_fitting,LGTLT05299,LGTCON04439;LGTCON04438,reachable,
LGTNET00544,LGTFIT01467,,unclassified_fitting,LGTLT05300,LGTCON04439;LGTCON04438;LGTCON04437;LGTCON04435;LGTCON04436,reachable,
LGTNET00544,LGTFIT01467,,unclassified_fitting,LGTLT05301,LGTCON04439;LGTCON04438;LGTCON04437,reachable,
LGTNET00544,LGTFIT01467,,unclassified_fitting,LGTLT05494,LGTCON04439;LGTCON04440;LGTCON04432;LGTCON04708;LGTCON04707;LGTCON04706;LGTCON04705;LGTCON04704;LGTCON04702;LGTCON04701,reachable,
LGTNET00544,LGTFIT01467,,unclassified_fitting,LGTLT05495,LGTCON04439;LGTCON04440;LGTCON04432;LGTCON04708;LGTCON04707;LGTCON04706;LGTCON04705;LGTCON04704;LGTCON04702,reachable,
LGTNET00544,LGTFIT01467,,unclassified_fitting,LGTLT05496,LGTCON04439;LGTCON04440;LGTCON04432;LGTCON04708;LGTCON04707;LGTCON04706;LGTCON04705;LGTCON04704;LGTCON04703,reachable,
LGTNET00544,LGTFIT01467,,unclassified_fitting,LGTLT05497,LGTCON04439;LGTCON04440;LGTCON04432;LGTCON04708;LGTCON04707;LGTCON04706;LGTCON04705,reachable,
LGTNET00544,LGTFIT01467,,unclassified_fitting,LGTLT05498,LGTCON04439;LGTCON04440;LGTCON04432;LGTCON04708;LGTCON04707;LGTCON04706,reachable,
LGTNET00544,LGTFIT01467,,unclassified_fitting,LGTLT05499,LGTCON04439;LGTCON04440;LGTCON04432;LGTCON04708;LGTCON04707,reachable,
LGTNET00545,LGTFIT01470,,unclassified_fitting,LGTLT05302,LGTCON04441;LGTCON04444,reachable,
LGTNET00545,LGTFIT01470,,unclassified_fitting,LGTLT05303,LGTCON04441;LGTCON04442;LGTCON04443;LGTCON04445,reachable,
LGTNET00545,LGTFIT01470,,unclassified_fitting,LGTLT05304,LGTCON04441;LGTCON04442;LGTCON04443,reachable,
LGTNET00545,LGTFIT01470,,unclassified_fitting,LGTLT05305,LGTCON04441;LGTCON04444;LGTCON04446,reachable,
LGTNET00545,LGTFIT01470,,unclassified_fitting,LGTLT05306,LGTCON04441;LGTCON04444;LGTCON04446;LGTCON04448,reachable,
LGTNET00545,LGTFIT01470,,unclassified_fitting,LGTLT05307,LGTCON04441;LGTCON04442;LGTCON04443;LGTCON04445;LGTCON04447,reachable,
LGTNET00545,LGTFIT01470,,unclassified_fitting,LGTLT05308,LGTCON04441;LGTCON04444;LGTCON04446;LGTCON04448;LGTCON04449,reachable,
LGTNET00545,LGTFIT01470,,unclassified_fitting,LGTLT05309,LGTCON04441;LGTCON04442;LGTCON04443;LGTCON04445;LGTCON04447;LGTCON04450,reachable,
LGTNET00545,LGTFIT01470,,unclassified_fitting,LGTLT05310,LGTCON04441;LGTCON04444;LGTCON04446;LGTCON04448;LGTCON04449;LGTCON04452;LGTCON04454;LGTCON04457;LGTCON04456,reachable,
LGTNET00545,LGTFIT01470,,unclassified_fitting,LGTLT05311,LGTCON04441;LGTCON04444;LGTCON04446;LGTCON04448;LGTCON04449;LGTCON04452,reachable,
LGTNET00545,LGTFIT01470,,unclassified_fitting,LGTLT05312,LGTCON04441;LGTCON04442;LGTCON04443;LGTCON04445;LGTCON04447;LGTCON04450;LGTCON04451,reachable,
LGTNET00545,LGTFIT01470,,unclassified_fitting,LGTLT05313,LGTCON04441;LGTCON04444;LGTCON04446;LGTCON04448;LGTCON04449;LGTCON04452;LGTCON04454;LGTCON04457,reachable,
LGTNET00545,LGTFIT01470,,unclassified_fitting,LGTLT05314,LGTCON04441;LGTCON04444;LGTCON04446;LGTCON04448;LGTCON04449;LGTCON04452;LGTCON04454,reachable,
LGTNET00545,LGTFIT01470,,unclassified_fitting,LGTLT05315,LGTCON04441;LGTCON04442;LGTCON04443;LGTCON04445;LGTCON04447;LGTCON04450;LGTCON04451;LGTCON04453,reachable,
LGTNET00545,LGTFIT01470,,unclassified_fitting,LGTLT05316,LGTCON04441;LGTCON04442;LGTCON04443;LGTCON04445;LGTCON04447;LGTCON04450;LGTCON04451;LGTCON04453;LGTCON04458,reachable,
LGTNET00545,LGTFIT01470,,unclassified_fitting,LGTLT05317,LGTCON04441;LGTCON04442;LGTCON04443;LGTCON04445;LGTCON04447;LGTCON04450;LGTCON04451;LGTCON04453;LGTCON04458;LGTCON04459,reachable,
LGTNET00545,LGTFIT01470,,unclassified_fitting,LGTLT05584,LGTCON04441;LGTCON04442;LGTCON04461;LGTCON04814,reachable,
LGTNET00545,LGTFIT01473,,unclassified_fitting,LGTLT05302,LGTCON04455;LGTCON04456;LGTCON04457;LGTCON04454;LGTCON04452;LGTCON04449;LGTCON04448;LGTCON04446,reachable,
LGTNET00545,LGTFIT01473,,unclassified_fitting,LGTLT05303,LGTCON04455;LGTCON04456;LGTCON04457;LGTCON04454;LGTCON04452;LGTCON04449;LGTCON04448;LGTCON04446;LGTCON04444;LGTCON04442;LGTCON04443;LGTCON04445,reachable,
LGTNET00545,LGTFIT01473,,unclassified_fitting,LGTLT05304,LGTCON04455;LGTCON04456;LGTCON04457;LGTCON04454;LGTCON04452;LGTCON04449;LGTCON04448;LGTCON04446;LGTCON04444;LGTCON04442;LGTCON04443,reachable,
LGTNET00545,LGTFIT01473,,unclassified_fitting,LGTLT05305,LGTCON04455;LGTCON04456;LGTCON04457;LGTCON04454;LGTCON04452;LGTCON04449;LGTCON04448,reachable,
LGTNET00545,LGTFIT01473,,unclassified_fitting,LGTLT05306,LGTCON04455;LGTCON04456;LGTCON04457;LGTCON04454;LGTCON04452;LGTCON04449,reachable,
LGTNET00545,LGTFIT01473,,unclassified_fitting,LGTLT05307,LGTCON04455;LGTCON04456;LGTCON04457;LGTCON04454;LGTCON04452;LGTCON04449;LGTCON04448;LGTCON04446;LGTCON04444;LGTCON04442;LGTCON04443;LGTCON04445;LGTCON04447,reachable,
LGTNET00545,LGTFIT01473,,unclassified_fitting,LGTLT05308,LGTCON04455;LGTCON04456;LGTCON04457;LGTCON04454;LGTCON04452,reachable,
LGTNET00545,LGTFIT01473,,unclassified_fitting,LGTLT05309,LGTCON04455;LGTCON04456;LGTCON04457;LGTCON04454;LGTCON04452;LGTCON04449;LGTCON04448;LGTCON04446;LGTCON04444;LGTCON04442;LGTCON04443;LGTCON04445;LGTCON04447;LGTCON04450,reachable,
LGTNET00545,LGTFIT01473,,unclassified_fitting,LGTLT05310,LGTCON04455,reachable,
LGTNET00545,LGTFIT01473,,unclassified_fitting,LGTLT05311,LGTCON04455;LGTCON04456;LGTCON04457;LGTCON04454,reachable,
LGTNET00545,LGTFIT01473,,unclassified_fitting,LGTLT05312,LGTCON04455;LGTCON04456;LGTCON04457;LGTCON04454;LGTCON04452;LGTCON04449;LGTCON04448;LGTCON04446;LGTCON04444;LGTCON04442;LGTCON04443;LGTCON04445;LGTCON04447;LGTCON04450;LGTCON04451,reachable,
LGTNET00545,LGTFIT01473,,unclassified_fitting,LGTLT05313,LGTCON04455;LGTCON04456,reachable,
LGTNET00545,LGTFIT01473,,unclassified_fitting,LGTLT05314,LGTCON04455;LGTCON04456;LGTCON04457,reachable,
LGTNET00545,LGTFIT01473,,unclassified_fitting,LGTLT05315,LGTCON04455;LGTCON04456;LGTCON04457;LGTCON04454;LGTCON04452;LGTCON04449;LGTCON04448;LGTCON04446;LGTCON04444;LGTCON04442;LGTCON04443;LGTCON04445;LGTCON04447;LGTCON04450;LGTCON04451;LGTCON04453,reachable,
LGTNET00545,LGTFIT01473,,unclassified_fitting,LGTLT05316,LGTCON04455;LGTCON04456;LGTCON04457;LGTCON04454;LGTCON04452;LGTCON04449;LGTCON04448;LGTCON04446;LGTCON04444;LGTCON04442;LGTCON04443;LGTCON04445;LGTCON04447;LGTCON04450;LGTCON04451;LGTCON04453;LGTCON04458,reachable,
LGTNET00545,LGTFIT01473,,unclassified_fitting,LGTLT05317,LGTCON04455;LGTCON04456;LGTCON04457;LGTCON04454;LGTCON04452;LGTCON04449;LGTCON04448;LGTCON04446;LGTCON04444;LGTCON04442;LGTCON04443;LGTCON04445;LGTCON04447;LGTCON04450;LGTCON04451;LGTCON04453;LGTCON04458;LGTCON04459,reachable,
LGTNET00545,LGTFIT01473,,unclassified_fitting,LGTLT05584,LGTCON04455;LGTCON04456;LGTCON04457;LGTCON04454;LGTCON04452;LGTCON04449;LGTCON04448;LGTCON04446;LGTCON04444;LGTCON04442;LGTCON04461;LGTCON04814,reachable,
LGTNET00546,LGTFIT01476,,unclassified_fitting,LGTLT05318,LGTCON04465;LGTCON04463,reachable,
LGTNET00546,LGTFIT01476,,unclassified_fitting,LGTLT05319,LGTCON04465,reachable,
LGTNET00546,LGTFIT01476,,unclassified_fitting,LGTLT05320,LGTCON04465;LGTCON04464,reachable,
LGTNET00546,LGTFIT01476,,unclassified_fitting,LGTLT05321,LGTCON04465;LGTCON04464;LGTCON04466,reachable,
LGTNET00546,LGTFIT01476,,unclassified_fitting,LGTLT05322,LGTCON04465;LGTCON04464;LGTCON04466;LGTCON04467,reachable,
LGTNET00546,LGTFIT01476,,unclassified_fitting,LGTLT05323,LGTCON04465;LGTCON04464;LGTCON04466;LGTCON04467;LGTCON04468,reachable,
LGTNET00546,LGTFIT01476,,unclassified_fitting,LGTLT05324,LGTCON04465;LGTCON04464;LGTCON04466;LGTCON04467;LGTCON04468;LGTCON04472;LGTCON04469;LGTCON04470,reachable,
LGTNET00546,LGTFIT01476,,unclassified_fitting,LGTLT05325,LGTCON04465;LGTCON04464;LGTCON04466;LGTCON04467;LGTCON04468;LGTCON04472;LGTCON04469;LGTCON04471;LGTCON04473,reachable,
LGTNET00546,LGTFIT01477,,unclassified_fitting,LGTLT05318,LGTCON04462,reachable,
LGTNET00546,LGTFIT01477,,unclassified_fitting,LGTLT05319,LGTCON04462;LGTCON04463,reachable,
LGTNET00546,LGTFIT01477,,unclassified_fitting,LGTLT05320,LGTCON04462;LGTCON04463;LGTCON04464,reachable,
LGTNET00546,LGTFIT01477,,unclassified_fitting,LGTLT05321,LGTCON04462;LGTCON04463;LGTCON04464;LGTCON04466,reachable,
LGTNET00546,LGTFIT01477,,unclassified_fitting,LGTLT05322,LGTCON04462;LGTCON04463;LGTCON04464;LGTCON04466;LGTCON04467,reachable,
LGTNET00546,LGTFIT01477,,unclassified_fitting,LGTLT05323,LGTCON04462;LGTCON04463;LGTCON04464;LGTCON04466;LGTCON04467;LGTCON04468,reachable,
LGTNET00546,LGTFIT01477,,unclassified_fitting,LGTLT05324,LGTCON04462;LGTCON04463;LGTCON04464;LGTCON04466;LGTCON04467;LGTCON04468;LGTCON04472;LGTCON04469;LGTCON04470,reachable,
LGTNET00546,LGTFIT01477,,unclassified_fitting,LGTLT05325,LGTCON04462;LGTCON04463;LGTCON04464;LGTCON04466;LGTCON04467;LGTCON04468;LGTCON04472;LGTCON04469;LGTCON04471;LGTCON04473,reachable,
LGTNET00546,LGTFIT01479,,unclassified_fitting,LGTLT05318,LGTCON04475;LGTCON04471;LGTCON04469;LGTCON04472;LGTCON04468;LGTCON04467;LGTCON04466;LGTCON04464;LGTCON04463,reachable,
LGTNET00546,LGTFIT01479,,unclassified_fitting,LGTLT05319,LGTCON04475;LGTCON04471;LGTCON04469;LGTCON04472;LGTCON04468;LGTCON04467;LGTCON04466;LGTCON04464,reachable,
LGTNET00546,LGTFIT01479,,unclassified_fitting,LGTLT05320,LGTCON04475;LGTCON04471;LGTCON04469;LGTCON04472;LGTCON04468;LGTCON04467;LGTCON04466,reachable,
LGTNET00546,LGTFIT01479,,unclassified_fitting,LGTLT05321,LGTCON04475;LGTCON04471;LGTCON04469;LGTCON04472;LGTCON04468;LGTCON04467,reachable,
LGTNET00546,LGTFIT01479,,unclassified_fitting,LGTLT05322,LGTCON04475;LGTCON04471;LGTCON04469;LGTCON04472;LGTCON04468,reachable,
LGTNET00546,LGTFIT01479,,unclassified_fitting,LGTLT05323,LGTCON04475;LGTCON04471;LGTCON04469;LGTCON04472,reachable,
LGTNET00546,LGTFIT01479,,unclassified_fitting,LGTLT05324,LGTCON04475;LGTCON04471;LGTCON04470,reachable,
LGTNET00546,LGTFIT01479,,unclassified_fitting,LGTLT05325,LGTCON04475;LGTCON04473,reachable,
LGTNET00546,LGTFIT01480,,unclassified_fitting,LGTLT05318,LGTCON04476;LGTCON04471;LGTCON04469;LGTCON04472;LGTCON04468;LGTCON04467;LGTCON04466;LGTCON04464;LGTCON04463,reachable,
LGTNET00546,LGTFIT01480,,unclassified_fitting,LGTLT05319,LGTCON04476;LGTCON04471;LGTCON04469;LGTCON04472;LGTCON04468;LGTCON04467;LGTCON04466;LGTCON04464,reachable,
LGTNET00546,LGTFIT01480,,unclassified_fitting,LGTLT05320,LGTCON04476;LGTCON04471;LGTCON04469;LGTCON04472;LGTCON04468;LGTCON04467;LGTCON04466,reachable,
LGTNET00546,LGTFIT01480,,unclassified_fitting,LGTLT05321,LGTCON04476;LGTCON04471;LGTCON04469;LGTCON04472;LGTCON04468;LGTCON04467,reachable,
LGTNET00546,LGTFIT01480,,unclassified_fitting,LGTLT05322,LGTCON04476;LGTCON04471;LGTCON04469;LGTCON04472;LGTCON04468,reachable,
LGTNET00546,LGTFIT01480,,unclassified_fitting,LGTLT05323,LGTCON04476;LGTCON04471;LGTCON04469;LGTCON04472,reachable,
LGTNET00546,LGTFIT01480,,unclassified_fitting,LGTLT05324,LGTCON04476;LGTCON04471;LGTCON04470,reachable,
LGTNET00546,LGTFIT01480,,unclassified_fitting,LGTLT05325,LGTCON04476;LGTCON04473,reachable,
LGTNET00547,LGTFIT01481,,unclassified_fitting,LGTLT05326,LGTCON04479;LGTCON04478,reachable,
LGTNET00547,LGTFIT01481,,unclassified_fitting,LGTLT05327,,unreachable,
LGTNET00547,LGTFIT01481,,unclassified_fitting,LGTLT05328,,unreachable,
LGTNET00547,LGTFIT01481,,unclassified_fitting,LGTLT05329,,unreachable,
LGTNET00547,LGTFIT01481,,unclassified_fitting,LGTLT05330,,unreachable,
LGTNET00547,LGTFIT01481,,unclassified_fitting,LGTLT05331,,unreachable,
LGTNET00547,LGTFIT01481,,unclassified_fitting,LGTLT05332,,unreachable,
LGTNET00547,LGTFIT01481,,unclassified_fitting,LGTLT05333,,unreachable,
LGTNET00547,LGTFIT01481,,unclassified_fitting,LGTLT05334,,unreachable,
LGTNET00547,LGTFIT01481,,unclassified_fitting,LGTLT05335,,unreachable,
LGTNET00547,LGTFIT01481,,unclassified_fitting,LGTLT05336,,unreachable,
LGTNET00547,LGTFIT01481,,unclassified_fitting,LGTLT05337,,unreachable,
LGTNET00547,LGTFIT01481,,unclassified_fitting,LGTLT05338,,unreachable,
LGTNET00547,LGTFIT01481,,unclassified_fitting,LGTLT05339,,unreachable,
LGTNET00547,LGTFIT01481,,unclassified_fitting,LGTLT05340,,unreachable,
LGTNET00547,LGTFIT01481,,unclassified_fitting,LGTLT05341,,unreachable,
LGTNET00547,LGTFIT01481,,unclassified_fitting,LGTLT05342,,unreachable,
LGTNET00547,LGTFIT01481,,unclassified_fitting,LGTLT05343,,unreachable,
LGTNET00547,LGTFIT01481,,unclassified_fitting,LGTLT05344,,unreachable,
LGTNET00547,LGTFIT01481,,unclassified_fitting,LGTLT05345,,unreachable,
LGTNET00547,LGTFIT01481,,unclassified_fitting,LGTLT05346,,unreachable,
LGTNET00547,LGTFIT01481,,unclassified_fitting,LGTLT05347,,unreachable,
LGTNET00547,LGTFIT01481,,unclassified_fitting,LGTLT05348,,unreachable,
LGTNET00547,LGTFIT01481,,unclassified_fitting,LGTLT05349,LGTCON04479,reachable,
LGTNET00547,LGTFIT01482,,unclassified_fitting,LGTLT05326,,unreachable,
LGTNET00547,LGTFIT01482,,unclassified_fitting,LGTLT05327,LGTCON04497;LGTCON04496;LGTCON04495;LGTCON04494,reachable,
LGTNET00547,LGTFIT01482,,unclassified_fitting,LGTLT05328,LGTCON04497;LGTCON04496;LGTCON04495,reachable,
LGTNET00547,LGTFIT01482,,unclassified_fitting,LGTLT05329,LGTCON04497;LGTCON04496,reachable,
LGTNET00547,LGTFIT01482,,unclassified_fitting,LGTLT05330,,unreachable,
LGTNET00547,LGTFIT01482,,unclassified_fitting,LGTLT05331,LGTCON04497,reachable,
LGTNET00547,LGTFIT01482,,unclassified_fitting,LGTLT05332,,unreachable,
LGTNET00547,LGTFIT01482,,unclassified_fitting,LGTLT05333,,unreachable,
LGTNET00547,LGTFIT01482,,unclassified_fitting,LGTLT05334,,unreachable,
LGTNET00547,LGTFIT01482,,unclassified_fitting,LGTLT05335,,unreachable,
LGTNET00547,LGTFIT01482,,unclassified_fitting,LGTLT05336,,unreachable,
LGTNET00547,LGTFIT01482,,unclassified_fitting,LGTLT05337,,unreachable,
LGTNET00547,LGTFIT01482,,unclassified_fitting,LGTLT05338,,unreachable,
LGTNET00547,LGTFIT01482,,unclassified_fitting,LGTLT05339,,unreachable,
LGTNET00547,LGTFIT01482,,unclassified_fitting,LGTLT05340,,unreachable,
LGTNET00547,LGTFIT01482,,unclassified_fitting,LGTLT05341,,unreachable,
LGTNET00547,LGTFIT01482,,unclassified_fitting,LGTLT05342,,unreachable,
LGTNET00547,LGTFIT01482,,unclassified_fitting,LGTLT05343,,unreachable,
LGTNET00547,LGTFIT01482,,unclassified_fitting,LGTLT05344,,unreachable,
LGTNET00547,LGTFIT01482,,unclassified_fitting,LGTLT05345,,unreachable,
LGTNET00547,LGTFIT01482,,unclassified_fitting,LGTLT05346,,unreachable,
LGTNET00547,LGTFIT01482,,unclassified_fitting,LGTLT05347,,unreachable,
LGTNET00547,LGTFIT01482,,unclassified_fitting,LGTLT05348,,unreachable,
LGTNET00547,LGTFIT01482,,unclassified_fitting,LGTLT05349,,unreachable,
LGTNET00548,LGTFIT01483,service_box,explicit,LGTLT05351,,unreachable,
LGTNET00548,LGTFIT01483,service_box,explicit,LGTLT05352,LGTCON04504;LGTCON04502,reachable,
LGTNET00548,LGTFIT01483,service_box,explicit,LGTLT05353,LGTCON04504,reachable,
LGTNET00548,LGTFIT01486,,unclassified_fitting,LGTLT05351,,unreachable,
LGTNET00548,LGTFIT01486,,unclassified_fitting,LGTLT05352,LGTCON04501,reachable,
LGTNET00548,LGTFIT01486,,unclassified_fitting,LGTLT05353,LGTCON04501;LGTCON04502,reachable,
LGTNET00548,LGTFIT01487,,unclassified_fitting,LGTLT05351,,unreachable,
LGTNET00548,LGTFIT01487,,unclassified_fitting,LGTLT05352,LGTCON04503;LGTCON04502,reachable,
LGTNET00548,LGTFIT01487,,unclassified_fitting,LGTLT05353,LGTCON04503,reachable,
LGTNET00549,LGTFIT01484,,unclassified_fitting,LGTLT05350,LGTCON04500;LGTCON04499,reachable,
LGTNET00550,LGTFIT01488,,unclassified_fitting,LGTLT05354,LGTCON04507,reachable,
LGTNET00550,LGTFIT01488,,unclassified_fitting,LGTLT05355,LGTCON04507;LGTCON04510,reachable,
LGTNET00550,LGTFIT01489,,unclassified_fitting,LGTLT05354,LGTCON04506;LGTCON04510,reachable,
LGTNET00550,LGTFIT01489,,unclassified_fitting,LGTLT05355,LGTCON04506,reachable,
LGTNET00550,LGTFIT01490,,unclassified_fitting,LGTLT05354,LGTCON04508;LGTCON04510,reachable,
LGTNET00550,LGTFIT01490,,unclassified_fitting,LGTLT05355,LGTCON04508,reachable,
LGTNET00550,LGTFIT01491,service_pole,unclassified_fitting,LGTLT05354,LGTCON04509;LGTCON04510,reachable,
LGTNET00550,LGTFIT01491,service_pole,unclassified_fitting,LGTLT05355,LGTCON04509,reachable,
LGTNET00551,LGTFIT01494,,unclassified_fitting,LGTLT05356,LGTCON04512;LGTCON04513;LGTCON04527;LGTCON04521,reachable,
LGTNET00551,LGTFIT01494,,unclassified_fitting,LGTLT05357,LGTCON04512;LGTCON04513;LGTCON04527;LGTCON04519,reachable,
LGTNET00551,LGTFIT01494,,unclassified_fitting,LGTLT05358,LGTCON04512;LGTCON04514,reachable,
LGTNET00551,LGTFIT01494,,unclassified_fitting,LGTLT05359,LGTCON04512;LGTCON04513,reachable,
LGTNET00551,LGTFIT01494,,unclassified_fitting,LGTLT05360,LGTCON04512;LGTCON04525;LGTCON04511,reachable,
LGTNET00551,LGTFIT01494,,unclassified_fitting,LGTLT05361,LGTCON04512;LGTCON04514;LGTCON04517;LGTCON04515,reachable,
LGTNET00551,LGTFIT01494,,unclassified_fitting,LGTLT05576,LGTCON04512;LGTCON04513;LGTCON04527;LGTCON04520;LGTCON04806;LGTCON04805,reachable,
LGTNET00551,LGTFIT01494,,unclassified_fitting,LGTLT05585,LGTCON04512;LGTCON04513;LGTCON04527;LGTCON04520;LGTCON04806,reachable,
LGTNET00551,LGTFIT01494,,unclassified_fitting,LGTLT05598,LGTCON04512;LGTCON04513;LGTCON04527;LGTCON04521;LGTCON04522,reachable,
LGTNET00551,LGTFIT01494,,unclassified_fitting,LGTLT05599,LGTCON04512;LGTCON04514;LGTCON04517;LGTCON04523,reachable,
LGTNET00551,LGTFIT01494,,unclassified_fitting,LGTLT05600,LGTCON04512;LGTCON04514;LGTCON04517;LGTCON04523;LGTCON04831,reachable,
LGTNET00551,LGTFIT01494,,unclassified_fitting,LGTLT05601,LGTCON04512;LGTCON04514;LGTCON04517;LGTCON04523;LGTCON04831;LGTCON04832,reachable,
LGTNET00551,LGTFIT01494,,unclassified_fitting,LGTLT05602,LGTCON04512;LGTCON04513;LGTCON04527;LGTCON04521;LGTCON04522;LGTCON04830;LGTCON04831,reachable,
LGTNET00551,LGTFIT01494,,unclassified_fitting,LGTLT05603,LGTCON04512;LGTCON04513;LGTCON04527;LGTCON04521;LGTCON04522;LGTCON04830;LGTCON04831;LGTCON04833,reachable,
LGTNET00551,LGTFIT01494,,unclassified_fitting,LGTLT05604,LGTCON04512;LGTCON04513;LGTCON04527;LGTCON04521;LGTCON04522;LGTCON04830;LGTCON04831;LGTCON04833;LGTCON04835,reachable,
LGTNET00551,LGTFIT01494,,unclassified_fitting,LGTLT05605,LGTCON04512;LGTCON04513;LGTCON04527;LGTCON04521;LGTCON04522;LGTCON04830;LGTCON04831;LGTCON04833;LGTCON04835;LGTCON04836,reachable,
LGTNET00551,LGTFIT01494,,unclassified_fitting,LGTLT05606,LGTCON04512;LGTCON04514;LGTCON04517;LGTCON04523;LGTCON04831;LGTCON04832;LGTCON04834;LGTCON04838;LGTCON04839,reachable,
LGTNET00551,LGTFIT01494,,unclassified_fitting,LGTLT05612,LGTCON04512;LGTCON04513;LGTCON04527;LGTCON04521;LGTCON04522;LGTCON04830,reachable,
LGTNET00551,LGTFIT01494,,unclassified_fitting,LGTLT05613,LGTCON04512;LGTCON04514;LGTCON04517;LGTCON04523;LGTCON04831;LGTCON04832;LGTCON04834,reachable,
LGTNET00551,LGTFIT01494,,unclassified_fitting,LGTLT05614,LGTCON04512;LGTCON04513;LGTCON04527;LGTCON04521;LGTCON04522;LGTCON04830;LGTCON04831;LGTCON04833;LGTCON04835;LGTCON04836;LGTCON04837,reachable,
LGTNET00551,LGTFIT01494,,unclassified_fitting,LGTLT05619,LGTCON04512;LGTCON04514;LGTCON04517;LGTCON04523;LGTCON04831;LGTCON04832;LGTCON04834;LGTCON04838,reachable,
LGTNET00551,LGTFIT01497,,unclassified_fitting,LGTLT05356,LGTCON04518;LGTCON04516;LGTCON04517;LGTCON04514;LGTCON04513;LGTCON04527;LGTCON04521,reachable,
LGTNET00551,LGTFIT01497,,unclassified_fitting,LGTLT05357,LGTCON04518;LGTCON04516;LGTCON04517;LGTCON04514;LGTCON04513;LGTCON04527;LGTCON04519,reachable,
LGTNET00551,LGTFIT01497,,unclassified_fitting,LGTLT05358,LGTCON04518;LGTCON04516;LGTCON04517,reachable,
LGTNET00551,LGTFIT01497,,unclassified_fitting,LGTLT05359,LGTCON04518;LGTCON04516;LGTCON04517;LGTCON04514;LGTCON04513,reachable,
LGTNET00551,LGTFIT01497,,unclassified_fitting,LGTLT05360,LGTCON04518;LGTCON04516;LGTCON04517;LGTCON04514;LGTCON04525;LGTCON04511,reachable,
LGTNET00551,LGTFIT01497,,unclassified_fitting,LGTLT05361,LGTCON04518;LGTCON04516;LGTCON04515,reachable,
LGTNET00551,LGTFIT01497,,unclassified_fitting,LGTLT05576,LGTCON04518;LGTCON04516;LGTCON04517;LGTCON04514;LGTCON04513;LGTCON04527;LGTCON04520;LGTCON04806;LGTCON04805,reachable,
LGTNET00551,LGTFIT01497,,unclassified_fitting,LGTLT05585,LGTCON04518;LGTCON04516;LGTCON04517;LGTCON04514;LGTCON04513;LGTCON04527;LGTCON04520;LGTCON04806,reachable,
LGTNET00551,LGTFIT01497,,unclassified_fitting,LGTLT05598,LGTCON04518;LGTCON04516;LGTCON04517;LGTCON04514;LGTCON04513;LGTCON04527;LGTCON04521;LGTCON04522,reachable,
LGTNET00551,LGTFIT01497,,unclassified_fitting,LGTLT05599,LGTCON04518;LGTCON04516;LGTCON04523,reachable,
LGTNET00551,LGTFIT01497,,unclassified_fitting,LGTLT05600,LGTCON04518;LGTCON04516;LGTCON04523;LGTCON04831,reachable,
LGTNET00551,LGTFIT01497,,unclassified_fitting,LGTLT05601,LGTCON04518;LGTCON04516;LGTCON04523;LGTCON04831;LGTCON04832,reachable,
LGTNET00551,LGTFIT01497,,unclassified_fitting,LGTLT05602,LGTCON04518;LGTCON04516;LGTCON04517;LGTCON04514;LGTCON04513;LGTCON04527;LGTCON04521;LGTCON04522;LGTCON04830;LGTCON04831,reachable,
LGTNET00551,LGTFIT01497,,unclassified_fitting,LGTLT05603,LGTCON04518;LGTCON04516;LGTCON04517;LGTCON04514;LGTCON04513;LGTCON04527;LGTCON04521;LGTCON04522;LGTCON04830;LGTCON04831;LGTCON04833,reachable,
LGTNET00551,LGTFIT01497,,unclassified_fitting,LGTLT05604,LGTCON04518;LGTCON04516;LGTCON04517;LGTCON04514;LGTCON04513;LGTCON04527;LGTCON04521;LGTCON04522;LGTCON04830;LGTCON04831;LGTCON04833;LGTCON04835,reachable,
LGTNET00551,LGTFIT01497,,unclassified_fitting,LGTLT05605,LGTCON04518;LGTCON04516;LGTCON04517;LGTCON04514;LGTCON04513;LGTCON04527;LGTCON04521;LGTCON04522;LGTCON04830;LGTCON04831;LGTCON04833;LGTCON04835;LGTCON04836,reachable,
LGTNET00551,LGTFIT01497,,unclassified_fitting,LGTLT05606,LGTCON04518;LGTCON04516;LGTCON04523;LGTCON04831;LGTCON04832;LGTCON04834;LGTCON04838;LGTCON04839,reachable,
LGTNET00551,LGTFIT01497,,unclassified_fitting,LGTLT05612,LGTCON04518;LGTCON04516;LGTCON04517;LGTCON04514;LGTCON04513;LGTCON04527;LGTCON04521;LGTCON04522;LGTCON04830,reachable,
LGTNET00551,LGTFIT01497,,unclassified_fitting,LGTLT05613,LGTCON04518;LGTCON04516;LGTCON04523;LGTCON04831;LGTCON04832;LGTCON04834,reachable,
LGTNET00551,LGTFIT01497,,unclassified_fitting,LGTLT05614,LGTCON04518;LGTCON04516;LGTCON04517;LGTCON04514;LGTCON04513;LGTCON04527;LGTCON04521;LGTCON04522;LGTCON04830;LGTCON04831;LGTCON04833;LGTCON04835;LGTCON04836;LGTCON04837,reachable,
LGTNET00551,LGTFIT01497,,unclassified_fitting,LGTLT05619,LGTCON04518;LGTCON04516;LGTCON04523;LGTCON04831;LGTCON04832;LGTCON04834;LGTCON04838,reachable,
LGTNET00551,LGTFIT01608,,unclassified_fitting,LGTLT05356,LGTCON04813;LGTCON04517;LGTCON04514;LGTCON04513;LGTCON04527;LGTCON04521,reachable,
LGTNET00551,LGTFIT01608,,unclassified_fitting,LGTLT05357,LGTCON04813;LGTCON04517;LGTCON04514;LGTCON04513;LGTCON04527;LGTCON04519,reachable,
LGTNET00551,LGTFIT01608,,unclassified_fitting,LGTLT05358,LGTCON04813;LGTCON04517,reachable,
LGTNET00551,LGTFIT01608,,unclassified_fitting,LGTLT05359,LGTCON04813;LGTCON04517;LGTCON04514;LGTCON04513,reachable,
LGTNET00551,LGTFIT01608,,unclassified_fitting,LGTLT05360,LGTCON04813;LGTCON04517;LGTCON04514;LGTCON04525;LGTCON04511,reachable,
LGTNET00551,LGTFIT01608,,unclassified_fitting,LGTLT05361,LGTCON04813;LGTCON04515,reachable,
LGTNET00551,LGTFIT01608,,unclassified_fitting,LGTLT05576,LGTCON04813;LGTCON04517;LGTCON04514;LGTCON04513;LGTCON04527;LGTCON04520;LGTCON04806;LGTCON04805,reachable,
LGTNET00551,LGTFIT01608,,unclassified_fitting,LGTLT05585,LGTCON04813;LGTCON04517;LGTCON04514;LGTCON04513;LGTCON04527;LGTCON04520;LGTCON04806,reachable,
LGTNET00551,LGTFIT01608,,unclassified_fitting,LGTLT05598,LGTCON04813;LGTCON04517;LGTCON04514;LGTCON04513;LGTCON04527;LGTCON04521;LGTCON04522,reachable,
LGTNET00551,LGTFIT01608,,unclassified_fitting,LGTLT05599,LGTCON04813;LGTCON04523,reachable,
LGTNET00551,LGTFIT01608,,unclassified_fitting,LGTLT05600,LGTCON04813;LGTCON04523;LGTCON04831,reachable,
LGTNET00551,LGTFIT01608,,unclassified_fitting,LGTLT05601,LGTCON04813;LGTCON04523;LGTCON04831;LGTCON04832,reachable,
LGTNET00551,LGTFIT01608,,unclassified_fitting,LGTLT05602,LGTCON04813;LGTCON04517;LGTCON04514;LGTCON04513;LGTCON04527;LGTCON04521;LGTCON04522;LGTCON04830;LGTCON04831,reachable,
LGTNET00551,LGTFIT01608,,unclassified_fitting,LGTLT05603,LGTCON04813;LGTCON04517;LGTCON04514;LGTCON04513;LGTCON04527;LGTCON04521;LGTCON04522;LGTCON04830;LGTCON04831;LGTCON04833,reachable,
LGTNET00551,LGTFIT01608,,unclassified_fitting,LGTLT05604,LGTCON04813;LGTCON04517;LGTCON04514;LGTCON04513;LGTCON04527;LGTCON04521;LGTCON04522;LGTCON04830;LGTCON04831;LGTCON04833;LGTCON04835,reachable,
LGTNET00551,LGTFIT01608,,unclassified_fitting,LGTLT05605,LGTCON04813;LGTCON04517;LGTCON04514;LGTCON04513;LGTCON04527;LGTCON04521;LGTCON04522;LGTCON04830;LGTCON04831;LGTCON04833;LGTCON04835;LGTCON04836,reachable,
LGTNET00551,LGTFIT01608,,unclassified_fitting,LGTLT05606,LGTCON04813;LGTCON04523;LGTCON04831;LGTCON04832;LGTCON04834;LGTCON04838;LGTCON04839,reachable,
LGTNET00551,LGTFIT01608,,unclassified_fitting,LGTLT05612,LGTCON04813;LGTCON04517;LGTCON04514;LGTCON04513;LGTCON04527;LGTCON04521;LGTCON04522;LGTCON04830,reachable,
LGTNET00551,LGTFIT01608,,unclassified_fitting,LGTLT05613,LGTCON04813;LGTCON04523;LGTCON04831;LGTCON04832;LGTCON04834,reachable,
LGTNET00551,LGTFIT01608,,unclassified_fitting,LGTLT05614,LGTCON04813;LGTCON04517;LGTCON04514;LGTCON04513;LGTCON04527;LGTCON04521;LGTCON04522;LGTCON04830;LGTCON04831;LGTCON04833;LGTCON04835;LGTCON04836;LGTCON04837,reachable,
LGTNET00551,LGTFIT01608,,unclassified_fitting,LGTLT05619,LGTCON04813;LGTCON04523;LGTCON04831;LGTCON04832;LGTCON04834;LGTCON04838,reachable,
LGTNET00552,LGTFIT01499,,unclassified_fitting,LGTLT05362,LGTCON04528,reachable,
LGTNET00552,LGTFIT01500,service_box,explicit,LGTLT05362,LGTCON04529,reachable,
LGTNET00552,LGTFIT01501,,unclassified_fitting,LGTLT05362,LGTCON04530,reachable,
LGTNET00554,LGTFIT01518,,unclassified_fitting,LGTLT05364,LGTCON04535,reachable,
LGTNET00554,LGTFIT01518,,unclassified_fitting,LGTLT05365,LGTCON04536,reachable,
LGTNET00555,LGTFIT01506,,unclassified_fitting,LGTLT05366,LGTCON04538,reachable,
LGTNET00555,LGTFIT01506,,unclassified_fitting,LGTLT05474,,unreachable,
LGTNET00555,LGTFIT01506,,unclassified_fitting,LGTLT05476,,unreachable,
LGTNET00555,LGTFIT01506,,unclassified_fitting,LGTLT05477,,unreachable,
LGTNET00555,LGTFIT01506,,unclassified_fitting,LGTLT05478,,unreachable,
LGTNET00555,LGTFIT01507,,unclassified_fitting,LGTLT05366,LGTCON04540;LGTCON04539,reachable,
LGTNET00555,LGTFIT01507,,unclassified_fitting,LGTLT05474,,unreachable,
LGTNET00555,LGTFIT01507,,unclassified_fitting,LGTLT05476,,unreachable,
LGTNET00555,LGTFIT01507,,unclassified_fitting,LGTLT05477,,unreachable,
LGTNET00555,LGTFIT01507,,unclassified_fitting,LGTLT05478,,unreachable,
LGTNET00556,LGTFIT01603,junction_box,unclassified_fitting,LGTLT05368,LGTCON04781;LGTCON04779;LGTCON04544;LGTCON04543;LGTCON04542;LGTCON04541,reachable,
LGTNET00556,LGTFIT01603,junction_box,unclassified_fitting,LGTLT05369,LGTCON04781;LGTCON04779;LGTCON04544;LGTCON04543;LGTCON04542,reachable,
LGTNET00556,LGTFIT01603,junction_box,unclassified_fitting,LGTLT05370,LGTCON04781;LGTCON04779;LGTCON04544;LGTCON04543,reachable,
LGTNET00556,LGTFIT01603,junction_box,unclassified_fitting,LGTLT05371,LGTCON04781;LGTCON04779;LGTCON04544,reachable,
LGTNET00556,LGTFIT01603,junction_box,unclassified_fitting,LGTLT05372,LGTCON04781;LGTCON04779;LGTCON04546;LGTCON04547,reachable,
LGTNET00556,LGTFIT01603,junction_box,unclassified_fitting,LGTLT05373,LGTCON04781;LGTCON04779;LGTCON04546;LGTCON04547;LGTCON04548,reachable,
LGTNET00556,LGTFIT01603,junction_box,unclassified_fitting,LGTLT05374,LGTCON04781;LGTCON04779;LGTCON04546;LGTCON04547;LGTCON04548;LGTCON04549,reachable,
LGTNET00556,LGTFIT01603,junction_box,unclassified_fitting,LGTLT05375,LGTCON04781;LGTCON04779;LGTCON04546;LGTCON04547;LGTCON04548;LGTCON04549;LGTCON04550,reachable,
LGTNET00556,LGTFIT01603,junction_box,unclassified_fitting,LGTLT05538,LGTCON04781;LGTCON04780;LGTCON04782;LGTCON04783;LGTCON04784,reachable,
LGTNET00556,LGTFIT01603,junction_box,unclassified_fitting,LGTLT05539,LGTCON04781;LGTCON04779;LGTCON04546;LGTCON04776;LGTCON04777,reachable,
LGTNET00556,LGTFIT01603,junction_box,unclassified_fitting,LGTLT05540,LGTCON04781;LGTCON04780,reachable,
LGTNET00556,LGTFIT01603,junction_box,unclassified_fitting,LGTLT05541,LGTCON04781;LGTCON04779;LGTCON04546;LGTCON04776;LGTCON04787;LGTCON04788;LGTCON04789,reachable,
LGTNET00556,LGTFIT01603,junction_box,unclassified_fitting,LGTLT05542,LGTCON04781;LGTCON04779;LGTCON04546;LGTCON04776;LGTCON04787;LGTCON04788,reachable,
LGTNET00556,LGTFIT01603,junction_box,unclassified_fitting,LGTLT05543,LGTCON04781;LGTCON04780;LGTCON04782;LGTCON04783,reachable,
LGTNET00556,LGTFIT01603,junction_box,unclassified_fitting,LGTLT05544,LGTCON04781;LGTCON04780;LGTCON04782,reachable,
LGTNET00556,LGTFIT01603,junction_box,unclassified_fitting,LGTLT05545,LGTCON04781;LGTCON04779;LGTCON04546;LGTCON04776;LGTCON04787,reachable,
LGTNET00556,LGTFIT01603,junction_box,unclassified_fitting,LGTLT05547,LGTCON04781;LGTCON04779;LGTCON04546;LGTCON04776;LGTCON04787;LGTCON04788;LGTCON04789;LGTCON04791;LGTCON03399;LGTCON04792,reachable,
LGTNET00556,LGTFIT01603,junction_box,unclassified_fitting,LGTLT05548,LGTCON04781;LGTCON04779;LGTCON04546;LGTCON04776;LGTCON04787;LGTCON04788;LGTCON04789;LGTCON04791;LGTCON03399,reachable,
LGTNET00556,LGTFIT01604,junction_box,unclassified_fitting,LGTLT05368,LGTCON04790;LGTCON04776;LGTCON04546;LGTCON04544;LGTCON04543;LGTCON04542;LGTCON04541,reachable,
LGTNET00556,LGTFIT01604,junction_box,unclassified_fitting,LGTLT05369,LGTCON04790;LGTCON04776;LGTCON04546;LGTCON04544;LGTCON04543;LGTCON04542,reachable,
LGTNET00556,LGTFIT01604,junction_box,unclassified_fitting,LGTLT05370,LGTCON04790;LGTCON04776;LGTCON04546;LGTCON04544;LGTCON04543,reachable,
LGTNET00556,LGTFIT01604,junction_box,unclassified_fitting,LGTLT05371,LGTCON04790;LGTCON04776;LGTCON04546;LGTCON04544,reachable,
LGTNET00556,LGTFIT01604,junction_box,unclassified_fitting,LGTLT05372,LGTCON04790;LGTCON04776;LGTCON04547,reachable,
LGTNET00556,LGTFIT01604,junction_box,unclassified_fitting,LGTLT05373,LGTCON04790;LGTCON04776;LGTCON04547;LGTCON04548,reachable,
LGTNET00556,LGTFIT01604,junction_box,unclassified_fitting,LGTLT05374,LGTCON04790;LGTCON04776;LGTCON04547;LGTCON04548;LGTCON04549,reachable,
LGTNET00556,LGTFIT01604,junction_box,unclassified_fitting,LGTLT05375,LGTCON04790;LGTCON04776;LGTCON04547;LGTCON04548;LGTCON04549;LGTCON04550,reachable,
LGTNET00556,LGTFIT01604,junction_box,unclassified_fitting,LGTLT05538,LGTCON04790;LGTCON04776;LGTCON04546;LGTCON04779;LGTCON04780;LGTCON04782;LGTCON04783;LGTCON04784,reachable,
LGTNET00556,LGTFIT01604,junction_box,unclassified_fitting,LGTLT05539,LGTCON04790;LGTCON04777,reachable,
LGTNET00556,LGTFIT01604,junction_box,unclassified_fitting,LGTLT05540,LGTCON04790;LGTCON04776;LGTCON04546;LGTCON04779;LGTCON04780,reachable,
LGTNET00556,LGTFIT01604,junction_box,unclassified_fitting,LGTLT05541,LGTCON04790;LGTCON04787;LGTCON04788;LGTCON04789,reachable,
LGTNET00556,LGTFIT01604,junction_box,unclassified_fitting,LGTLT05542,LGTCON04790;LGTCON04787;LGTCON04788,reachable,
LGTNET00556,LGTFIT01604,junction_box,unclassified_fitting,LGTLT05543,LGTCON04790;LGTCON04776;LGTCON04546;LGTCON04779;LGTCON04780;LGTCON04782;LGTCON04783,reachable,
LGTNET00556,LGTFIT01604,junction_box,unclassified_fitting,LGTLT05544,LGTCON04790;LGTCON04776;LGTCON04546;LGTCON04779;LGTCON04780;LGTCON04782,reachable,
LGTNET00556,LGTFIT01604,junction_box,unclassified_fitting,LGTLT05545,LGTCON04790;LGTCON04787,reachable,
LGTNET00556,LGTFIT01604,junction_box,unclassified_fitting,LGTLT05547,LGTCON04790;LGTCON04787;LGTCON04788;LGTCON04789;LGTCON04791;LGTCON03399;LGTCON04792,reachable,
LGTNET00556,LGTFIT01604,junction_box,unclassified_fitting,LGTLT05548,LGTCON04790;LGTCON04787;LGTCON04788;LGTCON04789;LGTCON04791;LGTCON03399,reachable,
LGTNET00557,LGTFIT01512,,unclassified_fitting,LGTLT05376,LGTCON04556;LGTCON04557;LGTCON04552,reachable,
LGTNET00557,LGTFIT01512,,unclassified_fitting,LGTLT05377,LGTCON04556;LGTCON04557,reachable,
LGTNET00557,LGTFIT01512,,unclassified_fitting,LGTLT05378,LGTCON04556;LGTCON04557;LGTCON04553,reachable,
LGTNET00557,LGTFIT01512,,unclassified_fitting,LGTLT05379,LGTCON04556;LGTCON04557;LGTCON04553;LGTCON04554,reachable,
LGTNET00557,LGTFIT01512,,unclassified_fitting,LGTLT05380,LGTCON04556;LGTCON04557;LGTCON04553;LGTCON04554;LGTCON04555,reachable,
LGTNET00560,LGTFIT01514,,unclassified_fitting,LGTLT05388,LGTCON04583;LGTCON04573;LGTCON04572;LGTCON04571;LGTCON04570;LGTCON04569;LGTCON04568;LGTCON04567;LGTCON04566;LGTCON04565;LGTCON04564;LGTCON04563;LGTCON04562;LGTCON04561;LGTCON04560;LGTCON04559,reachable,
LGTNET00560,LGTFIT01514,,unclassified_fitting,LGTLT05389,LGTCON04583;LGTCON04573;LGTCON04572;LGTCON04571;LGTCON04570;LGTCON04569;LGTCON04568;LGTCON04567;LGTCON04566;LGTCON04565;LGTCON04564;LGTCON04563;LGTCON04562;LGTCON04561;LGTCON04560,reachable,
LGTNET00560,LGTFIT01514,,unclassified_fitting,LGTLT05390,LGTCON04583;LGTCON04573;LGTCON04572;LGTCON04571;LGTCON04570;LGTCON04569;LGTCON04568;LGTCON04567;LGTCON04566;LGTCON04565;LGTCON04564;LGTCON04563;LGTCON04562;LGTCON04561,reachable,
LGTNET00560,LGTFIT01514,,unclassified_fitting,LGTLT05391,LGTCON04583;LGTCON04573;LGTCON04572;LGTCON04571;LGTCON04570;LGTCON04569;LGTCON04568;LGTCON04567;LGTCON04566;LGTCON04565;LGTCON04564;LGTCON04563;LGTCON04562,reachable,
LGTNET00560,LGTFIT01514,,unclassified_fitting,LGTLT05392,LGTCON04583;LGTCON04573;LGTCON04572;LGTCON04571;LGTCON04570;LGTCON04569;LGTCON04568;LGTCON04567;LGTCON04566;LGTCON04565;LGTCON04564;LGTCON04563,reachable,
LGTNET00560,LGTFIT01514,,unclassified_fitting,LGTLT05393,LGTCON04583;LGTCON04573;LGTCON04572;LGTCON04571;LGTCON04570;LGTCON04569;LGTCON04568;LGTCON04567;LGTCON04566;LGTCON04565;LGTCON04564,reachable,
LGTNET00560,LGTFIT01514,,unclassified_fitting,LGTLT05394,LGTCON04583;LGTCON04573;LGTCON04572;LGTCON04571;LGTCON04570;LGTCON04569;LGTCON04568;LGTCON04567;LGTCON04566;LGTCON04565,reachable,
LGTNET00560,LGTFIT01514,,unclassified_fitting,LGTLT05395,LGTCON04583;LGTCON04573;LGTCON04572;LGTCON04571;LGTCON04570;LGTCON04569;LGTCON04568;LGTCON04567;LGTCON04566,reachable,
LGTNET00560,LGTFIT01514,,unclassified_fitting,LGTLT05396,LGTCON04583;LGTCON04573;LGTCON04572;LGTCON04571;LGTCON04570;LGTCON04569;LGTCON04568;LGTCON04567,reachable,
LGTNET00560,LGTFIT01514,,unclassified_fitting,LGTLT05397,LGTCON04583;LGTCON04573;LGTCON04572;LGTCON04571;LGTCON04570;LGTCON04569;LGTCON04568,reachable,
LGTNET00560,LGTFIT01514,,unclassified_fitting,LGTLT05398,LGTCON04583;LGTCON04573;LGTCON04572;LGTCON04571;LGTCON04570;LGTCON04569,reachable,
LGTNET00560,LGTFIT01514,,unclassified_fitting,LGTLT05399,LGTCON04583;LGTCON04573;LGTCON04572;LGTCON04571;LGTCON04570,reachable,
LGTNET00560,LGTFIT01514,,unclassified_fitting,LGTLT05400,LGTCON04583;LGTCON04573;LGTCON04572;LGTCON04571,reachable,
LGTNET00560,LGTFIT01514,,unclassified_fitting,LGTLT05401,LGTCON04583;LGTCON04573;LGTCON04572,reachable,
LGTNET00560,LGTFIT01514,,unclassified_fitting,LGTLT05402,LGTCON04583;LGTCON04573,reachable,
LGTNET00560,LGTFIT01514,,unclassified_fitting,LGTLT05403,LGTCON04583,reachable,
LGTNET00560,LGTFIT01514,,unclassified_fitting,LGTLT05404,LGTCON04583;LGTCON04574,reachable,
LGTNET00560,LGTFIT01514,,unclassified_fitting,LGTLT05405,LGTCON04583;LGTCON04574;LGTCON04575,reachable,
LGTNET00560,LGTFIT01514,,unclassified_fitting,LGTLT05406,LGTCON04583;LGTCON04574;LGTCON04575;LGTCON04576;LGTCON04582,reachable,
LGTNET00560,LGTFIT01514,,unclassified_fitting,LGTLT05407,LGTCON04583;LGTCON04574;LGTCON04575;LGTCON04576,reachable,
LGTNET00560,LGTFIT01514,,unclassified_fitting,LGTLT05408,LGTCON04583;LGTCON04574;LGTCON04575;LGTCON04576;LGTCON04577,reachable,
LGTNET00560,LGTFIT01514,,unclassified_fitting,LGTLT05409,LGTCON04583;LGTCON04574;LGTCON04575;LGTCON04576;LGTCON04577;LGTCON04578,reachable,
LGTNET00560,LGTFIT01514,,unclassified_fitting,LGTLT05410,LGTCON04583;LGTCON04574;LGTCON04575;LGTCON04576;LGTCON04577;LGTCON04578;LGTCON04579,reachable,
LGTNET00560,LGTFIT01514,,unclassified_fitting,LGTLT05411,LGTCON04583;LGTCON04574;LGTCON04575;LGTCON04576;LGTCON04577;LGTCON04578;LGTCON04579;LGTCON04580,reachable,
LGTNET00560,LGTFIT01514,,unclassified_fitting,LGTLT05412,LGTCON04583;LGTCON04574;LGTCON04575;LGTCON04576;LGTCON04577;LGTCON04578;LGTCON04579;LGTCON04580;LGTCON04581,reachable,
LGTNET00560,LGTFIT01514,,unclassified_fitting,LGTLT05489,LGTCON04699;LGTCON04698;LGTCON04697;LGTCON04696;LGTCON04695;LGTCON04694,reachable,
LGTNET00560,LGTFIT01514,,unclassified_fitting,LGTLT05490,LGTCON04699;LGTCON04698;LGTCON04697;LGTCON04696,reachable,
LGTNET00560,LGTFIT01514,,unclassified_fitting,LGTLT05491,LGTCON04699;LGTCON04698;LGTCON04697,reachable,
LGTNET00560,LGTFIT01514,,unclassified_fitting,LGTLT05492,LGTCON04699;LGTCON04698,reachable,
LGTNET00560,LGTFIT01514,,unclassified_fitting,LGTLT05493,LGTCON04699,reachable,
LGTNET00561,LGTFIT01515,,unclassified_fitting,LGTLT05414,LGTCON04585,reachable,
LGTNET00561,LGTFIT01516,,unclassified_fitting,LGTLT05414,LGTCON04587,reachable,
LGTNET00561,LGTFIT01517,service_box,explicit,LGTLT05414,LGTCON04586,reachable,
LGTNET00563,LGTFIT01522,,unclassified_fitting,LGTLT05421,LGTCON04598,reachable,
LGTNET00563,LGTFIT01522,,unclassified_fitting,LGTLT05422,LGTCON04598;LGTCON04599,reachable,
LGTNET00563,LGTFIT01522,,unclassified_fitting,LGTLT05423,LGTCON04598;LGTCON04599;LGTCON04600,reachable,
LGTNET00563,LGTFIT01522,,unclassified_fitting,LGTLT05424,LGTCON04598;LGTCON04599;LGTCON04600;LGTCON04601,reachable,
LGTNET00563,LGTFIT01522,,unclassified_fitting,LGTLT05425,LGTCON04598;LGTCON04599;LGTCON04600;LGTCON04601;LGTCON04602,reachable,
LGTNET00563,LGTFIT01522,,unclassified_fitting,LGTLT05426,LGTCON04598;LGTCON04599;LGTCON04600;LGTCON04601;LGTCON04602;LGTCON04603,reachable,
LGTNET00563,LGTFIT01522,,unclassified_fitting,LGTLT05427,LGTCON04598;LGTCON04599;LGTCON04600;LGTCON04601;LGTCON04602;LGTCON04603;LGTCON04604;LGTCON04605,reachable,
LGTNET00563,LGTFIT01522,,unclassified_fitting,LGTLT05428,LGTCON04598;LGTCON04599;LGTCON04600;LGTCON04601;LGTCON04602;LGTCON04603;LGTCON04604;LGTCON04605;LGTCON04606,reachable,
LGTNET00564,LGTFIT01360,,unclassified_fitting,LGTLT05429,LGTCON04613,reachable,
LGTNET00564,LGTFIT01360,,unclassified_fitting,LGTLT05430,LGTCON04613;LGTCON04612,reachable,
LGTNET00564,LGTFIT01360,,unclassified_fitting,LGTLT05431,LGTCON04613;LGTCON04612;LGTCON04611,reachable,
LGTNET00564,LGTFIT01360,,unclassified_fitting,LGTLT05432,LGTCON04613;LGTCON04612;LGTCON04611;LGTCON04610,reachable,
LGTNET00564,LGTFIT01360,,unclassified_fitting,LGTLT05433,LGTCON04613;LGTCON04612;LGTCON04611;LGTCON04610;LGTCON04609,reachable,
LGTNET00564,LGTFIT01360,,unclassified_fitting,LGTLT05434,LGTCON04613;LGTCON04612;LGTCON04611;LGTCON04610;LGTCON04609;LGTCON04608,reachable,
LGTNET00564,LGTFIT01360,,unclassified_fitting,LGTLT05435,LGTCON04613;LGTCON04612;LGTCON04611;LGTCON04610;LGTCON04609;LGTCON04608;LGTCON04607,reachable,
LGTNET00564,LGTFIT01540,,unclassified_fitting,LGTLT05429,LGTCON04645;LGTCON04607;LGTCON04608;LGTCON04609;LGTCON04610;LGTCON04611;LGTCON04612,reachable,
LGTNET00564,LGTFIT01540,,unclassified_fitting,LGTLT05430,LGTCON04645;LGTCON04607;LGTCON04608;LGTCON04609;LGTCON04610;LGTCON04611,reachable,
LGTNET00564,LGTFIT01540,,unclassified_fitting,LGTLT05431,LGTCON04645;LGTCON04607;LGTCON04608;LGTCON04609;LGTCON04610,reachable,
LGTNET00564,LGTFIT01540,,unclassified_fitting,LGTLT05432,LGTCON04645;LGTCON04607;LGTCON04608;LGTCON04609,reachable,
LGTNET00564,LGTFIT01540,,unclassified_fitting,LGTLT05433,LGTCON04645;LGTCON04607;LGTCON04608,reachable,
LGTNET00564,LGTFIT01540,,unclassified_fitting,LGTLT05434,LGTCON04645;LGTCON04607,reachable,
LGTNET00564,LGTFIT01540,,unclassified_fitting,LGTLT05435,LGTCON04645,reachable,
LGTNET00565,LGTFIT01525,,unclassified_fitting,LGTLT05436,LGTCON04636;LGTCON04633;LGTCON04632;LGTCON04631;LGTCON04629;LGTCON04628;LGTCON04626;LGTCON04625;LGTCON04624;LGTCON04623;LGTCON04622;LGTCON04621;LGTCON04620;LGTCON04619;LGTCON04618;LGTCON04617;LGTCON04616;LGTCON04615,reachable,
LGTNET00565,LGTFIT01525,,unclassified_fitting,LGTLT05437,LGTCON04636;LGTCON04633;LGTCON04632;LGTCON04631;LGTCON04629;LGTCON04628;LGTCON04626;LGTCON04625;LGTCON04624;LGTCON04623;LGTCON04622;LGTCON04621;LGTCON04620;LGTCON04619;LGTCON04618;LGTCON04617;LGTCON04616,reachable,
LGTNET00565,LGTFIT01525,,unclassified_fitting,LGTLT05438,LGTCON04636;LGTCON04633;LGTCON04632;LGTCON04631;LGTCON04629;LGTCON04628;LGTCON04626;LGTCON04625;LGTCON04624;LGTCON04623;LGTCON04622;LGTCON04621;LGTCON04620;LGTCON04619;LGTCON04618,reachable,
LGTNET00565,LGTFIT01525,,unclassified_fitting,LGTLT05439,LGTCON04636;LGTCON04633;LGTCON04632;LGTCON04631;LGTCON04629;LGTCON04628;LGTCON04626;LGTCON04625;LGTCON04624;LGTCON04623;LGTCON04622;LGTCON04621;LGTCON04620;LGTCON04619,reachable,
LGTNET00565,LGTFIT01525,,unclassified_fitting,LGTLT05440,LGTCON04636;LGTCON04633;LGTCON04632;LGTCON04631;LGTCON04629;LGTCON04628;LGTCON04626;LGTCON04625;LGTCON04624;LGTCON04623;LGTCON04622;LGTCON04621;LGTCON04620,reachable,
LGTNET00565,LGTFIT01525,,unclassified_fitting,LGTLT05441,LGTCON04636;LGTCON04633;LGTCON04632;LGTCON04631;LGTCON04629;LGTCON04628;LGTCON04626;LGTCON04625;LGTCON04624;LGTCON04623;LGTCON04622;LGTCON04621,reachable,
LGTNET00565,LGTFIT01525,,unclassified_fitting,LGTLT05442,LGTCON04636;LGTCON04633;LGTCON04632;LGTCON04631;LGTCON04629;LGTCON04628;LGTCON04626;LGTCON04625;LGTCON04624;LGTCON04623;LGTCON04622,reachable,
LGTNET00565,LGTFIT01525,,unclassified_fitting,LGTLT05443,LGTCON04636;LGTCON04633;LGTCON04632;LGTCON04631;LGTCON04629;LGTCON04628;LGTCON04626;LGTCON04625;LGTCON04624;LGTCON04623,reachable,
LGTNET00565,LGTFIT01525,,unclassified_fitting,LGTLT05444,LGTCON04636;LGTCON04633;LGTCON04632;LGTCON04631;LGTCON04629;LGTCON04628;LGTCON04626;LGTCON04625;LGTCON04624,reachable,
LGTNET00565,LGTFIT01525,,unclassified_fitting,LGTLT05445,LGTCON04636;LGTCON04633;LGTCON04632;LGTCON04631;LGTCON04629;LGTCON04628;LGTCON04626;LGTCON04625,reachable,
LGTNET00565,LGTFIT01525,,unclassified_fitting,LGTLT05446,LGTCON04636;LGTCON04633;LGTCON04632;LGTCON04631;LGTCON04629;LGTCON04628;LGTCON04626,reachable,
LGTNET00565,LGTFIT01525,,unclassified_fitting,LGTLT05447,LGTCON04636;LGTCON04633;LGTCON04632;LGTCON04631;LGTCON04629;LGTCON04628;LGTCON04627,reachable,
LGTNET00565,LGTFIT01525,,unclassified_fitting,LGTLT05448,LGTCON04636;LGTCON04633;LGTCON04632;LGTCON04631;LGTCON04629,reachable,
LGTNET00565,LGTFIT01525,,unclassified_fitting,LGTLT05449,LGTCON04636;LGTCON04635,reachable,
LGTNET00565,LGTFIT01525,,unclassified_fitting,LGTLT05450,LGTCON04636;LGTCON04634,reachable,
LGTNET00565,LGTFIT01525,,unclassified_fitting,LGTLT05451,LGTCON04636;LGTCON04641;LGTCON04642,reachable,
LGTNET00565,LGTFIT01535,,unclassified_fitting,LGTLT05436,LGTCON04643;LGTCON04616;LGTCON04615,reachable,
LGTNET00565,LGTFIT01535,,unclassified_fitting,LGTLT05437,LGTCON04643;LGTCON04616,reachable,
LGTNET00565,LGTFIT01535,,unclassified_fitting,LGTLT05438,LGTCON04643;LGTCON04617,reachable,
LGTNET00565,LGTFIT01535,,unclassified_fitting,LGTLT05439,LGTCON04643;LGTCON04617;LGTCON04618,reachable,
LGTNET00565,LGTFIT01535,,unclassified_fitting,LGTLT05440,LGTCON04643;LGTCON04617;LGTCON04618;LGTCON04619,reachable,
LGTNET00565,LGTFIT01535,,unclassified_fitting,LGTLT05441,LGTCON04643;LGTCON04617;LGTCON04618;LGTCON04619;LGTCON04620,reachable,
LGTNET00565,LGTFIT01535,,unclassified_fitting,LGTLT05442,LGTCON04643;LGTCON04617;LGTCON04618;LGTCON04619;LGTCON04620;LGTCON04621,reachable,
LGTNET00565,LGTFIT01535,,unclassified_fitting,LGTLT05443,LGTCON04643;LGTCON04617;LGTCON04618;LGTCON04619;LGTCON04620;LGTCON04621;LGTCON04622,reachable,
LGTNET00565,LGTFIT01535,,unclassified_fitting,LGTLT05444,LGTCON04643;LGTCON04617;LGTCON04618;LGTCON04619;LGTCON04620;LGTCON04621;LGTCON04622;LGTCON04623,reachable,
LGTNET00565,LGTFIT01535,,unclassified_fitting,LGTLT05445,LGTCON04643;LGTCON04617;LGTCON04618;LGTCON04619;LGTCON04620;LGTCON04621;LGTCON04622;LGTCON04623;LGTCON04624,reachable,
LGTNET00565,LGTFIT01535,,unclassified_fitting,LGTLT05446,LGTCON04643;LGTCON04617;LGTCON04618;LGTCON04619;LGTCON04620;LGTCON04621;LGTCON04622;LGTCON04623;LGTCON04624;LGTCON04625,reachable,
LGTNET00565,LGTFIT01535,,unclassified_fitting,LGTLT05447,LGTCON04643;LGTCON04617;LGTCON04618;LGTCON04619;LGTCON04620;LGTCON04621;LGTCON04622;LGTCON04623;LGTCON04624;LGTCON04625;LGTCON04626;LGTCON04627,reachable,
LGTNET00565,LGTFIT01535,,unclassified_fitting,LGTLT05448,LGTCON04643;LGTCON04617;LGTCON04618;LGTCON04619;LGTCON04620;LGTCON04621;LGTCON04622;LGTCON04623;LGTCON04624;LGTCON04625;LGTCON04626;LGTCON04628,reachable,
LGTNET00565,LGTFIT01535,,unclassified_fitting,LGTLT05449,LGTCON04643;LGTCON04617;LGTCON04618;LGTCON04619;LGTCON04620;LGTCON04621;LGTCON04622;LGTCON04623;LGTCON04624;LGTCON04625;LGTCON04626;LGTCON04628;LGTCON04629;LGTCON04631;LGTCON04632;LGTCON04633;LGTCON04635,reachable,
LGTNET00565,LGTFIT01535,,unclassified_fitting,LGTLT05450,LGTCON04643;LGTCON04617;LGTCON04618;LGTCON04619;LGTCON04620;LGTCON04621;LGTCON04622;LGTCON04623;LGTCON04624;LGTCON04625;LGTCON04626;LGTCON04628;LGTCON04629;LGTCON04631;LGTCON04632;LGTCON04633;LGTCON04634,reachable,
LGTNET00565,LGTFIT01535,,unclassified_fitting,LGTLT05451,LGTCON04643;LGTCON04617;LGTCON04618;LGTCON04619;LGTCON04620;LGTCON04621;LGTCON04622;LGTCON04623;LGTCON04624;LGTCON04625;LGTCON04626;LGTCON04628;LGTCON04629;LGTCON04631;LGTCON04632;LGTCON04633;LGTCON04641;LGTCON04642,reachable,
LGTNET00565,LGTFIT01536,,unclassified_fitting,LGTLT05436,LGTCON04630;LGTCON04629;LGTCON04628;LGTCON04626;LGTCON04625;LGTCON04624;LGTCON04623;LGTCON04622;LGTCON04621;LGTCON04620;LGTCON04619;LGTCON04618;LGTCON04617;LGTCON04616;LGTCON04615,reachable,
LGTNET00565,LGTFIT01536,,unclassified_fitting,LGTLT05437,LGTCON04630;LGTCON04629;LGTCON04628;LGTCON04626;LGTCON04625;LGTCON04624;LGTCON04623;LGTCON04622;LGTCON04621;LGTCON04620;LGTCON04619;LGTCON04618;LGTCON04617;LGTCON04616,reachable,
LGTNET00565,LGTFIT01536,,unclassified_fitting,LGTLT05438,LGTCON04630;LGTCON04629;LGTCON04628;LGTCON04626;LGTCON04625;LGTCON04624;LGTCON04623;LGTCON04622;LGTCON04621;LGTCON04620;LGTCON04619;LGTCON04618,reachable,
LGTNET00565,LGTFIT01536,,unclassified_fitting,LGTLT05439,LGTCON04630;LGTCON04629;LGTCON04628;LGTCON04626;LGTCON04625;LGTCON04624;LGTCON04623;LGTCON04622;LGTCON04621;LGTCON04620;LGTCON04619,reachable,
LGTNET00565,LGTFIT01536,,unclassified_fitting,LGTLT05440,LGTCON04630;LGTCON04629;LGTCON04628;LGTCON04626;LGTCON04625;LGTCON04624;LGTCON04623;LGTCON04622;LGTCON04621;LGTCON04620,reachable,
LGTNET00565,LGTFIT01536,,unclassified_fitting,LGTLT05441,LGTCON04630;LGTCON04629;LGTCON04628;LGTCON04626;LGTCON04625;LGTCON04624;LGTCON04623;LGTCON04622;LGTCON04621,reachable,
LGTNET00565,LGTFIT01536,,unclassified_fitting,LGTLT05442,LGTCON04630;LGTCON04629;LGTCON04628;LGTCON04626;LGTCON04625;LGTCON04624;LGTCON04623;LGTCON04622,reachable,
LGTNET00565,LGTFIT01536,,unclassified_fitting,LGTLT05443,LGTCON04630;LGTCON04629;LGTCON04628;LGTCON04626;LGTCON04625;LGTCON04624;LGTCON04623,reachable,
LGTNET00565,LGTFIT01536,,unclassified_fitting,LGTLT05444,LGTCON04630;LGTCON04629;LGTCON04628;LGTCON04626;LGTCON04625;LGTCON04624,reachable,
LGTNET00565,LGTFIT01536,,unclassified_fitting,LGTLT05445,LGTCON04630;LGTCON04629;LGTCON04628;LGTCON04626;LGTCON04625,reachable,
LGTNET00565,LGTFIT01536,,unclassified_fitting,LGTLT05446,LGTCON04630;LGTCON04629;LGTCON04628;LGTCON04626,reachable,
LGTNET00565,LGTFIT01536,,unclassified_fitting,LGTLT05447,LGTCON04630;LGTCON04629;LGTCON04628;LGTCON04627,reachable,
LGTNET00565,LGTFIT01536,,unclassified_fitting,LGTLT05448,LGTCON04630;LGTCON04629,reachable,
LGTNET00565,LGTFIT01536,,unclassified_fitting,LGTLT05449,LGTCON04630;LGTCON04631;LGTCON04632;LGTCON04633;LGTCON04635,reachable,
LGTNET00565,LGTFIT01536,,unclassified_fitting,LGTLT05450,LGTCON04630;LGTCON04631;LGTCON04632;LGTCON04633;LGTCON04634,reachable,
LGTNET00565,LGTFIT01536,,unclassified_fitting,LGTLT05451,LGTCON04630;LGTCON04631;LGTCON04632;LGTCON04633;LGTCON04641;LGTCON04642,reachable,
LGTNET00565,LGTFIT01537,,unclassified_fitting,LGTLT05436,LGTCON04640;LGTCON04639;LGTCON04638;LGTCON04637;LGTCON04633;LGTCON04632;LGTCON04631;LGTCON04629;LGTCON04628;LGTCON04626;LGTCON04625;LGTCON04624;LGTCON04623;LGTCON04622;LGTCON04621;LGTCON04620;LGTCON04619;LGTCON04618;LGTCON04617;LGTCON04616;LGTCON04615,reachable,
LGTNET00565,LGTFIT01537,,unclassified_fitting,LGTLT05437,LGTCON04640;LGTCON04639;LGTCON04638;LGTCON04637;LGTCON04633;LGTCON04632;LGTCON04631;LGTCON04629;LGTCON04628;LGTCON04626;LGTCON04625;LGTCON04624;LGTCON04623;LGTCON04622;LGTCON04621;LGTCON04620;LGTCON04619;LGTCON04618;LGTCON04617;LGTCON04616,reachable,
LGTNET00565,LGTFIT01537,,unclassified_fitting,LGTLT05438,LGTCON04640;LGTCON04639;LGTCON04638;LGTCON04637;LGTCON04633;LGTCON04632;LGTCON04631;LGTCON04629;LGTCON04628;LGTCON04626;LGTCON04625;LGTCON04624;LGTCON04623;LGTCON04622;LGTCON04621;LGTCON04620;LGTCON04619;LGTCON04618,reachable,
LGTNET00565,LGTFIT01537,,unclassified_fitting,LGTLT05439,LGTCON04640;LGTCON04639;LGTCON04638;LGTCON04637;LGTCON04633;LGTCON04632;LGTCON04631;LGTCON04629;LGTCON04628;LGTCON04626;LGTCON04625;LGTCON04624;LGTCON04623;LGTCON04622;LGTCON04621;LGTCON04620;LGTCON04619,reachable,
LGTNET00565,LGTFIT01537,,unclassified_fitting,LGTLT05440,LGTCON04640;LGTCON04639;LGTCON04638;LGTCON04637;LGTCON04633;LGTCON04632;LGTCON04631;LGTCON04629;LGTCON04628;LGTCON04626;LGTCON04625;LGTCON04624;LGTCON04623;LGTCON04622;LGTCON04621;LGTCON04620,reachable,
LGTNET00565,LGTFIT01537,,unclassified_fitting,LGTLT05441,LGTCON04640;LGTCON04639;LGTCON04638;LGTCON04637;LGTCON04633;LGTCON04632;LGTCON04631;LGTCON04629;LGTCON04628;LGTCON04626;LGTCON04625;LGTCON04624;LGTCON04623;LGTCON04622;LGTCON04621,reachable,
LGTNET00565,LGTFIT01537,,unclassified_fitting,LGTLT05442,LGTCON04640;LGTCON04639;LGTCON04638;LGTCON04637;LGTCON04633;LGTCON04632;LGTCON04631;LGTCON04629;LGTCON04628;LGTCON04626;LGTCON04625;LGTCON04624;LGTCON04623;LGTCON04622,reachable,
LGTNET00565,LGTFIT01537,,unclassified_fitting,LGTLT05443,LGTCON04640;LGTCON04639;LGTCON04638;LGTCON04637;LGTCON04633;LGTCON04632;LGTCON04631;LGTCON04629;LGTCON04628;LGTCON04626;LGTCON04625;LGTCON04624;LGTCON04623,reachable,
LGTNET00565,LGTFIT01537,,unclassified_fitting,LGTLT05444,LGTCON04640;LGTCON04639;LGTCON04638;LGTCON04637;LGTCON04633;LGTCON04632;LGTCON04631;LGTCON04629;LGTCON04628;LGTCON04626;LGTCON04625;LGTCON04624,reachable,
LGTNET00565,LGTFIT01537,,unclassified_fitting,LGTLT05445,LGTCON04640;LGTCON04639;LGTCON04638;LGTCON04637;LGTCON04633;LGTCON04632;LGTCON04631;LGTCON04629;LGTCON04628;LGTCON04626;LGTCON04625,reachable,
LGTNET00565,LGTFIT01537,,unclassified_fitting,LGTLT05446,LGTCON04640;LGTCON04639;LGTCON04638;LGTCON04637;LGTCON04633;LGTCON04632;LGTCON04631;LGTCON04629;LGTCON04628;LGTCON04626,reachable,
LGTNET00565,LGTFIT01537,,unclassified_fitting,LGTLT05447,LGTCON04640;LGTCON04639;LGTCON04638;LGTCON04637;LGTCON04633;LGTCON04632;LGTCON04631;LGTCON04629;LGTCON04628;LGTCON04627,reachable,
LGTNET00565,LGTFIT01537,,unclassified_fitting,LGTLT05448,LGTCON04640;LGTCON04639;LGTCON04638;LGTCON04637;LGTCON04633;LGTCON04632;LGTCON04631;LGTCON04629,reachable,
LGTNET00565,LGTFIT01537,,unclassified_fitting,LGTLT05449,LGTCON04640;LGTCON04639;LGTCON04638;LGTCON04637;LGTCON04635,reachable,
LGTNET00565,LGTFIT01537,,unclassified_fitting,LGTLT05450,LGTCON04640;LGTCON04639;LGTCON04638;LGTCON04637;LGTCON04634,reachable,
LGTNET00565,LGTFIT01537,,unclassified_fitting,LGTLT05451,LGTCON04640;LGTCON04639;LGTCON04638;LGTCON04637;LGTCON04641;LGTCON04642,reachable,
LGTNET00565,LGTFIT01538,,unclassified_fitting,LGTLT05436,LGTCON04644;LGTCON04627;LGTCON04626;LGTCON04625;LGTCON04624;LGTCON04623;LGTCON04622;LGTCON04621;LGTCON04620;LGTCON04619;LGTCON04618;LGTCON04617;LGTCON04616;LGTCON04615,reachable,
LGTNET00565,LGTFIT01538,,unclassified_fitting,LGTLT05437,LGTCON04644;LGTCON04627;LGTCON04626;LGTCON04625;LGTCON04624;LGTCON04623;LGTCON04622;LGTCON04621;LGTCON04620;LGTCON04619;LGTCON04618;LGTCON04617;LGTCON04616,reachable,
LGTNET00565,LGTFIT01538,,unclassified_fitting,LGTLT05438,LGTCON04644;LGTCON04627;LGTCON04626;LGTCON04625;LGTCON04624;LGTCON04623;LGTCON04622;LGTCON04621;LGTCON04620;LGTCON04619;LGTCON04618,reachable,
LGTNET00565,LGTFIT01538,,unclassified_fitting,LGTLT05439,LGTCON04644;LGTCON04627;LGTCON04626;LGTCON04625;LGTCON04624;LGTCON04623;LGTCON04622;LGTCON04621;LGTCON04620;LGTCON04619,reachable,
LGTNET00565,LGTFIT01538,,unclassified_fitting,LGTLT05440,LGTCON04644;LGTCON04627;LGTCON04626;LGTCON04625;LGTCON04624;LGTCON04623;LGTCON04622;LGTCON04621;LGTCON04620,reachable,
LGTNET00565,LGTFIT01538,,unclassified_fitting,LGTLT05441,LGTCON04644;LGTCON04627;LGTCON04626;LGTCON04625;LGTCON04624;LGTCON04623;LGTCON04622;LGTCON04621,reachable,
LGTNET00565,LGTFIT01538,,unclassified_fitting,LGTLT05442,LGTCON04644;LGTCON04627;LGTCON04626;LGTCON04625;LGTCON04624;LGTCON04623;LGTCON04622,reachable,
LGTNET00565,LGTFIT01538,,unclassified_fitting,LGTLT05443,LGTCON04644;LGTCON04627;LGTCON04626;LGTCON04625;LGTCON04624;LGTCON04623,reachable,
LGTNET00565,LGTFIT01538,,unclassified_fitting,LGTLT05444,LGTCON04644;LGTCON04627;LGTCON04626;LGTCON04625;LGTCON04624,reachable,
LGTNET00565,LGTFIT01538,,unclassified_fitting,LGTLT05445,LGTCON04644;LGTCON04627;LGTCON04626;LGTCON04625,reachable,
LGTNET00565,LGTFIT01538,,unclassified_fitting,LGTLT05446,LGTCON04644;LGTCON04627;LGTCON04626,reachable,
LGTNET00565,LGTFIT01538,,unclassified_fitting,LGTLT05447,LGTCON04644,reachable,
LGTNET00565,LGTFIT01538,,unclassified_fitting,LGTLT05448,LGTCON04644;LGTCON04627;LGTCON04628,reachable,
LGTNET00565,LGTFIT01538,,unclassified_fitting,LGTLT05449,LGTCON04644;LGTCON04627;LGTCON04628;LGTCON04629;LGTCON04631;LGTCON04632;LGTCON04633;LGTCON04635,reachable,
LGTNET00565,LGTFIT01538,,unclassified_fitting,LGTLT05450,LGTCON04644;LGTCON04627;LGTCON04628;LGTCON04629;LGTCON04631;LGTCON04632;LGTCON04633;LGTCON04634,reachable,
LGTNET00565,LGTFIT01538,,unclassified_fitting,LGTLT05451,LGTCON04644;LGTCON04627;LGTCON04628;LGTCON04629;LGTCON04631;LGTCON04632;LGTCON04633;LGTCON04641;LGTCON04642,reachable,
LGTNET00565,LGTFIT01539,,unclassified_fitting,LGTLT05436,LGTCON04614,reachable,
LGTNET00565,LGTFIT01539,,unclassified_fitting,LGTLT05437,LGTCON04614;LGTCON04615,reachable,
LGTNET00565,LGTFIT01539,,unclassified_fitting,LGTLT05438,LGTCON04614;LGTCON04615;LGTCON04616;LGTCON04617,reachable,
LGTNET00565,LGTFIT01539,,unclassified_fitting,LGTLT05439,LGTCON04614;LGTCON04615;LGTCON04616;LGTCON04617;LGTCON04618,reachable,
LGTNET00565,LGTFIT01539,,unclassified_fitting,LGTLT05440,LGTCON04614;LGTCON04615;LGTCON04616;LGTCON04617;LGTCON04618;LGTCON04619,reachable,
LGTNET00565,LGTFIT01539,,unclassified_fitting,LGTLT05441,LGTCON04614;LGTCON04615;LGTCON04616;LGTCON04617;LGTCON04618;LGTCON04619;LGTCON04620,reachable,
LGTNET00565,LGTFIT01539,,unclassified_fitting,LGTLT05442,LGTCON04614;LGTCON04615;LGTCON04616;LGTCON04617;LGTCON04618;LGTCON04619;LGTCON04620;LGTCON04621,reachable,
LGTNET00565,LGTFIT01539,,unclassified_fitting,LGTLT05443,LGTCON04614;LGTCON04615;LGTCON04616;LGTCON04617;LGTCON04618;LGTCON04619;LGTCON04620;LGTCON04621;LGTCON04622,reachable,
LGTNET00565,LGTFIT01539,,unclassified_fitting,LGTLT05444,LGTCON04614;LGTCON04615;LGTCON04616;LGTCON04617;LGTCON04618;LGTCON04619;LGTCON04620;LGTCON04621;LGTCON04622;LGTCON04623,reachable,
LGTNET00565,LGTFIT01539,,unclassified_fitting,LGTLT05445,LGTCON04614;LGTCON04615;LGTCON04616;LGTCON04617;LGTCON04618;LGTCON04619;LGTCON04620;LGTCON04621;LGTCON04622;LGTCON04623;LGTCON04624,reachable,
LGTNET00565,LGTFIT01539,,unclassified_fitting,LGTLT05446,LGTCON04614;LGTCON04615;LGTCON04616;LGTCON04617;LGTCON04618;LGTCON04619;LGTCON04620;LGTCON04621;LGTCON04622;LGTCON04623;LGTCON04624;LGTCON04625,reachable,
LGTNET00565,LGTFIT01539,,unclassified_fitting,LGTLT05447,LGTCON04614;LGTCON04615;LGTCON04616;LGTCON04617;LGTCON04618;LGTCON04619;LGTCON04620;LGTCON04621;LGTCON04622;LGTCON04623;LGTCON04624;LGTCON04625;LGTCON04626;LGTCON04627,reachable,
LGTNET00565,LGTFIT01539,,unclassified_fitting,LGTLT05448,LGTCON04614;LGTCON04615;LGTCON04616;LGTCON04617;LGTCON04618;LGTCON04619;LGTCON04620;LGTCON04621;LGTCON04622;LGTCON04623;LGTCON04624;LGTCON04625;LGTCON04626;LGTCON04628,reachable,
LGTNET00565,LGTFIT01539,,unclassified_fitting,LGTLT05449,LGTCON04614;LGTCON04615;LGTCON04616;LGTCON04617;LGTCON04618;LGTCON04619;LGTCON04620;LGTCON04621;LGTCON04622;LGTCON04623;LGTCON04624;LGTCON04625;LGTCON04626;LGTCON04628;LGTCON04629;LGTCON04631;LGTCON04632;LGTCON04633;LGTCON04635,reachable,
LGTNET00565,LGTFIT01539,,unclassified_fitting,LGTLT05450,LGTCON04614;LGTCON04615;LGTCON04616;LGTCON04617;LGTCON04618;LGTCON04619;LGTCON04620;LGTCON04621;LGTCON04622;LGTCON04623;LGTCON04624;LGTCON04625;LGTCON04626;LGTCON04628;LGTCON04629;LGTCON04631;LGTCON04632;LGTCON04633;LGTCON04634,reachable,
LGTNET00565,LGTFIT01539,,unclassified_fitting,LGTLT05451,LGTCON04614;LGTCON04615;LGTCON04616;LGTCON04617;LGTCON04618;LGTCON04619;LGTCON04620;LGTCON04621;LGTCON04622;LGTCON04623;LGTCON04624;LGTCON04625;LGTCON04626;LGTCON04628;LGTCON04629;LGTCON04631;LGTCON04632;LGTCON04633;LGTCON04641;LGTCON04642,reachable,
LGTNET00565,LGTFIT01541,,unclassified_fitting,LGTLT05436,LGTCON04647;LGTCON04646;LGTCON04633;LGTCON04632;LGTCON04631;LGTCON04629;LGTCON04628;LGTCON04626;LGTCON04625;LGTCON04624;LGTCON04623;LGTCON04622;LGTCON04621;LGTCON04620;LGTCON04619;LGTCON04618;LGTCON04617;LGTCON04616;LGTCON04615,reachable,
LGTNET00565,LGTFIT01541,,unclassified_fitting,LGTLT05437,LGTCON04647;LGTCON04646;LGTCON04633;LGTCON04632;LGTCON04631;LGTCON04629;LGTCON04628;LGTCON04626;LGTCON04625;LGTCON04624;LGTCON04623;LGTCON04622;LGTCON04621;LGTCON04620;LGTCON04619;LGTCON04618;LGTCON04617;LGTCON04616,reachable,
LGTNET00565,LGTFIT01541,,unclassified_fitting,LGTLT05438,LGTCON04647;LGTCON04646;LGTCON04633;LGTCON04632;LGTCON04631;LGTCON04629;LGTCON04628;LGTCON04626;LGTCON04625;LGTCON04624;LGTCON04623;LGTCON04622;LGTCON04621;LGTCON04620;LGTCON04619;LGTCON04618,reachable,
LGTNET00565,LGTFIT01541,,unclassified_fitting,LGTLT05439,LGTCON04647;LGTCON04646;LGTCON04633;LGTCON04632;LGTCON04631;LGTCON04629;LGTCON04628;LGTCON04626;LGTCON04625;LGTCON04624;LGTCON04623;LGTCON04622;LGTCON04621;LGTCON04620;LGTCON04619,reachable,
LGTNET00565,LGTFIT01541,,unclassified_fitting,LGTLT05440,LGTCON04647;LGTCON04646;LGTCON04633;LGTCON04632;LGTCON04631;LGTCON04629;LGTCON04628;LGTCON04626;LGTCON04625;LGTCON04624;LGTCON04623;LGTCON04622;LGTCON04621;LGTCON04620,reachable,
LGTNET00565,LGTFIT01541,,unclassified_fitting,LGTLT05441,LGTCON04647;LGTCON04646;LGTCON04633;LGTCON04632;LGTCON04631;LGTCON04629;LGTCON04628;LGTCON04626;LGTCON04625;LGTCON04624;LGTCON04623;LGTCON04622;LGTCON04621,reachable,
LGTNET00565,LGTFIT01541,,unclassified_fitting,LGTLT05442,LGTCON04647;LGTCON04646;LGTCON04633;LGTCON04632;LGTCON04631;LGTCON04629;LGTCON04628;LGTCON04626;LGTCON04625;LGTCON04624;LGTCON04623;LGTCON04622,reachable,
LGTNET00565,LGTFIT01541,,unclassified_fitting,LGTLT05443,LGTCON04647;LGTCON04646;LGTCON04633;LGTCON04632;LGTCON04631;LGTCON04629;LGTCON04628;LGTCON04626;LGTCON04625;LGTCON04624;LGTCON04623,reachable,
LGTNET00565,LGTFIT01541,,unclassified_fitting,LGTLT05444,LGTCON04647;LGTCON04646;LGTCON04633;LGTCON04632;LGTCON04631;LGTCON04629;LGTCON04628;LGTCON04626;LGTCON04625;LGTCON04624,reachable,
LGTNET00565,LGTFIT01541,,unclassified_fitting,LGTLT05445,LGTCON04647;LGTCON04646;LGTCON04633;LGTCON04632;LGTCON04631;LGTCON04629;LGTCON04628;LGTCON04626;LGTCON04625,reachable,
LGTNET00565,LGTFIT01541,,unclassified_fitting,LGTLT05446,LGTCON04647;LGTCON04646;LGTCON04633;LGTCON04632;LGTCON04631;LGTCON04629;LGTCON04628;LGTCON04626,reachable,
LGTNET00565,LGTFIT01541,,unclassified_fitting,LGTLT05447,LGTCON04647;LGTCON04646;LGTCON04633;LGTCON04632;LGTCON04631;LGTCON04629;LGTCON04628;LGTCON04627,reachable,
LGTNET00565,LGTFIT01541,,unclassified_fitting,LGTLT05448,LGTCON04647;LGTCON04646;LGTCON04633;LGTCON04632;LGTCON04631;LGTCON04629,reachable,
LGTNET00565,LGTFIT01541,,unclassified_fitting,LGTLT05449,LGTCON04647;LGTCON04646;LGTCON04635,reachable,
LGTNET00565,LGTFIT01541,,unclassified_fitting,LGTLT05450,LGTCON04647;LGTCON04646;LGTCON04634,reachable,
LGTNET00565,LGTFIT01541,,unclassified_fitting,LGTLT05451,LGTCON04647;LGTCON04646;LGTCON04641;LGTCON04642,reachable,
LGTNET00566,LGTFIT01544,,unclassified_fitting,LGTLT05452,LGTCON04656;LGTCON04655;LGTCON04654;LGTCON04653;LGTCON04652;LGTCON04651;LGTCON04649;LGTCON04648,reachable,
LGTNET00566,LGTFIT01544,,unclassified_fitting,LGTLT05453,LGTCON04656;LGTCON04655;LGTCON04654;LGTCON04653;LGTCON04652;LGTCON04651;LGTCON04649,reachable,
LGTNET00566,LGTFIT01544,,unclassified_fitting,LGTLT05454,LGTCON04656;LGTCON04655;LGTCON04654;LGTCON04653;LGTCON04652;LGTCON04651;LGTCON04650,reachable,
LGTNET00566,LGTFIT01544,,unclassified_fitting,LGTLT05455,LGTCON04656;LGTCON04655;LGTCON04654;LGTCON04653;LGTCON04652;LGTCON04651,reachable,
LGTNET00566,LGTFIT01544,,unclassified_fitting,LGTLT05456,LGTCON04656;LGTCON04655;LGTCON04654;LGTCON04653;LGTCON04652,reachable,
LGTNET00566,LGTFIT01544,,unclassified_fitting,LGTLT05457,LGTCON04656;LGTCON04655;LGTCON04654;LGTCON04653,reachable,
LGTNET00566,LGTFIT01544,,unclassified_fitting,LGTLT05458,LGTCON04656;LGTCON04655;LGTCON04654,reachable,
LGTNET00566,LGTFIT01544,,unclassified_fitting,LGTLT05459,LGTCON04656,reachable,
LGTNET00566,LGTFIT01544,,unclassified_fitting,LGTLT05460,LGTCON04656;LGTCON04655;LGTCON04657;LGTCON04658,reachable,
LGTNET00566,LGTFIT01544,,unclassified_fitting,LGTLT05461,LGTCON04656;LGTCON04655;LGTCON04657;LGTCON04658;LGTCON04660,reachable,
LGTNET00568,LGTFIT01545,,unclassified_fitting,LGTLT05466,LGTCON04662,reachable,
LGTNET00569,LGTFIT01546,,unclassified_fitting,LGTLT05467,LGTCON04665;LGTCON04663,reachable,
LGTNET00569,LGTFIT01546,,unclassified_fitting,LGTLT05468,LGTCON04665;LGTCON04664,reachable,
LGTNET00569,LGTFIT01546,,unclassified_fitting,LGTLT05469,LGTCON04665;LGTCON04671;LGTCON04674,reachable,
LGTNET00569,LGTFIT01552,,unclassified_fitting,LGTLT05467,LGTCON04667;LGTCON04669;LGTCON04663,reachable,
LGTNET00569,LGTFIT01552,,unclassified_fitting,LGTLT05468,LGTCON04667;LGTCON04669;LGTCON04664,reachable,
LGTNET00569,LGTFIT01552,,unclassified_fitting,LGTLT05469,LGTCON04667;LGTCON04669;LGTCON04671;LGTCON04674,reachable,
LGTNET00569,LGTFIT01553,,unclassified_fitting,LGTLT05467,LGTCON04668;LGTCON04669;LGTCON04663,reachable,
LGTNET00569,LGTFIT01553,,unclassified_fitting,LGTLT05468,LGTCON04668;LGTCON04669;LGTCON04664,reachable,
LGTNET00569,LGTFIT01553,,unclassified_fitting,LGTLT05469,LGTCON04668;LGTCON04669;LGTCON04671;LGTCON04674,reachable,
LGTNET00569,LGTFIT01554,,unclassified_fitting,LGTLT05467,LGTCON04670;LGTCON04663,reachable,
LGTNET00569,LGTFIT01554,,unclassified_fitting,LGTLT05468,LGTCON04670;LGTCON04664,reachable,
LGTNET00569,LGTFIT01554,,unclassified_fitting,LGTLT05469,LGTCON04670;LGTCON04671;LGTCON04674,reachable,
LGTNET00570,LGTFIT01556,,unclassified_fitting,LGTLT05470,LGTCON04680;LGTCON04681,reachable,
LGTNET00570,LGTFIT01556,,unclassified_fitting,LGTLT05471,LGTCON04680,reachable,
LGTNET00570,LGTFIT01556,,unclassified_fitting,LGTLT05472,LGTCON04680;LGTCON04679;LGTCON04678,reachable,
LGTNET00570,LGTFIT01556,,unclassified_fitting,LGTLT05473,LGTCON04680;LGTCON04679;LGTCON04677,reachable,
LGTNET00570,LGTFIT01557,,unclassified_fitting,LGTLT05470,LGTCON04682,reachable,
LGTNET00570,LGTFIT01557,,unclassified_fitting,LGTLT05471,LGTCON04682;LGTCON04681,reachable,
LGTNET00570,LGTFIT01557,,unclassified_fitting,LGTLT05472,LGTCON04682;LGTCON04681;LGTCON04679;LGTCON04678,reachable,
LGTNET00570,LGTFIT01557,,unclassified_fitting,LGTLT05473,LGTCON04682;LGTCON04681;LGTCON04679;LGTCON04677,reachable,
LGTNET00570,LGTFIT01558,,unclassified_fitting,LGTLT05470,LGTCON04676;LGTCON04677;LGTCON04679;LGTCON04681,reachable,
LGTNET00570,LGTFIT01558,,unclassified_fitting,LGTLT05471,LGTCON04676;LGTCON04677;LGTCON04679,reachable,
LGTNET00570,LGTFIT01558,,unclassified_fitting,LGTLT05472,LGTCON04676;LGTCON04677;LGTCON04678,reachable,
LGTNET00570,LGTFIT01558,,unclassified_fitting,LGTLT05473,LGTCON04676,reachable,
LGTNET00570,LGTFIT01559,,unclassified_fitting,LGTLT05470,LGTCON04684;LGTCON04679;LGTCON04681,reachable,
LGTNET00570,LGTFIT01559,,unclassified_fitting,LGTLT05471,LGTCON04684;LGTCON04679,reachable,
LGTNET00570,LGTFIT01559,,unclassified_fitting,LGTLT05472,LGTCON04684;LGTCON04678,reachable,
LGTNET00570,LGTFIT01559,,unclassified_fitting,LGTLT05473,LGTCON04684;LGTCON04677,reachable,
LGTNET00572,LGTFIT01561,,unclassified_fitting,LGTLT05483,LGTCON04687,reachable,
LGTNET00573,LGTFIT01562,,unclassified_fitting,LGTLT05484,LGTCON04688,reachable,
LGTNET00575,LGTFIT01569,,unclassified_fitting,LGTLT05500,LGTCON04712,reachable,
LGTNET00575,LGTFIT01569,,unclassified_fitting,LGTLT05501,LGTCON04712;LGTCON04713,reachable,
LGTNET00576,LGTFIT01570,,unclassified_fitting,LGTLT05502,LGTCON04716,reachable,
LGTNET00577,LGTFIT01574,,unclassified_fitting,LGTLT05505,LGTCON04721;LGTCON04722,reachable,
LGTNET00577,LGTFIT01574,,unclassified_fitting,LGTLT05506,LGTCON04721,reachable,
LGTNET00579,LGTFIT01575,,unclassified_fitting,LGTLT05508,LGTCON04731;LGTCON04730;LGTCON04728;LGTCON04727;LGTCON04725;LGTCON04724,reachable,
LGTNET00579,LGTFIT01575,,unclassified_fitting,LGTLT05509,LGTCON04731;LGTCON04730;LGTCON04728;LGTCON04727;LGTCON04725,reachable,
LGTNET00579,LGTFIT01575,,unclassified_fitting,LGTLT05510,LGTCON04731;LGTCON04730;LGTCON04728;LGTCON04727;LGTCON04726,reachable,
LGTNET00579,LGTFIT01575,,unclassified_fitting,LGTLT05511,LGTCON04731;LGTCON04730;LGTCON04728;LGTCON04727,reachable,
LGTNET00579,LGTFIT01575,,unclassified_fitting,LGTLT05512,LGTCON04732,reachable,
LGTNET00579,LGTFIT01575,,unclassified_fitting,LGTLT05513,LGTCON04733,reachable,
LGTNET00579,LGTFIT01575,,unclassified_fitting,LGTLT05514,LGTCON04731;LGTCON04730,reachable,
LGTNET00579,LGTFIT01575,,unclassified_fitting,LGTLT05515,LGTCON04731;LGTCON04730;LGTCON04728;LGTCON04729,reachable,
LGTNET00579,LGTFIT01575,,unclassified_fitting,LGTLT05516,LGTCON04731,reachable,
LGTNET00580,LGTFIT01577,,unclassified_fitting,LGTLT05517,LGTCON04740;LGTCON04739;LGTCON04736;LGTCON04735,reachable,
LGTNET00580,LGTFIT01577,,unclassified_fitting,LGTLT05518,LGTCON04740,reachable,
LGTNET00580,LGTFIT01577,,unclassified_fitting,LGTLT05519,LGTCON04740;LGTCON04739;LGTCON04736,reachable,
LGTNET00580,LGTFIT01577,,unclassified_fitting,LGTLT05520,LGTCON04740;LGTCON04739;LGTCON04738,reachable,
LGTNET00580,LGTFIT01577,,unclassified_fitting,LGTLT05521,LGTCON04740;LGTCON04739;LGTCON04741,reachable,
LGTNET00580,LGTFIT01577,,unclassified_fitting,LGTLT05522,LGTCON04740;LGTCON04739;LGTCON04741;LGTCON04742,reachable,
LGTNET00580,LGTFIT01577,,unclassified_fitting,LGTLT05523,LGTCON04740;LGTCON04739;LGTCON04741;LGTCON04742;LGTCON04743;LGTCON04744;LGTCON04745,reachable,
LGTNET00580,LGTFIT01577,,unclassified_fitting,LGTLT05524,LGTCON04740;LGTCON04739;LGTCON04741;LGTCON04742;LGTCON04743;LGTCON04744;LGTCON04746;LGTCON04747,reachable,
LGTNET00580,LGTFIT01577,,unclassified_fitting,LGTLT05525,LGTCON04740;LGTCON04739;LGTCON04741;LGTCON04742;LGTCON04743;LGTCON04744;LGTCON04746;LGTCON04748;LGTCON04749,reachable,
LGTNET00580,LGTFIT01577,,unclassified_fitting,LGTLT05526,LGTCON04740;LGTCON04739;LGTCON04741;LGTCON04742;LGTCON04743;LGTCON04744;LGTCON04746;LGTCON04748;LGTCON04749;LGTCON04750,reachable,
LGTNET00580,LGTFIT01577,,unclassified_fitting,LGTLT05527,LGTCON04740;LGTCON04739;LGTCON04741;LGTCON04742;LGTCON04743;LGTCON04744;LGTCON04746;LGTCON04748;LGTCON04749;LGTCON04750;LGTCON04751,reachable,
LGTNET00580,LGTFIT01578,,unclassified_fitting,LGTLT05517,LGTCON04734,reachable,
LGTNET00580,LGTFIT01578,,unclassified_fitting,LGTLT05518,LGTCON04734;LGTCON04735;LGTCON04736;LGTCON04739,reachable,
LGTNET00580,LGTFIT01578,,unclassified_fitting,LGTLT05519,LGTCON04734;LGTCON04735,reachable,
LGTNET00580,LGTFIT01578,,unclassified_fitting,LGTLT05520,LGTCON04734;LGTCON04735;LGTCON04736;LGTCON04738,reachable,
LGTNET00580,LGTFIT01578,,unclassified_fitting,LGTLT05521,LGTCON04734;LGTCON04735;LGTCON04736;LGTCON04741,reachable,
LGTNET00580,LGTFIT01578,,unclassified_fitting,LGTLT05522,LGTCON04734;LGTCON04735;LGTCON04736;LGTCON04741;LGTCON04742,reachable,
LGTNET00580,LGTFIT01578,,unclassified_fitting,LGTLT05523,LGTCON04734;LGTCON04735;LGTCON04736;LGTCON04741;LGTCON04742;LGTCON04743;LGTCON04744;LGTCON04745,reachable,
LGTNET00580,LGTFIT01578,,unclassified_fitting,LGTLT05524,LGTCON04734;LGTCON04735;LGTCON04736;LGTCON04741;LGTCON04742;LGTCON04743;LGTCON04744;LGTCON04746;LGTCON04747,reachable,
LGTNET00580,LGTFIT01578,,unclassified_fitting,LGTLT05525,LGTCON04734;LGTCON04735;LGTCON04736;LGTCON04741;LGTCON04742;LGTCON04743;LGTCON04744;LGTCON04746;LGTCON04748;LGTCON04749,reachable,
LGTNET00580,LGTFIT01578,,unclassified_fitting,LGTLT05526,LGTCON04734;LGTCON04735;LGTCON04736;LGTCON04741;LGTCON04742;LGTCON04743;LGTCON04744;LGTCON04746;LGTCON04748;LGTCON04749;LGTCON04750,reachable,
LGTNET00580,LGTFIT01578,,unclassified_fitting,LGTLT05527,LGTCON04734;LGTCON04735;LGTCON04736;LGTCON04741;LGTCON04742;LGTCON04743;LGTCON04744;LGTCON04746;LGTCON04748;LGTCON04749;LGTCON04750;LGTCON04751,reachable,
LGTNET00580,LGTFIT01579,,unclassified_fitting,LGTLT05517,LGTCON04753;LGTCON04750;LGTCON04749;LGTCON04748;LGTCON04746;LGTCON04744;LGTCON04743;LGTCON04742;LGTCON04741;LGTCON04736;LGTCON04735,reachable,
LGTNET00580,LGTFIT01579,,unclassified_fitting,LGTLT05518,LGTCON04753;LGTCON04750;LGTCON04749;LGTCON04748;LGTCON04746;LGTCON04744;LGTCON04743;LGTCON04742;LGTCON04741;LGTCON04739,reachable,
LGTNET00580,LGTFIT01579,,unclassified_fitting,LGTLT05519,LGTCON04753;LGTCON04750;LGTCON04749;LGTCON04748;LGTCON04746;LGTCON04744;LGTCON04743;LGTCON04742;LGTCON04741;LGTCON04736,reachable,
LGTNET00580,LGTFIT01579,,unclassified_fitting,LGTLT05520,LGTCON04753;LGTCON04750;LGTCON04749;LGTCON04748;LGTCON04746;LGTCON04744;LGTCON04743;LGTCON04742;LGTCON04741;LGTCON04738,reachable,
LGTNET00580,LGTFIT01579,,unclassified_fitting,LGTLT05521,LGTCON04753;LGTCON04750;LGTCON04749;LGTCON04748;LGTCON04746;LGTCON04744;LGTCON04743;LGTCON04742,reachable,
LGTNET00580,LGTFIT01579,,unclassified_fitting,LGTLT05522,LGTCON04753;LGTCON04750;LGTCON04749;LGTCON04748;LGTCON04746;LGTCON04744;LGTCON04743,reachable,
LGTNET00580,LGTFIT01579,,unclassified_fitting,LGTLT05523,LGTCON04753;LGTCON04750;LGTCON04749;LGTCON04748;LGTCON04746;LGTCON04745,reachable,
LGTNET00580,LGTFIT01579,,unclassified_fitting,LGTLT05524,LGTCON04753;LGTCON04750;LGTCON04749;LGTCON04748;LGTCON04747,reachable,
LGTNET00580,LGTFIT01579,,unclassified_fitting,LGTLT05525,LGTCON04753;LGTCON04750,reachable,
LGTNET00580,LGTFIT01579,,unclassified_fitting,LGTLT05526,LGTCON04753,reachable,
LGTNET00580,LGTFIT01579,,unclassified_fitting,LGTLT05527,LGTCON04753;LGTCON04751,reachable,
LGTNET00580,LGTFIT01584,,unclassified_fitting,LGTLT05517,LGTCON04752;LGTCON04751;LGTCON04750;LGTCON04749;LGTCON04748;LGTCON04746;LGTCON04744;LGTCON04743;LGTCON04742;LGTCON04741;LGTCON04736;LGTCON04735,reachable,
LGTNET00580,LGTFIT01584,,unclassified_fitting,LGTLT05518,LGTCON04752;LGTCON04751;LGTCON04750;LGTCON04749;LGTCON04748;LGTCON04746;LGTCON04744;LGTCON04743;LGTCON04742;LGTCON04741;LGTCON04739,reachable,
LGTNET00580,LGTFIT01584,,unclassified_fitting,LGTLT05519,LGTCON04752;LGTCON04751;LGTCON04750;LGTCON04749;LGTCON04748;LGTCON04746;LGTCON04744;LGTCON04743;LGTCON04742;LGTCON04741;LGTCON04736,reachable,
LGTNET00580,LGTFIT01584,,unclassified_fitting,LGTLT05520,LGTCON04752;LGTCON04751;LGTCON04750;LGTCON04749;LGTCON04748;LGTCON04746;LGTCON04744;LGTCON04743;LGTCON04742;LGTCON04741;LGTCON04738,reachable,
LGTNET00580,LGTFIT01584,,unclassified_fitting,LGTLT05521,LGTCON04752;LGTCON04751;LGTCON04750;LGTCON04749;LGTCON04748;LGTCON04746;LGTCON04744;LGTCON04743;LGTCON04742,reachable,
LGTNET00580,LGTFIT01584,,unclassified_fitting,LGTLT05522,LGTCON04752;LGTCON04751;LGTCON04750;LGTCON04749;LGTCON04748;LGTCON04746;LGTCON04744;LGTCON04743,reachable,
LGTNET00580,LGTFIT01584,,unclassified_fitting,LGTLT05523,LGTCON04752;LGTCON04751;LGTCON04750;LGTCON04749;LGTCON04748;LGTCON04746;LGTCON04745,reachable,
LGTNET00580,LGTFIT01584,,unclassified_fitting,LGTLT05524,LGTCON04752;LGTCON04751;LGTCON04750;LGTCON04749;LGTCON04748;LGTCON04747,reachable,
LGTNET00580,LGTFIT01584,,unclassified_fitting,LGTLT05525,LGTCON04752;LGTCON04751;LGTCON04750,reachable,
LGTNET00580,LGTFIT01584,,unclassified_fitting,LGTLT05526,LGTCON04752;LGTCON04751,reachable,
LGTNET00580,LGTFIT01584,,unclassified_fitting,LGTLT05527,LGTCON04752,reachable,
LGTNET00581,LGTFIT01585,,unclassified_fitting,LGTLT05528,LGTCON04754,reachable,
LGTNET00581,LGTFIT01586,,unclassified_fitting,LGTLT05528,LGTCON04756;LGTCON04755,reachable,
LGTNET00581,LGTFIT01588,,unclassified_fitting,LGTLT05528,LGTCON04757;LGTCON04755,reachable,
LGTNET00582,LGTFIT01589,,unclassified_fitting,LGTLT05529,LGTCON04758;LGTCON04759,reachable,
LGTNET00582,LGTFIT01589,,unclassified_fitting,LGTLT05530,LGTCON04758;LGTCON04759;LGTCON04760,reachable,
LGTNET00582,LGTFIT01589,,unclassified_fitting,LGTLT05531,LGTCON04758;LGTCON04759;LGTCON04760;LGTCON04762,reachable,
LGTNET00582,LGTFIT01589,,unclassified_fitting,LGTLT05532,LGTCON04758;LGTCON04759;LGTCON04760;LGTCON04762;LGTCON04763,reachable,
LGTNET00582,LGTFIT01589,,unclassified_fitting,LGTLT05533,LGTCON04758;LGTCON04759;LGTCON04760;LGTCON04762;LGTCON04763;LGTCON04764,reachable,
LGTNET00582,LGTFIT01589,,unclassified_fitting,LGTLT05534,LGTCON04758;LGTCON04759;LGTCON04760;LGTCON04762;LGTCON04763;LGTCON04764;LGTCON04765,reachable,
LGTNET00582,LGTFIT01589,,unclassified_fitting,LGTLT05535,LGTCON04758;LGTCON04759;LGTCON04760;LGTCON04762;LGTCON04763;LGTCON04764;LGTCON04765;LGTCON04766;LGTCON04767,reachable,
LGTNET00582,LGTFIT01589,,unclassified_fitting,LGTLT05536,LGTCON04758;LGTCON04759;LGTCON04760;LGTCON04762;LGTCON04763;LGTCON04764;LGTCON04765;LGTCON04766;LGTCON04769;LGTCON04770,reachable,
LGTNET00582,LGTFIT01589,,unclassified_fitting,LGTLT05537,LGTCON04758;LGTCON04759;LGTCON04760;LGTCON04762;LGTCON04763;LGTCON04764;LGTCON04765;LGTCON04766;LGTCON04769;LGTCON04772,reachable,
LGTNET00582,LGTFIT01590,,unclassified_fitting,LGTLT05529,LGTCON04761;LGTCON04760,reachable,
LGTNET00582,LGTFIT01590,,unclassified_fitting,LGTLT05530,LGTCON04761,reachable,
LGTNET00582,LGTFIT01590,,unclassified_fitting,LGTLT05531,LGTCON04761;LGTCON04762,reachable,
LGTNET00582,LGTFIT01590,,unclassified_fitting,LGTLT05532,LGTCON04761;LGTCON04762;LGTCON04763,reachable,
LGTNET00582,LGTFIT01590,,unclassified_fitting,LGTLT05533,LGTCON04761;LGTCON04762;LGTCON04763;LGTCON04764,reachable,
LGTNET00582,LGTFIT01590,,unclassified_fitting,LGTLT05534,LGTCON04761;LGTCON04762;LGTCON04763;LGTCON04764;LGTCON04765,reachable,
LGTNET00582,LGTFIT01590,,unclassified_fitting,LGTLT05535,LGTCON04761;LGTCON04762;LGTCON04763;LGTCON04764;LGTCON04765;LGTCON04766;LGTCON04767,reachable,
LGTNET00582,LGTFIT01590,,unclassified_fitting,LGTLT05536,LGTCON04761;LGTCON04762;LGTCON04763;LGTCON04764;LGTCON04765;LGTCON04766;LGTCON04769;LGTCON04770,reachable,
LGTNET00582,LGTFIT01590,,unclassified_fitting,LGTLT05537,LGTCON04761;LGTCON04762;LGTCON04763;LGTCON04764;LGTCON04765;LGTCON04766;LGTCON04769;LGTCON04772,reachable,
LGTNET00582,LGTFIT01591,,unclassified_fitting,LGTLT05529,LGTCON04774;LGTCON04762;LGTCON04760,reachable,
LGTNET00582,LGTFIT01591,,unclassified_fitting,LGTLT05530,LGTCON04774;LGTCON04762,reachable,
LGTNET00582,LGTFIT01591,,unclassified_fitting,LGTLT05531,LGTCON04774,reachable,
LGTNET00582,LGTFIT01591,,unclassified_fitting,LGTLT05532,LGTCON04774;LGTCON04763,reachable,
LGTNET00582,LGTFIT01591,,unclassified_fitting,LGTLT05533,LGTCON04774;LGTCON04763;LGTCON04764,reachable,
LGTNET00582,LGTFIT01591,,unclassified_fitting,LGTLT05534,LGTCON04774;LGTCON04763;LGTCON04764;LGTCON04765,reachable,
LGTNET00582,LGTFIT01591,,unclassified_fitting,LGTLT05535,LGTCON04774;LGTCON04763;LGTCON04764;LGTCON04765;LGTCON04766;LGTCON04767,reachable,
LGTNET00582,LGTFIT01591,,unclassified_fitting,LGTLT05536,LGTCON04774;LGTCON04763;LGTCON04764;LGTCON04765;LGTCON04766;LGTCON04769;LGTCON04770,reachable,
LGTNET00582,LGTFIT01591,,unclassified_fitting,LGTLT05537,LGTCON04774;LGTCON04763;LGTCON04764;LGTCON04765;LGTCON04766;LGTCON04769;LGTCON04772,reachable,
LGTNET00582,LGTFIT01592,,unclassified_fitting,LGTLT05529,LGTCON04768;LGTCON04766;LGTCON04765;LGTCON04764;LGTCON04763;LGTCON04762;LGTCON04760,reachable,
LGTNET00582,LGTFIT01592,,unclassified_fitting,LGTLT05530,LGTCON04768;LGTCON04766;LGTCON04765;LGTCON04764;LGTCON04763;LGTCON04762,reachable,
LGTNET00582,LGTFIT01592,,unclassified_fitting,LGTLT05531,LGTCON04768;LGTCON04766;LGTCON04765;LGTCON04764;LGTCON04763,reachable,
LGTNET00582,LGTFIT01592,,unclassified_fitting,LGTLT05532,LGTCON04768;LGTCON04766;LGTCON04765;LGTCON04764,reachable,
LGTNET00582,LGTFIT01592,,unclassified_fitting,LGTLT05533,LGTCON04768;LGTCON04766;LGTCON04765,reachable,
LGTNET00582,LGTFIT01592,,unclassified_fitting,LGTLT05534,LGTCON04768;LGTCON04766,reachable,
LGTNET00582,LGTFIT01592,,unclassified_fitting,LGTLT05535,LGTCON04768;LGTCON04767,reachable,
LGTNET00582,LGTFIT01592,,unclassified_fitting,LGTLT05536,LGTCON04768;LGTCON04769;LGTCON04770,reachable,
LGTNET00582,LGTFIT01592,,unclassified_fitting,LGTLT05537,LGTCON04768;LGTCON04769;LGTCON04772,reachable,
LGTNET00582,LGTFIT01593,,unclassified_fitting,LGTLT05529,LGTCON04771;LGTCON04769;LGTCON04766;LGTCON04765;LGTCON04764;LGTCON04763;LGTCON04762;LGTCON04760,reachable,
LGTNET00582,LGTFIT01593,,unclassified_fitting,LGTLT05530,LGTCON04771;LGTCON04769;LGTCON04766;LGTCON04765;LGTCON04764;LGTCON04763;LGTCON04762,reachable,
LGTNET00582,LGTFIT01593,,unclassified_fitting,LGTLT05531,LGTCON04771;LGTCON04769;LGTCON04766;LGTCON04765;LGTCON04764;LGTCON04763,reachable,
LGTNET00582,LGTFIT01593,,unclassified_fitting,LGTLT05532,LGTCON04771;LGTCON04769;LGTCON04766;LGTCON04765;LGTCON04764,reachable,
LGTNET00582,LGTFIT01593,,unclassified_fitting,LGTLT05533,LGTCON04771;LGTCON04769;LGTCON04766;LGTCON04765,reachable,
LGTNET00582,LGTFIT01593,,unclassified_fitting,LGTLT05534,LGTCON04771;LGTCON04769;LGTCON04766,reachable,
LGTNET00582,LGTFIT01593,,unclassified_fitting,LGTLT05535,LGTCON04771;LGTCON04769;LGTCON04767,reachable,
LGTNET00582,LGTFIT01593,,unclassified_fitting,LGTLT05536,LGTCON04771;LGTCON04770,reachable,
LGTNET00582,LGTFIT01593,,unclassified_fitting,LGTLT05537,LGTCON04771;LGTCON04772,reachable,
LGTNET00582,LGTFIT01594,,unclassified_fitting,LGTLT05529,LGTCON04773;LGTCON04772;LGTCON04769;LGTCON04766;LGTCON04765;LGTCON04764;LGTCON04763;LGTCON04762;LGTCON04760,reachable,
LGTNET00582,LGTFIT01594,,unclassified_fitting,LGTLT05530,LGTCON04773;LGTCON04772;LGTCON04769;LGTCON04766;LGTCON04765;LGTCON04764;LGTCON04763;LGTCON04762,reachable,
LGTNET00582,LGTFIT01594,,unclassified_fitting,LGTLT05531,LGTCON04773;LGTCON04772;LGTCON04769;LGTCON04766;LGTCON04765;LGTCON04764;LGTCON04763,reachable,
LGTNET00582,LGTFIT01594,,unclassified_fitting,LGTLT05532,LGTCON04773;LGTCON04772;LGTCON04769;LGTCON04766;LGTCON04765;LGTCON04764,reachable,
LGTNET00582,LGTFIT01594,,unclassified_fitting,LGTLT05533,LGTCON04773;LGTCON04772;LGTCON04769;LGTCON04766;LGTCON04765,reachable,
LGTNET00582,LGTFIT01594,,unclassified_fitting,LGTLT05534,LGTCON04773;LGTCON04772;LGTCON04769;LGTCON04766,reachable,
LGTNET00582,LGTFIT01594,,unclassified_fitting,LGTLT05535,LGTCON04773;LGTCON04772;LGTCON04769;LGTCON04767,reachable,
LGTNET00582,LGTFIT01594,,unclassified_fitting,LGTLT05536,LGTCON04773;LGTCON04772;LGTCON04770,reachable,
LGTNET00582,LGTFIT01594,,unclassified_fitting,LGTLT05537,LGTCON04773,reachable,
LGTNET00587,LGTFIT01606,,unclassified_fitting,LGTLT05579,LGTCON04815;LGTCON04807,reachable,
LGTNET00587,LGTFIT01606,,unclassified_fitting,LGTLT05580,LGTCON04815,reachable,
LGTNET00587,LGTFIT01606,,unclassified_fitting,LGTLT05581,LGTCON04815;LGTCON04808,reachable,
LGTNET00587,LGTFIT01606,,unclassified_fitting,LGTLT05582,LGTCON04815;LGTCON04808;LGTCON04809,reachable,
LGTNET00587,LGTFIT01606,,unclassified_fitting,LGTLT05586,LGTCON04815;LGTCON04808;LGTCON04809;LGTCON04810,reachable,
LGTNET00587,LGTFIT01606,,unclassified_fitting,LGTLT05587,LGTCON04815;LGTCON04807;LGTCON04797;LGTCON04798,reachable,
LGTNET00588,LGTFIT01607,,unclassified_fitting,LGTLT05574,LGTCON04804;LGTCON04803;LGTCON04802;LGTCON04801,reachable,
LGTNET00588,LGTFIT01607,,unclassified_fitting,LGTLT05575,LGTCON04804,reachable,
LGTNET00588,LGTFIT01607,,unclassified_fitting,LGTLT05577,LGTCON04804;LGTCON04803;LGTCON04802;LGTCON04801;LGTCON04800,reachable,
LGTNET00588,LGTFIT01607,,unclassified_fitting,LGTLT05578,LGTCON04804;LGTCON04803;LGTCON04802,reachable,
LGTNET00588,LGTFIT01607,,unclassified_fitting,LGTLT05583,LGTCON04804;LGTCON04803,reachable,
LGTNET00591,LGTFIT01610,,unclassified_fitting,LGTLT05607,LGTCON04840;LGTCON04841;LGTCON04842;LGTCON04843;LGTCON04845,reachable,
LGTNET00591,LGTFIT01610,,unclassified_fitting,LGTLT05615,LGTCON04840,reachable,
LGTNET00591,LGTFIT01610,,unclassified_fitting,LGTLT05616,LGTCON04840;LGTCON04841,reachable,
LGTNET00591,LGTFIT01610,,unclassified_fitting,LGTLT05617,LGTCON04840;LGTCON04841;LGTCON04842,reachable,
LGTNET00591,LGTFIT01610,,unclassified_fitting,LGTLT05618,LGTCON04840;LGTCON04841;LGTCON04842;LGTCON04843;LGTCON04844,reachable,
LGTNET00591,LGTFIT01611,,unclassified_fitting,LGTLT05607,LGTCON04846,reachable,
LGTNET00591,LGTFIT01611,,unclassified_fitting,LGTLT05615,LGTCON04846;LGTCON04845;LGTCON04843;LGTCON04842;LGTCON04841,reachable,
LGTNET00591,LGTFIT01611,,unclassified_fitting,LGTLT05616,LGTCON04846;LGTCON04845;LGTCON04843;LGTCON04842,reachable,
LGTNET00591,LGTFIT01611,,unclassified_fitting,LGTLT05617,LGTCON04846;LGTCON04845;LGTCON04843,reachable,
LGTNET00591,LGTFIT01611,,unclassified_fitting,LGTLT05618,LGTCON04846;LGTCON04845;LGTCON04844,reachable,
LGTNET00593,LGTFIT01615,,unclassified_fitting,LGTLT05624,LGTCON04850,reachable,
LGTNET00593,LGTFIT01616,,unclassified_fitting,LGTLT05624,LGTCON04849,reachable,
LGTNET00597,LGTFIT01617,,unclassified_fitting,LGTLT05630,LGTCON04856;LGTCON04855;LGTCON04854;LGTCON04853;LGTCON04852,reachable,
LGTNET00597,LGTFIT01617,,unclassified_fitting,LGTLT05631,LGTCON04856;LGTCON04855;LGTCON04854;LGTCON04853,reachable,
LGTNET00597,LGTFIT01617,,unclassified_fitting,LGTLT05632,LGTCON04856;LGTCON04855;LGTCON04854,reachable,
LGTNET00597,LGTFIT01617,,unclassified_fitting,LGTLT05633,LGTCON04856,reachable,
LGTNET00597,LGTFIT01617,,unclassified_fitting,LGTLT05634,LGTCON04856;LGTCON04855,reachable,
LGTNET00597,LGTFIT01618,,unclassified_fitting,LGTLT05630,LGTCON04851,reachable,
LGTNET00597,LGTFIT01618,,unclassified_fitting,LGTLT05631,LGTCON04851;LGTCON04852,reachable,
LGTNET00597,LGTFIT01618,,unclassified_fitting,LGTLT05632,LGTCON04851;LGTCON04852;LGTCON04853,reachable,
LGTNET00597,LGTFIT01618,,unclassified_fitting,LGTLT05633,LGTCON04851;LGTCON04852;LGTCON04853;LGTCON04854;LGTCON04855,reachable,
LGTNET00597,LGTFIT01618,,unclassified_fitting,LGTLT05634,LGTCON04851;LGTCON04852;LGTCON04853;LGTCON04854,reachable,
